<?xml version="1.0" encoding="UTF-8"?>
<gpx version="1.1" creator="Suunto Vertical (via suuntool)" xmlns="http://www.topografix.com/GPX/1/1" xmlns:gpxtpx="http://www.garmin.com/xmlschemas/TrackPointExtension/v1" xmlns:xsi="http://www.w3.org/2001/XMLSchema-instance" xsi:schemaLocation="http://www.topografix.com/GPX/1/1 http://www.topografix.com/GPX/1/1/gpx.xsd">
  <metadata><name>Mt Watatic trail run</name><time>2025-11-22T15:47:41.320Z</time></metadata>
  <trk>
    <name>Mt Watatic trail run</name>
    <type>trail_running</type>
    <trkseg>
      <trkpt lat="42.6972633" lon="-71.9044217"><ele>385.0</ele><time>2025-11-22T15:47:42.000Z</time><extensions><gpxtpx:TrackPointExtension><gpxtpx:hr>86</gpxtpx:hr><gpxtpx:cad>62</gpxtpx:cad><gpxtpx:atemp>26.0</gpxtpx:atemp></gpxtpx:TrackPointExtension></extensions></trkpt>
      <trkpt lat="42.6972833" lon="-71.9044267"><ele>385.0</ele><time>2025-11-22T15:47:44.000Z</time><extensions><gpxtpx:TrackPointExtension><gpxtpx:hr>86</gpxtpx:hr><gpxtpx:cad>62</gpxtpx:cad><gpxtpx:atemp>26.0</gpxtpx:atemp></gpxtpx:TrackPointExtension></extensions></trkpt>
      <trkpt lat="42.6973067" lon="-71.9044333"><ele>385.0</ele><time>2025-11-22T15:47:46.000Z</time><extensions><gpxtpx:TrackPointExtension><gpxtpx:hr>89</gpxtpx:hr><gpxtpx:cad>62</gpxtpx:cad><gpxtpx:atemp>26.0</gpxtpx:atemp></gpxtpx:TrackPointExtension></extensions></trkpt>
      <trkpt lat="42.6973267" lon="-71.9044483"><ele>384.8</ele><time>2025-11-22T15:47:48.000Z</time><extensions><gpxtpx:TrackPointExtension><gpxtpx:hr>93</gpxtpx:hr><gpxtpx:cad>62</gpxtpx:cad><gpxtpx:atemp>26.0</gpxtpx:atemp></gpxtpx:TrackPointExtension></extensions></trkpt>
      <trkpt lat="42.6973517" lon="-71.9044600"><ele>384.8</ele><time>2025-11-22T15:47:50.000Z</time><extensions><gpxtpx:TrackPointExtension><gpxtpx:hr>96</gpxtpx:hr><gpxtpx:cad>62</gpxtpx:cad><gpxtpx:atemp>26.0</gpxtpx:atemp></gpxtpx:TrackPointExtension></extensions></trkpt>
      <trkpt lat="42.6973750" lon="-71.9044650"><ele>384.8</ele><time>2025-11-22T15:47:52.000Z</time><extensions><gpxtpx:TrackPointExtension><gpxtpx:hr>96</gpxtpx:hr><gpxtpx:cad>63</gpxtpx:cad><gpxtpx:atemp>25.9</gpxtpx:atemp></gpxtpx:TrackPointExtension></extensions></trkpt>
      <trkpt lat="42.6974067" lon="-71.9044783"><ele>384.6</ele><time>2025-11-22T15:47:54.000Z</time><extensions><gpxtpx:TrackPointExtension><gpxtpx:hr>93</gpxtpx:hr><gpxtpx:cad>63</gpxtpx:cad><gpxtpx:atemp>25.9</gpxtpx:atemp></gpxtpx:TrackPointExtension></extensions></trkpt>
      <trkpt lat="42.6974300" lon="-71.9044883"><ele>384.6</ele><time>2025-11-22T15:47:56.000Z</time><extensions><gpxtpx:TrackPointExtension><gpxtpx:hr>92</gpxtpx:hr><gpxtpx:cad>64</gpxtpx:cad><gpxtpx:atemp>25.8</gpxtpx:atemp></gpxtpx:TrackPointExtension></extensions></trkpt>
      <trkpt lat="42.6974550" lon="-71.9044900"><ele>384.6</ele><time>2025-11-22T15:47:58.000Z</time><extensions><gpxtpx:TrackPointExtension><gpxtpx:hr>93</gpxtpx:hr><gpxtpx:cad>64</gpxtpx:cad><gpxtpx:atemp>25.8</gpxtpx:atemp></gpxtpx:TrackPointExtension></extensions></trkpt>
      <trkpt lat="42.6974817" lon="-71.9044967"><ele>384.4</ele><time>2025-11-22T15:48:00.000Z</time><extensions><gpxtpx:TrackPointExtension><gpxtpx:hr>97</gpxtpx:hr><gpxtpx:cad>64</gpxtpx:cad><gpxtpx:atemp>25.7</gpxtpx:atemp></gpxtpx:TrackPointExtension></extensions></trkpt>
      <trkpt lat="42.6975100" lon="-71.9045067"><ele>384.4</ele><time>2025-11-22T15:48:02.000Z</time><extensions><gpxtpx:TrackPointExtension><gpxtpx:hr>95</gpxtpx:hr><gpxtpx:cad>64</gpxtpx:cad><gpxtpx:atemp>25.6</gpxtpx:atemp></gpxtpx:TrackPointExtension></extensions></trkpt>
      <trkpt lat="42.6975350" lon="-71.9045183"><ele>384.4</ele><time>2025-11-22T15:48:04.000Z</time><extensions><gpxtpx:TrackPointExtension><gpxtpx:hr>93</gpxtpx:hr><gpxtpx:cad>64</gpxtpx:cad><gpxtpx:atemp>25.6</gpxtpx:atemp></gpxtpx:TrackPointExtension></extensions></trkpt>
      <trkpt lat="42.6975567" lon="-71.9045350"><ele>384.4</ele><time>2025-11-22T15:48:06.000Z</time><extensions><gpxtpx:TrackPointExtension><gpxtpx:hr>95</gpxtpx:hr><gpxtpx:cad>64</gpxtpx:cad><gpxtpx:atemp>25.5</gpxtpx:atemp></gpxtpx:TrackPointExtension></extensions></trkpt>
      <trkpt lat="42.6975817" lon="-71.9045467"><ele>384.4</ele><time>2025-11-22T15:48:08.000Z</time><extensions><gpxtpx:TrackPointExtension><gpxtpx:hr>96</gpxtpx:hr><gpxtpx:cad>64</gpxtpx:cad><gpxtpx:atemp>25.4</gpxtpx:atemp></gpxtpx:TrackPointExtension></extensions></trkpt>
      <trkpt lat="42.6976083" lon="-71.9045567"><ele>384.4</ele><time>2025-11-22T15:48:10.000Z</time><extensions><gpxtpx:TrackPointExtension><gpxtpx:hr>94</gpxtpx:hr><gpxtpx:cad>64</gpxtpx:cad><gpxtpx:atemp>25.3</gpxtpx:atemp></gpxtpx:TrackPointExtension></extensions></trkpt>
      <trkpt lat="42.6976367" lon="-71.9045750"><ele>384.4</ele><time>2025-11-22T15:48:12.000Z</time><extensions><gpxtpx:TrackPointExtension><gpxtpx:hr>90</gpxtpx:hr><gpxtpx:cad>64</gpxtpx:cad><gpxtpx:atemp>25.2</gpxtpx:atemp></gpxtpx:TrackPointExtension></extensions></trkpt>
      <trkpt lat="42.6976633" lon="-71.9045917"><ele>384.4</ele><time>2025-11-22T15:48:14.000Z</time><extensions><gpxtpx:TrackPointExtension><gpxtpx:hr>88</gpxtpx:hr><gpxtpx:cad>64</gpxtpx:cad><gpxtpx:atemp>25.1</gpxtpx:atemp></gpxtpx:TrackPointExtension></extensions></trkpt>
      <trkpt lat="42.6976900" lon="-71.9045950"><ele>384.4</ele><time>2025-11-22T15:48:16.000Z</time><extensions><gpxtpx:TrackPointExtension><gpxtpx:hr>90</gpxtpx:hr><gpxtpx:cad>64</gpxtpx:cad><gpxtpx:atemp>25.1</gpxtpx:atemp></gpxtpx:TrackPointExtension></extensions></trkpt>
      <trkpt lat="42.6977217" lon="-71.9045950"><ele>384.4</ele><time>2025-11-22T15:48:18.000Z</time><extensions><gpxtpx:TrackPointExtension><gpxtpx:hr>90</gpxtpx:hr><gpxtpx:cad>64</gpxtpx:cad><gpxtpx:atemp>25.0</gpxtpx:atemp></gpxtpx:TrackPointExtension></extensions></trkpt>
      <trkpt lat="42.6977500" lon="-71.9046033"><ele>384.6</ele><time>2025-11-22T15:48:20.000Z</time><extensions><gpxtpx:TrackPointExtension><gpxtpx:hr>88</gpxtpx:hr><gpxtpx:cad>64</gpxtpx:cad><gpxtpx:atemp>24.9</gpxtpx:atemp></gpxtpx:TrackPointExtension></extensions></trkpt>
      <trkpt lat="42.6977783" lon="-71.9046083"><ele>384.6</ele><time>2025-11-22T15:48:22.000Z</time><extensions><gpxtpx:TrackPointExtension><gpxtpx:hr>87</gpxtpx:hr><gpxtpx:cad>64</gpxtpx:cad><gpxtpx:atemp>24.8</gpxtpx:atemp></gpxtpx:TrackPointExtension></extensions></trkpt>
      <trkpt lat="42.6978033" lon="-71.9046250"><ele>384.8</ele><time>2025-11-22T15:48:24.000Z</time><extensions><gpxtpx:TrackPointExtension><gpxtpx:hr>88</gpxtpx:hr><gpxtpx:cad>64</gpxtpx:cad><gpxtpx:atemp>24.7</gpxtpx:atemp></gpxtpx:TrackPointExtension></extensions></trkpt>
      <trkpt lat="42.6978267" lon="-71.9046350"><ele>385.0</ele><time>2025-11-22T15:48:26.000Z</time><extensions><gpxtpx:TrackPointExtension><gpxtpx:hr>90</gpxtpx:hr><gpxtpx:cad>64</gpxtpx:cad><gpxtpx:atemp>24.6</gpxtpx:atemp></gpxtpx:TrackPointExtension></extensions></trkpt>
      <trkpt lat="42.6978467" lon="-71.9046417"><ele>385.0</ele><time>2025-11-22T15:48:28.000Z</time><extensions><gpxtpx:TrackPointExtension><gpxtpx:hr>90</gpxtpx:hr><gpxtpx:cad>64</gpxtpx:cad><gpxtpx:atemp>24.6</gpxtpx:atemp></gpxtpx:TrackPointExtension></extensions></trkpt>
      <trkpt lat="42.6978650" lon="-71.9046633"><ele>385.0</ele><time>2025-11-22T15:48:30.000Z</time><extensions><gpxtpx:TrackPointExtension><gpxtpx:hr>87</gpxtpx:hr><gpxtpx:cad>64</gpxtpx:cad><gpxtpx:atemp>24.5</gpxtpx:atemp></gpxtpx:TrackPointExtension></extensions></trkpt>
      <trkpt lat="42.6978950" lon="-71.9046833"><ele>385.0</ele><time>2025-11-22T15:48:33.000Z</time><extensions><gpxtpx:TrackPointExtension><gpxtpx:hr>90</gpxtpx:hr><gpxtpx:cad>65</gpxtpx:cad><gpxtpx:atemp>24.4</gpxtpx:atemp></gpxtpx:TrackPointExtension></extensions></trkpt>
      <trkpt lat="42.6979067" lon="-71.9046917"><ele>384.8</ele><time>2025-11-22T15:48:34.000Z</time><extensions><gpxtpx:TrackPointExtension><gpxtpx:hr>93</gpxtpx:hr><gpxtpx:cad>65</gpxtpx:cad><gpxtpx:atemp>24.3</gpxtpx:atemp></gpxtpx:TrackPointExtension></extensions></trkpt>
      <trkpt lat="42.6979300" lon="-71.9047067"><ele>384.6</ele><time>2025-11-22T15:48:36.000Z</time><extensions><gpxtpx:TrackPointExtension><gpxtpx:hr>96</gpxtpx:hr><gpxtpx:cad>65</gpxtpx:cad><gpxtpx:atemp>24.2</gpxtpx:atemp></gpxtpx:TrackPointExtension></extensions></trkpt>
      <trkpt lat="42.6979583" lon="-71.9047133"><ele>384.2</ele><time>2025-11-22T15:48:38.000Z</time><extensions><gpxtpx:TrackPointExtension><gpxtpx:hr>93</gpxtpx:hr><gpxtpx:cad>65</gpxtpx:cad><gpxtpx:atemp>24.2</gpxtpx:atemp></gpxtpx:TrackPointExtension></extensions></trkpt>
      <trkpt lat="42.6979833" lon="-71.9047150"><ele>384.0</ele><time>2025-11-22T15:48:40.000Z</time><extensions><gpxtpx:TrackPointExtension><gpxtpx:hr>93</gpxtpx:hr><gpxtpx:cad>65</gpxtpx:cad><gpxtpx:atemp>24.1</gpxtpx:atemp></gpxtpx:TrackPointExtension></extensions></trkpt>
      <trkpt lat="42.6980050" lon="-71.9047200"><ele>383.8</ele><time>2025-11-22T15:48:42.000Z</time><extensions><gpxtpx:TrackPointExtension><gpxtpx:hr>92</gpxtpx:hr><gpxtpx:cad>64</gpxtpx:cad><gpxtpx:atemp>24.0</gpxtpx:atemp></gpxtpx:TrackPointExtension></extensions></trkpt>
      <trkpt lat="42.6980300" lon="-71.9047300"><ele>383.6</ele><time>2025-11-22T15:48:44.000Z</time><extensions><gpxtpx:TrackPointExtension><gpxtpx:hr>90</gpxtpx:hr><gpxtpx:cad>64</gpxtpx:cad><gpxtpx:atemp>24.0</gpxtpx:atemp></gpxtpx:TrackPointExtension></extensions></trkpt>
      <trkpt lat="42.6980500" lon="-71.9047383"><ele>383.4</ele><time>2025-11-22T15:48:46.000Z</time><extensions><gpxtpx:TrackPointExtension><gpxtpx:hr>86</gpxtpx:hr><gpxtpx:cad>64</gpxtpx:cad><gpxtpx:atemp>23.9</gpxtpx:atemp></gpxtpx:TrackPointExtension></extensions></trkpt>
      <trkpt lat="42.6980700" lon="-71.9047500"><ele>383.2</ele><time>2025-11-22T15:48:48.000Z</time><extensions><gpxtpx:TrackPointExtension><gpxtpx:hr>88</gpxtpx:hr><gpxtpx:cad>64</gpxtpx:cad><gpxtpx:atemp>23.8</gpxtpx:atemp></gpxtpx:TrackPointExtension></extensions></trkpt>
      <trkpt lat="42.6980900" lon="-71.9047650"><ele>383.2</ele><time>2025-11-22T15:48:50.000Z</time><extensions><gpxtpx:TrackPointExtension><gpxtpx:hr>88</gpxtpx:hr><gpxtpx:cad>64</gpxtpx:cad><gpxtpx:atemp>23.8</gpxtpx:atemp></gpxtpx:TrackPointExtension></extensions></trkpt>
      <trkpt lat="42.6981117" lon="-71.9047750"><ele>383.2</ele><time>2025-11-22T15:48:52.000Z</time><extensions><gpxtpx:TrackPointExtension><gpxtpx:hr>91</gpxtpx:hr><gpxtpx:cad>64</gpxtpx:cad><gpxtpx:atemp>23.7</gpxtpx:atemp></gpxtpx:TrackPointExtension></extensions></trkpt>
      <trkpt lat="42.6981317" lon="-71.9047900"><ele>383.0</ele><time>2025-11-22T15:48:54.000Z</time><extensions><gpxtpx:TrackPointExtension><gpxtpx:hr>88</gpxtpx:hr><gpxtpx:cad>64</gpxtpx:cad><gpxtpx:atemp>23.7</gpxtpx:atemp></gpxtpx:TrackPointExtension></extensions></trkpt>
      <trkpt lat="42.6981550" lon="-71.9048000"><ele>383.0</ele><time>2025-11-22T15:48:56.000Z</time><extensions><gpxtpx:TrackPointExtension><gpxtpx:hr>87</gpxtpx:hr><gpxtpx:cad>64</gpxtpx:cad><gpxtpx:atemp>23.6</gpxtpx:atemp></gpxtpx:TrackPointExtension></extensions></trkpt>
      <trkpt lat="42.6981800" lon="-71.9048117"><ele>383.0</ele><time>2025-11-22T15:48:58.000Z</time><extensions><gpxtpx:TrackPointExtension><gpxtpx:hr>89</gpxtpx:hr><gpxtpx:cad>64</gpxtpx:cad><gpxtpx:atemp>23.6</gpxtpx:atemp></gpxtpx:TrackPointExtension></extensions></trkpt>
      <trkpt lat="42.6982050" lon="-71.9048250"><ele>383.2</ele><time>2025-11-22T15:49:00.000Z</time><extensions><gpxtpx:TrackPointExtension><gpxtpx:hr>91</gpxtpx:hr><gpxtpx:cad>64</gpxtpx:cad><gpxtpx:atemp>23.5</gpxtpx:atemp></gpxtpx:TrackPointExtension></extensions></trkpt>
      <trkpt lat="42.6982283" lon="-71.9048300"><ele>383.2</ele><time>2025-11-22T15:49:02.000Z</time><extensions><gpxtpx:TrackPointExtension><gpxtpx:hr>93</gpxtpx:hr><gpxtpx:cad>64</gpxtpx:cad><gpxtpx:atemp>23.5</gpxtpx:atemp></gpxtpx:TrackPointExtension></extensions></trkpt>
      <trkpt lat="42.6982567" lon="-71.9048317"><ele>383.2</ele><time>2025-11-22T15:49:04.000Z</time><extensions><gpxtpx:TrackPointExtension><gpxtpx:hr>92</gpxtpx:hr><gpxtpx:cad>65</gpxtpx:cad><gpxtpx:atemp>23.4</gpxtpx:atemp></gpxtpx:TrackPointExtension></extensions></trkpt>
      <trkpt lat="42.6982800" lon="-71.9048333"><ele>383.2</ele><time>2025-11-22T15:49:06.000Z</time><extensions><gpxtpx:TrackPointExtension><gpxtpx:hr>92</gpxtpx:hr><gpxtpx:cad>65</gpxtpx:cad><gpxtpx:atemp>23.4</gpxtpx:atemp></gpxtpx:TrackPointExtension></extensions></trkpt>
      <trkpt lat="42.6983067" lon="-71.9048367"><ele>383.2</ele><time>2025-11-22T15:49:08.000Z</time><extensions><gpxtpx:TrackPointExtension><gpxtpx:hr>90</gpxtpx:hr><gpxtpx:cad>65</gpxtpx:cad><gpxtpx:atemp>23.3</gpxtpx:atemp></gpxtpx:TrackPointExtension></extensions></trkpt>
      <trkpt lat="42.6983317" lon="-71.9048433"><ele>383.2</ele><time>2025-11-22T15:49:10.000Z</time><extensions><gpxtpx:TrackPointExtension><gpxtpx:hr>85</gpxtpx:hr><gpxtpx:cad>65</gpxtpx:cad><gpxtpx:atemp>23.3</gpxtpx:atemp></gpxtpx:TrackPointExtension></extensions></trkpt>
      <trkpt lat="42.6983533" lon="-71.9048483"><ele>383.2</ele><time>2025-11-22T15:49:12.000Z</time><extensions><gpxtpx:TrackPointExtension><gpxtpx:hr>86</gpxtpx:hr><gpxtpx:cad>65</gpxtpx:cad><gpxtpx:atemp>23.2</gpxtpx:atemp></gpxtpx:TrackPointExtension></extensions></trkpt>
      <trkpt lat="42.6983783" lon="-71.9048517"><ele>383.2</ele><time>2025-11-22T15:49:14.000Z</time><extensions><gpxtpx:TrackPointExtension><gpxtpx:hr>87</gpxtpx:hr><gpxtpx:cad>64</gpxtpx:cad><gpxtpx:atemp>23.2</gpxtpx:atemp></gpxtpx:TrackPointExtension></extensions></trkpt>
      <trkpt lat="42.6984067" lon="-71.9048533"><ele>383.2</ele><time>2025-11-22T15:49:16.000Z</time><extensions><gpxtpx:TrackPointExtension><gpxtpx:hr>91</gpxtpx:hr><gpxtpx:cad>63</gpxtpx:cad><gpxtpx:atemp>23.2</gpxtpx:atemp></gpxtpx:TrackPointExtension></extensions></trkpt>
      <trkpt lat="42.6984300" lon="-71.9048617"><ele>383.2</ele><time>2025-11-22T15:49:18.000Z</time><extensions><gpxtpx:TrackPointExtension><gpxtpx:hr>91</gpxtpx:hr><gpxtpx:cad>63</gpxtpx:cad><gpxtpx:atemp>23.1</gpxtpx:atemp></gpxtpx:TrackPointExtension></extensions></trkpt>
      <trkpt lat="42.6984500" lon="-71.9048717"><ele>383.2</ele><time>2025-11-22T15:49:20.000Z</time><extensions><gpxtpx:TrackPointExtension><gpxtpx:hr>92</gpxtpx:hr><gpxtpx:cad>63</gpxtpx:cad><gpxtpx:atemp>23.1</gpxtpx:atemp></gpxtpx:TrackPointExtension></extensions></trkpt>
      <trkpt lat="42.6984767" lon="-71.9048783"><ele>383.2</ele><time>2025-11-22T15:49:22.000Z</time><extensions><gpxtpx:TrackPointExtension><gpxtpx:hr>95</gpxtpx:hr><gpxtpx:cad>63</gpxtpx:cad><gpxtpx:atemp>23.0</gpxtpx:atemp></gpxtpx:TrackPointExtension></extensions></trkpt>
      <trkpt lat="42.6984983" lon="-71.9048900"><ele>383.0</ele><time>2025-11-22T15:49:24.000Z</time><extensions><gpxtpx:TrackPointExtension><gpxtpx:hr>100</gpxtpx:hr><gpxtpx:cad>63</gpxtpx:cad><gpxtpx:atemp>23.0</gpxtpx:atemp></gpxtpx:TrackPointExtension></extensions></trkpt>
      <trkpt lat="42.6985250" lon="-71.9048917"><ele>383.2</ele><time>2025-11-22T15:49:26.000Z</time><extensions><gpxtpx:TrackPointExtension><gpxtpx:hr>98</gpxtpx:hr><gpxtpx:cad>63</gpxtpx:cad><gpxtpx:atemp>22.9</gpxtpx:atemp></gpxtpx:TrackPointExtension></extensions></trkpt>
      <trkpt lat="42.6985467" lon="-71.9048933"><ele>383.2</ele><time>2025-11-22T15:49:28.000Z</time><extensions><gpxtpx:TrackPointExtension><gpxtpx:hr>97</gpxtpx:hr><gpxtpx:cad>63</gpxtpx:cad><gpxtpx:atemp>22.9</gpxtpx:atemp></gpxtpx:TrackPointExtension></extensions></trkpt>
      <trkpt lat="42.6985667" lon="-71.9049050"><ele>383.2</ele><time>2025-11-22T15:49:30.000Z</time><extensions><gpxtpx:TrackPointExtension><gpxtpx:hr>96</gpxtpx:hr><gpxtpx:cad>62</gpxtpx:cad><gpxtpx:atemp>22.8</gpxtpx:atemp></gpxtpx:TrackPointExtension></extensions></trkpt>
      <trkpt lat="42.6985917" lon="-71.9049200"><ele>383.2</ele><time>2025-11-22T15:49:32.000Z</time><extensions><gpxtpx:TrackPointExtension><gpxtpx:hr>102</gpxtpx:hr><gpxtpx:cad>62</gpxtpx:cad><gpxtpx:atemp>22.8</gpxtpx:atemp></gpxtpx:TrackPointExtension></extensions></trkpt>
      <trkpt lat="42.6986167" lon="-71.9049200"><ele>383.2</ele><time>2025-11-22T15:49:34.000Z</time><extensions><gpxtpx:TrackPointExtension><gpxtpx:hr>101</gpxtpx:hr><gpxtpx:cad>63</gpxtpx:cad><gpxtpx:atemp>22.7</gpxtpx:atemp></gpxtpx:TrackPointExtension></extensions></trkpt>
      <trkpt lat="42.6986483" lon="-71.9049217"><ele>383.2</ele><time>2025-11-22T15:49:36.000Z</time><extensions><gpxtpx:TrackPointExtension><gpxtpx:hr>100</gpxtpx:hr><gpxtpx:cad>63</gpxtpx:cad><gpxtpx:atemp>22.6</gpxtpx:atemp></gpxtpx:TrackPointExtension></extensions></trkpt>
      <trkpt lat="42.6986767" lon="-71.9049300"><ele>383.4</ele><time>2025-11-22T15:49:38.000Z</time><extensions><gpxtpx:TrackPointExtension><gpxtpx:hr>101</gpxtpx:hr><gpxtpx:cad>63</gpxtpx:cad><gpxtpx:atemp>22.6</gpxtpx:atemp></gpxtpx:TrackPointExtension></extensions></trkpt>
      <trkpt lat="42.6987033" lon="-71.9049350"><ele>383.4</ele><time>2025-11-22T15:49:40.000Z</time><extensions><gpxtpx:TrackPointExtension><gpxtpx:hr>101</gpxtpx:hr><gpxtpx:cad>64</gpxtpx:cad><gpxtpx:atemp>22.5</gpxtpx:atemp></gpxtpx:TrackPointExtension></extensions></trkpt>
      <trkpt lat="42.6987250" lon="-71.9049350"><ele>383.4</ele><time>2025-11-22T15:49:42.000Z</time><extensions><gpxtpx:TrackPointExtension><gpxtpx:hr>100</gpxtpx:hr><gpxtpx:cad>64</gpxtpx:cad><gpxtpx:atemp>22.5</gpxtpx:atemp></gpxtpx:TrackPointExtension></extensions></trkpt>
      <trkpt lat="42.6987583" lon="-71.9049317"><ele>383.4</ele><time>2025-11-22T15:49:44.000Z</time><extensions><gpxtpx:TrackPointExtension><gpxtpx:hr>102</gpxtpx:hr><gpxtpx:cad>64</gpxtpx:cad><gpxtpx:atemp>22.4</gpxtpx:atemp></gpxtpx:TrackPointExtension></extensions></trkpt>
      <trkpt lat="42.6987800" lon="-71.9049267"><ele>383.4</ele><time>2025-11-22T15:49:46.000Z</time><extensions><gpxtpx:TrackPointExtension><gpxtpx:hr>104</gpxtpx:hr><gpxtpx:cad>64</gpxtpx:cad><gpxtpx:atemp>22.3</gpxtpx:atemp></gpxtpx:TrackPointExtension></extensions></trkpt>
      <trkpt lat="42.6988050" lon="-71.9049183"><ele>383.4</ele><time>2025-11-22T15:49:48.000Z</time><extensions><gpxtpx:TrackPointExtension><gpxtpx:hr>105</gpxtpx:hr><gpxtpx:cad>64</gpxtpx:cad><gpxtpx:atemp>22.2</gpxtpx:atemp></gpxtpx:TrackPointExtension></extensions></trkpt>
      <trkpt lat="42.6988333" lon="-71.9049067"><ele>383.6</ele><time>2025-11-22T15:49:50.000Z</time><extensions><gpxtpx:TrackPointExtension><gpxtpx:hr>107</gpxtpx:hr><gpxtpx:cad>64</gpxtpx:cad><gpxtpx:atemp>22.2</gpxtpx:atemp></gpxtpx:TrackPointExtension></extensions></trkpt>
      <trkpt lat="42.6988600" lon="-71.9048933"><ele>383.6</ele><time>2025-11-22T15:49:52.000Z</time><extensions><gpxtpx:TrackPointExtension><gpxtpx:hr>108</gpxtpx:hr><gpxtpx:cad>64</gpxtpx:cad><gpxtpx:atemp>22.1</gpxtpx:atemp></gpxtpx:TrackPointExtension></extensions></trkpt>
      <trkpt lat="42.6988833" lon="-71.9048817"><ele>383.6</ele><time>2025-11-22T15:49:54.000Z</time><extensions><gpxtpx:TrackPointExtension><gpxtpx:hr>105</gpxtpx:hr><gpxtpx:cad>64</gpxtpx:cad><gpxtpx:atemp>22.1</gpxtpx:atemp></gpxtpx:TrackPointExtension></extensions></trkpt>
      <trkpt lat="42.6989067" lon="-71.9048717"><ele>383.8</ele><time>2025-11-22T15:49:56.000Z</time><extensions><gpxtpx:TrackPointExtension><gpxtpx:hr>106</gpxtpx:hr><gpxtpx:cad>65</gpxtpx:cad><gpxtpx:atemp>22.0</gpxtpx:atemp></gpxtpx:TrackPointExtension></extensions></trkpt>
      <trkpt lat="42.6989350" lon="-71.9048600"><ele>384.0</ele><time>2025-11-22T15:49:58.000Z</time><extensions><gpxtpx:TrackPointExtension><gpxtpx:hr>106</gpxtpx:hr><gpxtpx:cad>65</gpxtpx:cad><gpxtpx:atemp>22.0</gpxtpx:atemp></gpxtpx:TrackPointExtension></extensions></trkpt>
      <trkpt lat="42.6989650" lon="-71.9048500"><ele>384.0</ele><time>2025-11-22T15:50:00.000Z</time><extensions><gpxtpx:TrackPointExtension><gpxtpx:hr>105</gpxtpx:hr><gpxtpx:cad>65</gpxtpx:cad><gpxtpx:atemp>21.9</gpxtpx:atemp></gpxtpx:TrackPointExtension></extensions></trkpt>
      <trkpt lat="42.6989950" lon="-71.9048417"><ele>384.0</ele><time>2025-11-22T15:50:02.000Z</time><extensions><gpxtpx:TrackPointExtension><gpxtpx:hr>103</gpxtpx:hr><gpxtpx:cad>65</gpxtpx:cad><gpxtpx:atemp>21.8</gpxtpx:atemp></gpxtpx:TrackPointExtension></extensions></trkpt>
      <trkpt lat="42.6990250" lon="-71.9048367"><ele>384.0</ele><time>2025-11-22T15:50:05.000Z</time><extensions><gpxtpx:TrackPointExtension><gpxtpx:hr>104</gpxtpx:hr><gpxtpx:cad>65</gpxtpx:cad><gpxtpx:atemp>21.8</gpxtpx:atemp></gpxtpx:TrackPointExtension></extensions></trkpt>
      <trkpt lat="42.6990533" lon="-71.9048400"><ele>384.0</ele><time>2025-11-22T15:50:07.000Z</time><extensions><gpxtpx:TrackPointExtension><gpxtpx:hr>105</gpxtpx:hr><gpxtpx:cad>65</gpxtpx:cad><gpxtpx:atemp>21.7</gpxtpx:atemp></gpxtpx:TrackPointExtension></extensions></trkpt>
      <trkpt lat="42.6990800" lon="-71.9048250"><ele>384.2</ele><time>2025-11-22T15:50:09.000Z</time><extensions><gpxtpx:TrackPointExtension><gpxtpx:hr>109</gpxtpx:hr><gpxtpx:cad>65</gpxtpx:cad><gpxtpx:atemp>21.7</gpxtpx:atemp></gpxtpx:TrackPointExtension></extensions></trkpt>
      <trkpt lat="42.6990983" lon="-71.9048183"><ele>384.2</ele><time>2025-11-22T15:50:10.000Z</time><extensions><gpxtpx:TrackPointExtension><gpxtpx:hr>109</gpxtpx:hr><gpxtpx:cad>65</gpxtpx:cad><gpxtpx:atemp>21.6</gpxtpx:atemp></gpxtpx:TrackPointExtension></extensions></trkpt>
      <trkpt lat="42.6991250" lon="-71.9048100"><ele>384.2</ele><time>2025-11-22T15:50:12.000Z</time><extensions><gpxtpx:TrackPointExtension><gpxtpx:hr>108</gpxtpx:hr><gpxtpx:cad>65</gpxtpx:cad><gpxtpx:atemp>21.6</gpxtpx:atemp></gpxtpx:TrackPointExtension></extensions></trkpt>
      <trkpt lat="42.6991517" lon="-71.9048017"><ele>384.2</ele><time>2025-11-22T15:50:14.000Z</time><extensions><gpxtpx:TrackPointExtension><gpxtpx:hr>110</gpxtpx:hr><gpxtpx:cad>65</gpxtpx:cad><gpxtpx:atemp>21.5</gpxtpx:atemp></gpxtpx:TrackPointExtension></extensions></trkpt>
      <trkpt lat="42.6991783" lon="-71.9047883"><ele>384.4</ele><time>2025-11-22T15:50:16.000Z</time><extensions><gpxtpx:TrackPointExtension><gpxtpx:hr>113</gpxtpx:hr><gpxtpx:cad>65</gpxtpx:cad><gpxtpx:atemp>21.4</gpxtpx:atemp></gpxtpx:TrackPointExtension></extensions></trkpt>
      <trkpt lat="42.6992033" lon="-71.9047750"><ele>384.4</ele><time>2025-11-22T15:50:18.000Z</time><extensions><gpxtpx:TrackPointExtension><gpxtpx:hr>113</gpxtpx:hr><gpxtpx:cad>65</gpxtpx:cad><gpxtpx:atemp>21.4</gpxtpx:atemp></gpxtpx:TrackPointExtension></extensions></trkpt>
      <trkpt lat="42.6992283" lon="-71.9047633"><ele>384.6</ele><time>2025-11-22T15:50:20.000Z</time><extensions><gpxtpx:TrackPointExtension><gpxtpx:hr>109</gpxtpx:hr><gpxtpx:cad>65</gpxtpx:cad><gpxtpx:atemp>21.3</gpxtpx:atemp></gpxtpx:TrackPointExtension></extensions></trkpt>
      <trkpt lat="42.6992550" lon="-71.9047567"><ele>384.6</ele><time>2025-11-22T15:50:22.000Z</time><extensions><gpxtpx:TrackPointExtension><gpxtpx:hr>110</gpxtpx:hr><gpxtpx:cad>65</gpxtpx:cad><gpxtpx:atemp>21.2</gpxtpx:atemp></gpxtpx:TrackPointExtension></extensions></trkpt>
      <trkpt lat="42.6992783" lon="-71.9047450"><ele>384.8</ele><time>2025-11-22T15:50:24.000Z</time><extensions><gpxtpx:TrackPointExtension><gpxtpx:hr>113</gpxtpx:hr><gpxtpx:cad>64</gpxtpx:cad><gpxtpx:atemp>21.2</gpxtpx:atemp></gpxtpx:TrackPointExtension></extensions></trkpt>
      <trkpt lat="42.6993033" lon="-71.9047333"><ele>384.8</ele><time>2025-11-22T15:50:26.000Z</time><extensions><gpxtpx:TrackPointExtension><gpxtpx:hr>114</gpxtpx:hr><gpxtpx:cad>63</gpxtpx:cad><gpxtpx:atemp>21.2</gpxtpx:atemp></gpxtpx:TrackPointExtension></extensions></trkpt>
      <trkpt lat="42.6993283" lon="-71.9047233"><ele>385.0</ele><time>2025-11-22T15:50:28.000Z</time><extensions><gpxtpx:TrackPointExtension><gpxtpx:hr>116</gpxtpx:hr><gpxtpx:cad>62</gpxtpx:cad><gpxtpx:atemp>21.1</gpxtpx:atemp></gpxtpx:TrackPointExtension></extensions></trkpt>
      <trkpt lat="42.6993517" lon="-71.9047100"><ele>385.0</ele><time>2025-11-22T15:50:30.000Z</time><extensions><gpxtpx:TrackPointExtension><gpxtpx:hr>116</gpxtpx:hr><gpxtpx:cad>60</gpxtpx:cad><gpxtpx:atemp>21.0</gpxtpx:atemp></gpxtpx:TrackPointExtension></extensions></trkpt>
      <trkpt lat="42.6993717" lon="-71.9046967"><ele>385.2</ele><time>2025-11-22T15:50:32.000Z</time><extensions><gpxtpx:TrackPointExtension><gpxtpx:hr>114</gpxtpx:hr><gpxtpx:cad>59</gpxtpx:cad><gpxtpx:atemp>21.0</gpxtpx:atemp></gpxtpx:TrackPointExtension></extensions></trkpt>
      <trkpt lat="42.6993917" lon="-71.9046850"><ele>385.4</ele><time>2025-11-22T15:50:34.000Z</time><extensions><gpxtpx:TrackPointExtension><gpxtpx:hr>114</gpxtpx:hr><gpxtpx:cad>59</gpxtpx:cad><gpxtpx:atemp>21.0</gpxtpx:atemp></gpxtpx:TrackPointExtension></extensions></trkpt>
      <trkpt lat="42.6994150" lon="-71.9046700"><ele>385.4</ele><time>2025-11-22T15:50:36.000Z</time><extensions><gpxtpx:TrackPointExtension><gpxtpx:hr>118</gpxtpx:hr><gpxtpx:cad>59</gpxtpx:cad><gpxtpx:atemp>21.0</gpxtpx:atemp></gpxtpx:TrackPointExtension></extensions></trkpt>
      <trkpt lat="42.6994333" lon="-71.9046517"><ele>385.8</ele><time>2025-11-22T15:50:38.000Z</time><extensions><gpxtpx:TrackPointExtension><gpxtpx:hr>120</gpxtpx:hr><gpxtpx:cad>59</gpxtpx:cad><gpxtpx:atemp>20.9</gpxtpx:atemp></gpxtpx:TrackPointExtension></extensions></trkpt>
      <trkpt lat="42.6994550" lon="-71.9046350"><ele>386.0</ele><time>2025-11-22T15:50:40.000Z</time><extensions><gpxtpx:TrackPointExtension><gpxtpx:hr>117</gpxtpx:hr><gpxtpx:cad>59</gpxtpx:cad><gpxtpx:atemp>20.9</gpxtpx:atemp></gpxtpx:TrackPointExtension></extensions></trkpt>
      <trkpt lat="42.6994733" lon="-71.9046267"><ele>386.2</ele><time>2025-11-22T15:50:42.000Z</time><extensions><gpxtpx:TrackPointExtension><gpxtpx:hr>118</gpxtpx:hr><gpxtpx:cad>59</gpxtpx:cad><gpxtpx:atemp>20.8</gpxtpx:atemp></gpxtpx:TrackPointExtension></extensions></trkpt>
      <trkpt lat="42.6994917" lon="-71.9046133"><ele>386.4</ele><time>2025-11-22T15:50:44.000Z</time><extensions><gpxtpx:TrackPointExtension><gpxtpx:hr>118</gpxtpx:hr><gpxtpx:cad>58</gpxtpx:cad><gpxtpx:atemp>20.8</gpxtpx:atemp></gpxtpx:TrackPointExtension></extensions></trkpt>
      <trkpt lat="42.6995083" lon="-71.9045967"><ele>386.6</ele><time>2025-11-22T15:50:46.000Z</time><extensions><gpxtpx:TrackPointExtension><gpxtpx:hr>117</gpxtpx:hr><gpxtpx:cad>60</gpxtpx:cad><gpxtpx:atemp>20.8</gpxtpx:atemp></gpxtpx:TrackPointExtension></extensions></trkpt>
      <trkpt lat="42.6995267" lon="-71.9045867"><ele>386.8</ele><time>2025-11-22T15:50:48.000Z</time><extensions><gpxtpx:TrackPointExtension><gpxtpx:hr>115</gpxtpx:hr><gpxtpx:cad>61</gpxtpx:cad><gpxtpx:atemp>20.7</gpxtpx:atemp></gpxtpx:TrackPointExtension></extensions></trkpt>
      <trkpt lat="42.6995433" lon="-71.9045717"><ele>387.0</ele><time>2025-11-22T15:50:50.000Z</time><extensions><gpxtpx:TrackPointExtension><gpxtpx:hr>116</gpxtpx:hr><gpxtpx:cad>57</gpxtpx:cad><gpxtpx:atemp>20.7</gpxtpx:atemp></gpxtpx:TrackPointExtension></extensions></trkpt>
      <trkpt lat="42.6995600" lon="-71.9045600"><ele>387.2</ele><time>2025-11-22T15:50:52.000Z</time><extensions><gpxtpx:TrackPointExtension><gpxtpx:hr>117</gpxtpx:hr><gpxtpx:cad>54</gpxtpx:cad><gpxtpx:atemp>20.7</gpxtpx:atemp></gpxtpx:TrackPointExtension></extensions></trkpt>
      <trkpt lat="42.6995817" lon="-71.9045467"><ele>387.4</ele><time>2025-11-22T15:50:54.000Z</time><extensions><gpxtpx:TrackPointExtension><gpxtpx:hr>116</gpxtpx:hr><gpxtpx:cad>54</gpxtpx:cad><gpxtpx:atemp>20.7</gpxtpx:atemp></gpxtpx:TrackPointExtension></extensions></trkpt>
      <trkpt lat="42.6996017" lon="-71.9045300"><ele>387.6</ele><time>2025-11-22T15:50:56.000Z</time><extensions><gpxtpx:TrackPointExtension><gpxtpx:hr>116</gpxtpx:hr><gpxtpx:cad>54</gpxtpx:cad><gpxtpx:atemp>20.6</gpxtpx:atemp></gpxtpx:TrackPointExtension></extensions></trkpt>
      <trkpt lat="42.6996200" lon="-71.9045233"><ele>387.8</ele><time>2025-11-22T15:50:58.000Z</time><extensions><gpxtpx:TrackPointExtension><gpxtpx:hr>118</gpxtpx:hr><gpxtpx:cad>54</gpxtpx:cad><gpxtpx:atemp>20.6</gpxtpx:atemp></gpxtpx:TrackPointExtension></extensions></trkpt>
      <trkpt lat="42.6996467" lon="-71.9045100"><ele>388.0</ele><time>2025-11-22T15:51:01.000Z</time><extensions><gpxtpx:TrackPointExtension><gpxtpx:hr>121</gpxtpx:hr><gpxtpx:cad>57</gpxtpx:cad><gpxtpx:atemp>20.5</gpxtpx:atemp></gpxtpx:TrackPointExtension></extensions></trkpt>
      <trkpt lat="42.6996700" lon="-71.9045000"><ele>388.4</ele><time>2025-11-22T15:51:03.000Z</time><extensions><gpxtpx:TrackPointExtension><gpxtpx:hr>120</gpxtpx:hr><gpxtpx:cad>57</gpxtpx:cad><gpxtpx:atemp>20.5</gpxtpx:atemp></gpxtpx:TrackPointExtension></extensions></trkpt>
      <trkpt lat="42.6996933" lon="-71.9044867"><ele>388.6</ele><time>2025-11-22T15:51:05.000Z</time><extensions><gpxtpx:TrackPointExtension><gpxtpx:hr>123</gpxtpx:hr><gpxtpx:cad>57</gpxtpx:cad><gpxtpx:atemp>20.5</gpxtpx:atemp></gpxtpx:TrackPointExtension></extensions></trkpt>
      <trkpt lat="42.6997133" lon="-71.9044717"><ele>388.8</ele><time>2025-11-22T15:51:07.000Z</time><extensions><gpxtpx:TrackPointExtension><gpxtpx:hr>122</gpxtpx:hr><gpxtpx:cad>52</gpxtpx:cad><gpxtpx:atemp>20.5</gpxtpx:atemp></gpxtpx:TrackPointExtension></extensions></trkpt>
      <trkpt lat="42.6997250" lon="-71.9044450"><ele>389.0</ele><time>2025-11-22T15:51:09.000Z</time><extensions><gpxtpx:TrackPointExtension><gpxtpx:hr>125</gpxtpx:hr><gpxtpx:cad>52</gpxtpx:cad><gpxtpx:atemp>20.4</gpxtpx:atemp></gpxtpx:TrackPointExtension></extensions></trkpt>
      <trkpt lat="42.6997267" lon="-71.9044033"><ele>389.6</ele><time>2025-11-22T15:51:12.000Z</time><extensions><gpxtpx:TrackPointExtension><gpxtpx:hr>126</gpxtpx:hr><gpxtpx:cad>55</gpxtpx:cad><gpxtpx:atemp>20.4</gpxtpx:atemp></gpxtpx:TrackPointExtension></extensions></trkpt>
      <trkpt lat="42.6997317" lon="-71.9043783"><ele>390.0</ele><time>2025-11-22T15:51:14.000Z</time><extensions><gpxtpx:TrackPointExtension><gpxtpx:hr>126</gpxtpx:hr><gpxtpx:cad>58</gpxtpx:cad><gpxtpx:atemp>20.4</gpxtpx:atemp></gpxtpx:TrackPointExtension></extensions></trkpt>
      <trkpt lat="42.6997450" lon="-71.9043533"><ele>390.4</ele><time>2025-11-22T15:51:16.000Z</time><extensions><gpxtpx:TrackPointExtension><gpxtpx:hr>126</gpxtpx:hr><gpxtpx:cad>60</gpxtpx:cad><gpxtpx:atemp>20.3</gpxtpx:atemp></gpxtpx:TrackPointExtension></extensions></trkpt>
      <trkpt lat="42.6997567" lon="-71.9043267"><ele>390.6</ele><time>2025-11-22T15:51:18.000Z</time><extensions><gpxtpx:TrackPointExtension><gpxtpx:hr>125</gpxtpx:hr><gpxtpx:cad>60</gpxtpx:cad><gpxtpx:atemp>20.3</gpxtpx:atemp></gpxtpx:TrackPointExtension></extensions></trkpt>
      <trkpt lat="42.6997667" lon="-71.9042933"><ele>391.0</ele><time>2025-11-22T15:51:20.000Z</time><extensions><gpxtpx:TrackPointExtension><gpxtpx:hr>126</gpxtpx:hr><gpxtpx:cad>60</gpxtpx:cad><gpxtpx:atemp>20.3</gpxtpx:atemp></gpxtpx:TrackPointExtension></extensions></trkpt>
      <trkpt lat="42.6997833" lon="-71.9042700"><ele>391.4</ele><time>2025-11-22T15:51:22.000Z</time><extensions><gpxtpx:TrackPointExtension><gpxtpx:hr>126</gpxtpx:hr><gpxtpx:cad>60</gpxtpx:cad><gpxtpx:atemp>20.3</gpxtpx:atemp></gpxtpx:TrackPointExtension></extensions></trkpt>
      <trkpt lat="42.6997917" lon="-71.9042367"><ele>391.6</ele><time>2025-11-22T15:51:24.000Z</time><extensions><gpxtpx:TrackPointExtension><gpxtpx:hr>125</gpxtpx:hr><gpxtpx:cad>60</gpxtpx:cad><gpxtpx:atemp>20.2</gpxtpx:atemp></gpxtpx:TrackPointExtension></extensions></trkpt>
      <trkpt lat="42.6998000" lon="-71.9042050"><ele>391.8</ele><time>2025-11-22T15:51:26.000Z</time><extensions><gpxtpx:TrackPointExtension><gpxtpx:hr>125</gpxtpx:hr><gpxtpx:cad>60</gpxtpx:cad><gpxtpx:atemp>20.2</gpxtpx:atemp></gpxtpx:TrackPointExtension></extensions></trkpt>
      <trkpt lat="42.6998050" lon="-71.9041783"><ele>392.2</ele><time>2025-11-22T15:51:28.000Z</time><extensions><gpxtpx:TrackPointExtension><gpxtpx:hr>124</gpxtpx:hr><gpxtpx:cad>61</gpxtpx:cad><gpxtpx:atemp>20.2</gpxtpx:atemp></gpxtpx:TrackPointExtension></extensions></trkpt>
      <trkpt lat="42.6998183" lon="-71.9041483"><ele>392.6</ele><time>2025-11-22T15:51:30.000Z</time><extensions><gpxtpx:TrackPointExtension><gpxtpx:hr>125</gpxtpx:hr><gpxtpx:cad>61</gpxtpx:cad><gpxtpx:atemp>20.2</gpxtpx:atemp></gpxtpx:TrackPointExtension></extensions></trkpt>
      <trkpt lat="42.6998283" lon="-71.9041200"><ele>393.0</ele><time>2025-11-22T15:51:32.000Z</time><extensions><gpxtpx:TrackPointExtension><gpxtpx:hr>125</gpxtpx:hr><gpxtpx:cad>62</gpxtpx:cad><gpxtpx:atemp>20.1</gpxtpx:atemp></gpxtpx:TrackPointExtension></extensions></trkpt>
      <trkpt lat="42.6998417" lon="-71.9040867"><ele>393.4</ele><time>2025-11-22T15:51:34.000Z</time><extensions><gpxtpx:TrackPointExtension><gpxtpx:hr>125</gpxtpx:hr><gpxtpx:cad>62</gpxtpx:cad><gpxtpx:atemp>20.1</gpxtpx:atemp></gpxtpx:TrackPointExtension></extensions></trkpt>
      <trkpt lat="42.6998533" lon="-71.9040550"><ele>393.8</ele><time>2025-11-22T15:51:36.000Z</time><extensions><gpxtpx:TrackPointExtension><gpxtpx:hr>126</gpxtpx:hr><gpxtpx:cad>63</gpxtpx:cad><gpxtpx:atemp>20.1</gpxtpx:atemp></gpxtpx:TrackPointExtension></extensions></trkpt>
      <trkpt lat="42.6998550" lon="-71.9040267"><ele>394.2</ele><time>2025-11-22T15:51:38.000Z</time><extensions><gpxtpx:TrackPointExtension><gpxtpx:hr>127</gpxtpx:hr><gpxtpx:cad>63</gpxtpx:cad><gpxtpx:atemp>20.1</gpxtpx:atemp></gpxtpx:TrackPointExtension></extensions></trkpt>
      <trkpt lat="42.6998667" lon="-71.9040033"><ele>394.6</ele><time>2025-11-22T15:51:40.000Z</time><extensions><gpxtpx:TrackPointExtension><gpxtpx:hr>126</gpxtpx:hr><gpxtpx:cad>63</gpxtpx:cad><gpxtpx:atemp>20.0</gpxtpx:atemp></gpxtpx:TrackPointExtension></extensions></trkpt>
      <trkpt lat="42.6998733" lon="-71.9039583"><ele>394.8</ele><time>2025-11-22T15:51:42.000Z</time><extensions><gpxtpx:TrackPointExtension><gpxtpx:hr>127</gpxtpx:hr><gpxtpx:cad>63</gpxtpx:cad><gpxtpx:atemp>20.0</gpxtpx:atemp></gpxtpx:TrackPointExtension></extensions></trkpt>
      <trkpt lat="42.6998800" lon="-71.9039167"><ele>395.0</ele><time>2025-11-22T15:51:44.000Z</time><extensions><gpxtpx:TrackPointExtension><gpxtpx:hr>128</gpxtpx:hr><gpxtpx:cad>63</gpxtpx:cad><gpxtpx:atemp>20.0</gpxtpx:atemp></gpxtpx:TrackPointExtension></extensions></trkpt>
      <trkpt lat="42.6998917" lon="-71.9038883"><ele>395.0</ele><time>2025-11-22T15:51:46.000Z</time><extensions><gpxtpx:TrackPointExtension><gpxtpx:hr>130</gpxtpx:hr><gpxtpx:cad>63</gpxtpx:cad><gpxtpx:atemp>19.9</gpxtpx:atemp></gpxtpx:TrackPointExtension></extensions></trkpt>
      <trkpt lat="42.6999083" lon="-71.9038650"><ele>395.0</ele><time>2025-11-22T15:51:49.000Z</time><extensions><gpxtpx:TrackPointExtension><gpxtpx:hr>128</gpxtpx:hr><gpxtpx:cad>61</gpxtpx:cad><gpxtpx:atemp>19.9</gpxtpx:atemp></gpxtpx:TrackPointExtension></extensions></trkpt>
      <trkpt lat="42.6999100" lon="-71.9038283"><ele>395.2</ele><time>2025-11-22T15:51:51.000Z</time><extensions><gpxtpx:TrackPointExtension><gpxtpx:hr>127</gpxtpx:hr><gpxtpx:cad>61</gpxtpx:cad><gpxtpx:atemp>19.8</gpxtpx:atemp></gpxtpx:TrackPointExtension></extensions></trkpt>
      <trkpt lat="42.6999217" lon="-71.9038100"><ele>395.4</ele><time>2025-11-22T15:51:53.000Z</time><extensions><gpxtpx:TrackPointExtension><gpxtpx:hr>128</gpxtpx:hr><gpxtpx:cad>62</gpxtpx:cad><gpxtpx:atemp>19.8</gpxtpx:atemp></gpxtpx:TrackPointExtension></extensions></trkpt>
      <trkpt lat="42.6999450" lon="-71.9037883"><ele>395.6</ele><time>2025-11-22T15:51:55.000Z</time><extensions><gpxtpx:TrackPointExtension><gpxtpx:hr>128</gpxtpx:hr><gpxtpx:cad>63</gpxtpx:cad><gpxtpx:atemp>19.8</gpxtpx:atemp></gpxtpx:TrackPointExtension></extensions></trkpt>
      <trkpt lat="42.6999650" lon="-71.9037800"><ele>396.0</ele><time>2025-11-22T15:51:57.000Z</time><extensions><gpxtpx:TrackPointExtension><gpxtpx:hr>128</gpxtpx:hr><gpxtpx:cad>63</gpxtpx:cad><gpxtpx:atemp>19.8</gpxtpx:atemp></gpxtpx:TrackPointExtension></extensions></trkpt>
      <trkpt lat="42.6999883" lon="-71.9037567"><ele>396.2</ele><time>2025-11-22T15:51:59.000Z</time><extensions><gpxtpx:TrackPointExtension><gpxtpx:hr>127</gpxtpx:hr><gpxtpx:cad>64</gpxtpx:cad><gpxtpx:atemp>19.8</gpxtpx:atemp></gpxtpx:TrackPointExtension></extensions></trkpt>
      <trkpt lat="42.7000083" lon="-71.9037400"><ele>396.6</ele><time>2025-11-22T15:52:01.000Z</time><extensions><gpxtpx:TrackPointExtension><gpxtpx:hr>128</gpxtpx:hr><gpxtpx:cad>67</gpxtpx:cad><gpxtpx:atemp>19.7</gpxtpx:atemp></gpxtpx:TrackPointExtension></extensions></trkpt>
      <trkpt lat="42.7000250" lon="-71.9037217"><ele>397.2</ele><time>2025-11-22T15:52:03.000Z</time><extensions><gpxtpx:TrackPointExtension><gpxtpx:hr>129</gpxtpx:hr><gpxtpx:cad>71</gpxtpx:cad><gpxtpx:atemp>19.7</gpxtpx:atemp></gpxtpx:TrackPointExtension></extensions></trkpt>
      <trkpt lat="42.7000250" lon="-71.9036883"><ele>397.6</ele><time>2025-11-22T15:52:05.000Z</time><extensions><gpxtpx:TrackPointExtension><gpxtpx:hr>130</gpxtpx:hr><gpxtpx:cad>73</gpxtpx:cad><gpxtpx:atemp>19.6</gpxtpx:atemp></gpxtpx:TrackPointExtension></extensions></trkpt>
      <trkpt lat="42.7000317" lon="-71.9036450"><ele>398.2</ele><time>2025-11-22T15:52:07.000Z</time><extensions><gpxtpx:TrackPointExtension><gpxtpx:hr>130</gpxtpx:hr><gpxtpx:cad>69</gpxtpx:cad><gpxtpx:atemp>19.6</gpxtpx:atemp></gpxtpx:TrackPointExtension></extensions></trkpt>
      <trkpt lat="42.7000417" lon="-71.9036100"><ele>398.6</ele><time>2025-11-22T15:52:09.000Z</time><extensions><gpxtpx:TrackPointExtension><gpxtpx:hr>129</gpxtpx:hr><gpxtpx:cad>68</gpxtpx:cad><gpxtpx:atemp>19.6</gpxtpx:atemp></gpxtpx:TrackPointExtension></extensions></trkpt>
      <trkpt lat="42.7000300" lon="-71.9035767"><ele>399.2</ele><time>2025-11-22T15:52:11.000Z</time><extensions><gpxtpx:TrackPointExtension><gpxtpx:hr>129</gpxtpx:hr><gpxtpx:cad>68</gpxtpx:cad><gpxtpx:atemp>19.5</gpxtpx:atemp></gpxtpx:TrackPointExtension></extensions></trkpt>
      <trkpt lat="42.7000283" lon="-71.9035333"><ele>399.6</ele><time>2025-11-22T15:52:13.000Z</time><extensions><gpxtpx:TrackPointExtension><gpxtpx:hr>130</gpxtpx:hr><gpxtpx:cad>62</gpxtpx:cad><gpxtpx:atemp>19.5</gpxtpx:atemp></gpxtpx:TrackPointExtension></extensions></trkpt>
      <trkpt lat="42.7000200" lon="-71.9035117"><ele>400.0</ele><time>2025-11-22T15:52:14.000Z</time><extensions><gpxtpx:TrackPointExtension><gpxtpx:hr>131</gpxtpx:hr><gpxtpx:cad>62</gpxtpx:cad><gpxtpx:atemp>19.5</gpxtpx:atemp></gpxtpx:TrackPointExtension></extensions></trkpt>
      <trkpt lat="42.7000333" lon="-71.9034650"><ele>400.4</ele><time>2025-11-22T15:52:16.000Z</time><extensions><gpxtpx:TrackPointExtension><gpxtpx:hr>131</gpxtpx:hr><gpxtpx:cad>63</gpxtpx:cad><gpxtpx:atemp>19.4</gpxtpx:atemp></gpxtpx:TrackPointExtension></extensions></trkpt>
      <trkpt lat="42.7000483" lon="-71.9034417"><ele>400.6</ele><time>2025-11-22T15:52:17.000Z</time><extensions><gpxtpx:TrackPointExtension><gpxtpx:hr>130</gpxtpx:hr><gpxtpx:cad>63</gpxtpx:cad><gpxtpx:atemp>19.4</gpxtpx:atemp></gpxtpx:TrackPointExtension></extensions></trkpt>
      <trkpt lat="42.7000583" lon="-71.9034117"><ele>401.0</ele><time>2025-11-22T15:52:19.000Z</time><extensions><gpxtpx:TrackPointExtension><gpxtpx:hr>130</gpxtpx:hr><gpxtpx:cad>63</gpxtpx:cad><gpxtpx:atemp>19.4</gpxtpx:atemp></gpxtpx:TrackPointExtension></extensions></trkpt>
      <trkpt lat="42.7000750" lon="-71.9033850"><ele>401.2</ele><time>2025-11-22T15:52:21.000Z</time><extensions><gpxtpx:TrackPointExtension><gpxtpx:hr>132</gpxtpx:hr><gpxtpx:cad>62</gpxtpx:cad><gpxtpx:atemp>19.4</gpxtpx:atemp></gpxtpx:TrackPointExtension></extensions></trkpt>
      <trkpt lat="42.7000900" lon="-71.9033600"><ele>401.4</ele><time>2025-11-22T15:52:23.000Z</time><extensions><gpxtpx:TrackPointExtension><gpxtpx:hr>133</gpxtpx:hr><gpxtpx:cad>62</gpxtpx:cad><gpxtpx:atemp>19.3</gpxtpx:atemp></gpxtpx:TrackPointExtension></extensions></trkpt>
      <trkpt lat="42.7000900" lon="-71.9033267"><ele>401.6</ele><time>2025-11-22T15:52:26.000Z</time><extensions><gpxtpx:TrackPointExtension><gpxtpx:hr>131</gpxtpx:hr><gpxtpx:cad>61</gpxtpx:cad><gpxtpx:atemp>19.2</gpxtpx:atemp></gpxtpx:TrackPointExtension></extensions></trkpt>
      <trkpt lat="42.7001050" lon="-71.9033017"><ele>401.8</ele><time>2025-11-22T15:52:28.000Z</time><extensions><gpxtpx:TrackPointExtension><gpxtpx:hr>130</gpxtpx:hr><gpxtpx:cad>61</gpxtpx:cad><gpxtpx:atemp>19.2</gpxtpx:atemp></gpxtpx:TrackPointExtension></extensions></trkpt>
      <trkpt lat="42.7001183" lon="-71.9032817"><ele>402.0</ele><time>2025-11-22T15:52:30.000Z</time><extensions><gpxtpx:TrackPointExtension><gpxtpx:hr>129</gpxtpx:hr><gpxtpx:cad>61</gpxtpx:cad><gpxtpx:atemp>19.1</gpxtpx:atemp></gpxtpx:TrackPointExtension></extensions></trkpt>
      <trkpt lat="42.7001467" lon="-71.9032517"><ele>402.4</ele><time>2025-11-22T15:52:33.000Z</time><extensions><gpxtpx:TrackPointExtension><gpxtpx:hr>127</gpxtpx:hr><gpxtpx:cad>61</gpxtpx:cad><gpxtpx:atemp>19.1</gpxtpx:atemp></gpxtpx:TrackPointExtension></extensions></trkpt>
      <trkpt lat="42.7001500" lon="-71.9032400"><ele>402.4</ele><time>2025-11-22T15:52:34.000Z</time><extensions><gpxtpx:TrackPointExtension><gpxtpx:hr>127</gpxtpx:hr><gpxtpx:cad>65</gpxtpx:cad><gpxtpx:atemp>19.1</gpxtpx:atemp></gpxtpx:TrackPointExtension></extensions></trkpt>
      <trkpt lat="42.7001583" lon="-71.9032133"><ele>402.6</ele><time>2025-11-22T15:52:36.000Z</time><extensions><gpxtpx:TrackPointExtension><gpxtpx:hr>127</gpxtpx:hr><gpxtpx:cad>73</gpxtpx:cad><gpxtpx:atemp>19.1</gpxtpx:atemp></gpxtpx:TrackPointExtension></extensions></trkpt>
      <trkpt lat="42.7001733" lon="-71.9031750"><ele>402.6</ele><time>2025-11-22T15:52:38.000Z</time><extensions><gpxtpx:TrackPointExtension><gpxtpx:hr>126</gpxtpx:hr><gpxtpx:cad>81</gpxtpx:cad><gpxtpx:atemp>19.1</gpxtpx:atemp></gpxtpx:TrackPointExtension></extensions></trkpt>
      <trkpt lat="42.7001800" lon="-71.9031500"><ele>402.4</ele><time>2025-11-22T15:52:39.000Z</time><extensions><gpxtpx:TrackPointExtension><gpxtpx:hr>126</gpxtpx:hr><gpxtpx:cad>83</gpxtpx:cad><gpxtpx:atemp>19.0</gpxtpx:atemp></gpxtpx:TrackPointExtension></extensions></trkpt>
      <trkpt lat="42.7001783" lon="-71.9031017"><ele>402.2</ele><time>2025-11-22T15:52:41.000Z</time><extensions><gpxtpx:TrackPointExtension><gpxtpx:hr>126</gpxtpx:hr><gpxtpx:cad>83</gpxtpx:cad><gpxtpx:atemp>19.0</gpxtpx:atemp></gpxtpx:TrackPointExtension></extensions></trkpt>
      <trkpt lat="42.7001883" lon="-71.9030583"><ele>401.8</ele><time>2025-11-22T15:52:43.000Z</time><extensions><gpxtpx:TrackPointExtension><gpxtpx:hr>123</gpxtpx:hr><gpxtpx:cad>73</gpxtpx:cad><gpxtpx:atemp>19.0</gpxtpx:atemp></gpxtpx:TrackPointExtension></extensions></trkpt>
      <trkpt lat="42.7001950" lon="-71.9030183"><ele>401.6</ele><time>2025-11-22T15:52:45.000Z</time><extensions><gpxtpx:TrackPointExtension><gpxtpx:hr>121</gpxtpx:hr><gpxtpx:cad>67</gpxtpx:cad><gpxtpx:atemp>18.9</gpxtpx:atemp></gpxtpx:TrackPointExtension></extensions></trkpt>
      <trkpt lat="42.7002133" lon="-71.9029900"><ele>401.2</ele><time>2025-11-22T15:52:47.000Z</time><extensions><gpxtpx:TrackPointExtension><gpxtpx:hr>118</gpxtpx:hr><gpxtpx:cad>65</gpxtpx:cad><gpxtpx:atemp>18.9</gpxtpx:atemp></gpxtpx:TrackPointExtension></extensions></trkpt>
      <trkpt lat="42.7002350" lon="-71.9029683"><ele>401.0</ele><time>2025-11-22T15:52:49.000Z</time><extensions><gpxtpx:TrackPointExtension><gpxtpx:hr>115</gpxtpx:hr><gpxtpx:cad>65</gpxtpx:cad><gpxtpx:atemp>18.9</gpxtpx:atemp></gpxtpx:TrackPointExtension></extensions></trkpt>
      <trkpt lat="42.7002533" lon="-71.9029517"><ele>401.0</ele><time>2025-11-22T15:52:51.000Z</time><extensions><gpxtpx:TrackPointExtension><gpxtpx:hr>113</gpxtpx:hr><gpxtpx:cad>65</gpxtpx:cad><gpxtpx:atemp>18.8</gpxtpx:atemp></gpxtpx:TrackPointExtension></extensions></trkpt>
      <trkpt lat="42.7002733" lon="-71.9029300"><ele>401.0</ele><time>2025-11-22T15:52:53.000Z</time><extensions><gpxtpx:TrackPointExtension><gpxtpx:hr>113</gpxtpx:hr><gpxtpx:cad>64</gpxtpx:cad><gpxtpx:atemp>18.8</gpxtpx:atemp></gpxtpx:TrackPointExtension></extensions></trkpt>
      <trkpt lat="42.7002900" lon="-71.9029100"><ele>401.0</ele><time>2025-11-22T15:52:55.000Z</time><extensions><gpxtpx:TrackPointExtension><gpxtpx:hr>113</gpxtpx:hr><gpxtpx:cad>64</gpxtpx:cad><gpxtpx:atemp>18.8</gpxtpx:atemp></gpxtpx:TrackPointExtension></extensions></trkpt>
      <trkpt lat="42.7003083" lon="-71.9028950"><ele>401.0</ele><time>2025-11-22T15:52:57.000Z</time><extensions><gpxtpx:TrackPointExtension><gpxtpx:hr>111</gpxtpx:hr><gpxtpx:cad>64</gpxtpx:cad><gpxtpx:atemp>18.7</gpxtpx:atemp></gpxtpx:TrackPointExtension></extensions></trkpt>
      <trkpt lat="42.7003150" lon="-71.9028667"><ele>401.2</ele><time>2025-11-22T15:52:59.000Z</time><extensions><gpxtpx:TrackPointExtension><gpxtpx:hr>109</gpxtpx:hr><gpxtpx:cad>64</gpxtpx:cad><gpxtpx:atemp>18.7</gpxtpx:atemp></gpxtpx:TrackPointExtension></extensions></trkpt>
      <trkpt lat="42.7003283" lon="-71.9028300"><ele>401.2</ele><time>2025-11-22T15:53:01.000Z</time><extensions><gpxtpx:TrackPointExtension><gpxtpx:hr>112</gpxtpx:hr><gpxtpx:cad>62</gpxtpx:cad><gpxtpx:atemp>18.7</gpxtpx:atemp></gpxtpx:TrackPointExtension></extensions></trkpt>
      <trkpt lat="42.7003467" lon="-71.9028150"><ele>401.0</ele><time>2025-11-22T15:53:03.000Z</time><extensions><gpxtpx:TrackPointExtension><gpxtpx:hr>112</gpxtpx:hr><gpxtpx:cad>62</gpxtpx:cad><gpxtpx:atemp>18.6</gpxtpx:atemp></gpxtpx:TrackPointExtension></extensions></trkpt>
      <trkpt lat="42.7003583" lon="-71.9027900"><ele>400.6</ele><time>2025-11-22T15:53:05.000Z</time><extensions><gpxtpx:TrackPointExtension><gpxtpx:hr>113</gpxtpx:hr><gpxtpx:cad>60</gpxtpx:cad><gpxtpx:atemp>18.6</gpxtpx:atemp></gpxtpx:TrackPointExtension></extensions></trkpt>
      <trkpt lat="42.7003667" lon="-71.9027583"><ele>400.4</ele><time>2025-11-22T15:53:07.000Z</time><extensions><gpxtpx:TrackPointExtension><gpxtpx:hr>115</gpxtpx:hr><gpxtpx:cad>60</gpxtpx:cad><gpxtpx:atemp>18.6</gpxtpx:atemp></gpxtpx:TrackPointExtension></extensions></trkpt>
      <trkpt lat="42.7003550" lon="-71.9027300"><ele>400.0</ele><time>2025-11-22T15:53:09.000Z</time><extensions><gpxtpx:TrackPointExtension><gpxtpx:hr>116</gpxtpx:hr><gpxtpx:cad>60</gpxtpx:cad><gpxtpx:atemp>18.5</gpxtpx:atemp></gpxtpx:TrackPointExtension></extensions></trkpt>
      <trkpt lat="42.7003433" lon="-71.9027100"><ele>399.8</ele><time>2025-11-22T15:53:11.000Z</time><extensions><gpxtpx:TrackPointExtension><gpxtpx:hr>117</gpxtpx:hr><gpxtpx:cad>60</gpxtpx:cad><gpxtpx:atemp>18.5</gpxtpx:atemp></gpxtpx:TrackPointExtension></extensions></trkpt>
      <trkpt lat="42.7003267" lon="-71.9026900"><ele>399.8</ele><time>2025-11-22T15:53:13.000Z</time><extensions><gpxtpx:TrackPointExtension><gpxtpx:hr>119</gpxtpx:hr><gpxtpx:cad>68</gpxtpx:cad><gpxtpx:atemp>18.5</gpxtpx:atemp></gpxtpx:TrackPointExtension></extensions></trkpt>
      <trkpt lat="42.7003083" lon="-71.9026617"><ele>399.6</ele><time>2025-11-22T15:53:15.000Z</time><extensions><gpxtpx:TrackPointExtension><gpxtpx:hr>118</gpxtpx:hr><gpxtpx:cad>70</gpxtpx:cad><gpxtpx:atemp>18.5</gpxtpx:atemp></gpxtpx:TrackPointExtension></extensions></trkpt>
      <trkpt lat="42.7002933" lon="-71.9026267"><ele>399.6</ele><time>2025-11-22T15:53:17.000Z</time><extensions><gpxtpx:TrackPointExtension><gpxtpx:hr>116</gpxtpx:hr><gpxtpx:cad>65</gpxtpx:cad><gpxtpx:atemp>18.4</gpxtpx:atemp></gpxtpx:TrackPointExtension></extensions></trkpt>
      <trkpt lat="42.7002700" lon="-71.9025833"><ele>399.6</ele><time>2025-11-22T15:53:19.000Z</time><extensions><gpxtpx:TrackPointExtension><gpxtpx:hr>117</gpxtpx:hr><gpxtpx:cad>62</gpxtpx:cad><gpxtpx:atemp>18.4</gpxtpx:atemp></gpxtpx:TrackPointExtension></extensions></trkpt>
      <trkpt lat="42.7002583" lon="-71.9025567"><ele>399.6</ele><time>2025-11-22T15:53:20.000Z</time><extensions><gpxtpx:TrackPointExtension><gpxtpx:hr>119</gpxtpx:hr><gpxtpx:cad>62</gpxtpx:cad><gpxtpx:atemp>18.4</gpxtpx:atemp></gpxtpx:TrackPointExtension></extensions></trkpt>
      <trkpt lat="42.7002517" lon="-71.9025300"><ele>399.6</ele><time>2025-11-22T15:53:21.000Z</time><extensions><gpxtpx:TrackPointExtension><gpxtpx:hr>120</gpxtpx:hr><gpxtpx:cad>62</gpxtpx:cad><gpxtpx:atemp>18.3</gpxtpx:atemp></gpxtpx:TrackPointExtension></extensions></trkpt>
      <trkpt lat="42.7002417" lon="-71.9024800"><ele>399.8</ele><time>2025-11-22T15:53:23.000Z</time><extensions><gpxtpx:TrackPointExtension><gpxtpx:hr>123</gpxtpx:hr><gpxtpx:cad>70</gpxtpx:cad><gpxtpx:atemp>18.3</gpxtpx:atemp></gpxtpx:TrackPointExtension></extensions></trkpt>
      <trkpt lat="42.7002400" lon="-71.9024533"><ele>399.8</ele><time>2025-11-22T15:53:24.000Z</time><extensions><gpxtpx:TrackPointExtension><gpxtpx:hr>124</gpxtpx:hr><gpxtpx:cad>70</gpxtpx:cad><gpxtpx:atemp>18.3</gpxtpx:atemp></gpxtpx:TrackPointExtension></extensions></trkpt>
      <trkpt lat="42.7002200" lon="-71.9024383"><ele>399.8</ele><time>2025-11-22T15:53:26.000Z</time><extensions><gpxtpx:TrackPointExtension><gpxtpx:hr>126</gpxtpx:hr><gpxtpx:cad>75</gpxtpx:cad><gpxtpx:atemp>18.2</gpxtpx:atemp></gpxtpx:TrackPointExtension></extensions></trkpt>
      <trkpt lat="42.7002017" lon="-71.9024350"><ele>399.8</ele><time>2025-11-22T15:53:28.000Z</time><extensions><gpxtpx:TrackPointExtension><gpxtpx:hr>125</gpxtpx:hr><gpxtpx:cad>76</gpxtpx:cad><gpxtpx:atemp>18.2</gpxtpx:atemp></gpxtpx:TrackPointExtension></extensions></trkpt>
      <trkpt lat="42.7001817" lon="-71.9024317"><ele>399.8</ele><time>2025-11-22T15:53:30.000Z</time><extensions><gpxtpx:TrackPointExtension><gpxtpx:hr>124</gpxtpx:hr><gpxtpx:cad>77</gpxtpx:cad><gpxtpx:atemp>18.2</gpxtpx:atemp></gpxtpx:TrackPointExtension></extensions></trkpt>
      <trkpt lat="42.7001683" lon="-71.9024083"><ele>399.8</ele><time>2025-11-22T15:53:32.000Z</time><extensions><gpxtpx:TrackPointExtension><gpxtpx:hr>124</gpxtpx:hr><gpxtpx:cad>77</gpxtpx:cad><gpxtpx:atemp>18.1</gpxtpx:atemp></gpxtpx:TrackPointExtension></extensions></trkpt>
      <trkpt lat="42.7001550" lon="-71.9023867"><ele>400.0</ele><time>2025-11-22T15:53:34.000Z</time><extensions><gpxtpx:TrackPointExtension><gpxtpx:hr>124</gpxtpx:hr><gpxtpx:cad>77</gpxtpx:cad><gpxtpx:atemp>18.1</gpxtpx:atemp></gpxtpx:TrackPointExtension></extensions></trkpt>
      <trkpt lat="42.7001600" lon="-71.9023583"><ele>400.8</ele><time>2025-11-22T15:53:38.000Z</time><extensions><gpxtpx:TrackPointExtension><gpxtpx:hr>123</gpxtpx:hr><gpxtpx:cad>76</gpxtpx:cad><gpxtpx:atemp>18.1</gpxtpx:atemp></gpxtpx:TrackPointExtension></extensions></trkpt>
      <trkpt lat="42.7001500" lon="-71.9023283"><ele>401.6</ele><time>2025-11-22T15:53:41.000Z</time><extensions><gpxtpx:TrackPointExtension><gpxtpx:hr>122</gpxtpx:hr><gpxtpx:cad>76</gpxtpx:cad><gpxtpx:atemp>18.0</gpxtpx:atemp></gpxtpx:TrackPointExtension></extensions></trkpt>
      <trkpt lat="42.7001433" lon="-71.9023033"><ele>402.2</ele><time>2025-11-22T15:53:43.000Z</time><extensions><gpxtpx:TrackPointExtension><gpxtpx:hr>124</gpxtpx:hr><gpxtpx:cad>69</gpxtpx:cad><gpxtpx:atemp>18.0</gpxtpx:atemp></gpxtpx:TrackPointExtension></extensions></trkpt>
      <trkpt lat="42.7001317" lon="-71.9022767"><ele>402.6</ele><time>2025-11-22T15:53:45.000Z</time><extensions><gpxtpx:TrackPointExtension><gpxtpx:hr>127</gpxtpx:hr><gpxtpx:cad>66</gpxtpx:cad><gpxtpx:atemp>17.9</gpxtpx:atemp></gpxtpx:TrackPointExtension></extensions></trkpt>
      <trkpt lat="42.7001183" lon="-71.9022550"><ele>403.0</ele><time>2025-11-22T15:53:48.000Z</time><extensions><gpxtpx:TrackPointExtension><gpxtpx:hr>128</gpxtpx:hr><gpxtpx:cad>61</gpxtpx:cad><gpxtpx:atemp>17.9</gpxtpx:atemp></gpxtpx:TrackPointExtension></extensions></trkpt>
      <trkpt lat="42.7001017" lon="-71.9022367"><ele>403.0</ele><time>2025-11-22T15:53:50.000Z</time><extensions><gpxtpx:TrackPointExtension><gpxtpx:hr>127</gpxtpx:hr><gpxtpx:cad>61</gpxtpx:cad><gpxtpx:atemp>17.9</gpxtpx:atemp></gpxtpx:TrackPointExtension></extensions></trkpt>
      <trkpt lat="42.7000833" lon="-71.9022200"><ele>403.0</ele><time>2025-11-22T15:53:52.000Z</time><extensions><gpxtpx:TrackPointExtension><gpxtpx:hr>127</gpxtpx:hr><gpxtpx:cad>80</gpxtpx:cad><gpxtpx:atemp>17.9</gpxtpx:atemp></gpxtpx:TrackPointExtension></extensions></trkpt>
      <trkpt lat="42.7000683" lon="-71.9022050"><ele>403.0</ele><time>2025-11-22T15:53:53.000Z</time><extensions><gpxtpx:TrackPointExtension><gpxtpx:hr>127</gpxtpx:hr><gpxtpx:cad>80</gpxtpx:cad><gpxtpx:atemp>17.9</gpxtpx:atemp></gpxtpx:TrackPointExtension></extensions></trkpt>
      <trkpt lat="42.7000500" lon="-71.9021817"><ele>402.8</ele><time>2025-11-22T15:53:54.000Z</time><extensions><gpxtpx:TrackPointExtension><gpxtpx:hr>126</gpxtpx:hr><gpxtpx:cad>80</gpxtpx:cad><gpxtpx:atemp>17.9</gpxtpx:atemp></gpxtpx:TrackPointExtension></extensions></trkpt>
      <trkpt lat="42.7000367" lon="-71.9021567"><ele>402.8</ele><time>2025-11-22T15:53:55.000Z</time><extensions><gpxtpx:TrackPointExtension><gpxtpx:hr>125</gpxtpx:hr><gpxtpx:cad>80</gpxtpx:cad><gpxtpx:atemp>17.9</gpxtpx:atemp></gpxtpx:TrackPointExtension></extensions></trkpt>
      <trkpt lat="42.7000200" lon="-71.9021417"><ele>402.6</ele><time>2025-11-22T15:53:56.000Z</time><extensions><gpxtpx:TrackPointExtension><gpxtpx:hr>125</gpxtpx:hr><gpxtpx:cad>80</gpxtpx:cad><gpxtpx:atemp>17.9</gpxtpx:atemp></gpxtpx:TrackPointExtension></extensions></trkpt>
      <trkpt lat="42.7000100" lon="-71.9020983"><ele>402.6</ele><time>2025-11-22T15:53:58.000Z</time><extensions><gpxtpx:TrackPointExtension><gpxtpx:hr>127</gpxtpx:hr><gpxtpx:cad>82</gpxtpx:cad><gpxtpx:atemp>17.8</gpxtpx:atemp></gpxtpx:TrackPointExtension></extensions></trkpt>
      <trkpt lat="42.7000017" lon="-71.9020600"><ele>402.4</ele><time>2025-11-22T15:54:00.000Z</time><extensions><gpxtpx:TrackPointExtension><gpxtpx:hr>130</gpxtpx:hr><gpxtpx:cad>83</gpxtpx:cad><gpxtpx:atemp>17.8</gpxtpx:atemp></gpxtpx:TrackPointExtension></extensions></trkpt>
      <trkpt lat="42.6999917" lon="-71.9020250"><ele>402.4</ele><time>2025-11-22T15:54:02.000Z</time><extensions><gpxtpx:TrackPointExtension><gpxtpx:hr>133</gpxtpx:hr><gpxtpx:cad>84</gpxtpx:cad><gpxtpx:atemp>17.8</gpxtpx:atemp></gpxtpx:TrackPointExtension></extensions></trkpt>
      <trkpt lat="42.6999950" lon="-71.9019800"><ele>402.4</ele><time>2025-11-22T15:54:04.000Z</time><extensions><gpxtpx:TrackPointExtension><gpxtpx:hr>135</gpxtpx:hr><gpxtpx:cad>84</gpxtpx:cad><gpxtpx:atemp>17.8</gpxtpx:atemp></gpxtpx:TrackPointExtension></extensions></trkpt>
      <trkpt lat="42.6999950" lon="-71.9019517"><ele>402.6</ele><time>2025-11-22T15:54:06.000Z</time><extensions><gpxtpx:TrackPointExtension><gpxtpx:hr>136</gpxtpx:hr><gpxtpx:cad>81</gpxtpx:cad><gpxtpx:atemp>17.7</gpxtpx:atemp></gpxtpx:TrackPointExtension></extensions></trkpt>
      <trkpt lat="42.7000000" lon="-71.9019233"><ele>403.4</ele><time>2025-11-22T15:54:09.000Z</time><extensions><gpxtpx:TrackPointExtension><gpxtpx:hr>138</gpxtpx:hr><gpxtpx:cad>76</gpxtpx:cad><gpxtpx:atemp>17.7</gpxtpx:atemp></gpxtpx:TrackPointExtension></extensions></trkpt>
      <trkpt lat="42.6999867" lon="-71.9018950"><ele>404.6</ele><time>2025-11-22T15:54:12.000Z</time><extensions><gpxtpx:TrackPointExtension><gpxtpx:hr>140</gpxtpx:hr><gpxtpx:cad>69</gpxtpx:cad><gpxtpx:atemp>17.7</gpxtpx:atemp></gpxtpx:TrackPointExtension></extensions></trkpt>
      <trkpt lat="42.6999883" lon="-71.9018700"><ele>405.6</ele><time>2025-11-22T15:54:15.000Z</time><extensions><gpxtpx:TrackPointExtension><gpxtpx:hr>142</gpxtpx:hr><gpxtpx:cad>69</gpxtpx:cad><gpxtpx:atemp>17.6</gpxtpx:atemp></gpxtpx:TrackPointExtension></extensions></trkpt>
      <trkpt lat="42.6999883" lon="-71.9018433"><ele>406.4</ele><time>2025-11-22T15:54:17.000Z</time><extensions><gpxtpx:TrackPointExtension><gpxtpx:hr>144</gpxtpx:hr><gpxtpx:cad>69</gpxtpx:cad><gpxtpx:atemp>17.6</gpxtpx:atemp></gpxtpx:TrackPointExtension></extensions></trkpt>
      <trkpt lat="42.6999883" lon="-71.9018033"><ele>407.2</ele><time>2025-11-22T15:54:19.000Z</time><extensions><gpxtpx:TrackPointExtension><gpxtpx:hr>147</gpxtpx:hr><gpxtpx:cad>69</gpxtpx:cad><gpxtpx:atemp>17.6</gpxtpx:atemp></gpxtpx:TrackPointExtension></extensions></trkpt>
      <trkpt lat="42.6999850" lon="-71.9017750"><ele>407.8</ele><time>2025-11-22T15:54:21.000Z</time><extensions><gpxtpx:TrackPointExtension><gpxtpx:hr>150</gpxtpx:hr><gpxtpx:cad>69</gpxtpx:cad><gpxtpx:atemp>17.6</gpxtpx:atemp></gpxtpx:TrackPointExtension></extensions></trkpt>
      <trkpt lat="42.6999717" lon="-71.9017533"><ele>408.6</ele><time>2025-11-22T15:54:23.000Z</time><extensions><gpxtpx:TrackPointExtension><gpxtpx:hr>151</gpxtpx:hr><gpxtpx:cad>69</gpxtpx:cad><gpxtpx:atemp>17.6</gpxtpx:atemp></gpxtpx:TrackPointExtension></extensions></trkpt>
      <trkpt lat="42.6999533" lon="-71.9017533"><ele>409.0</ele><time>2025-11-22T15:54:25.000Z</time><extensions><gpxtpx:TrackPointExtension><gpxtpx:hr>153</gpxtpx:hr><gpxtpx:cad>68</gpxtpx:cad><gpxtpx:atemp>17.5</gpxtpx:atemp></gpxtpx:TrackPointExtension></extensions></trkpt>
      <trkpt lat="42.6999283" lon="-71.9017450"><ele>409.6</ele><time>2025-11-22T15:54:27.000Z</time><extensions><gpxtpx:TrackPointExtension><gpxtpx:hr>153</gpxtpx:hr><gpxtpx:cad>63</gpxtpx:cad><gpxtpx:atemp>17.5</gpxtpx:atemp></gpxtpx:TrackPointExtension></extensions></trkpt>
      <trkpt lat="42.6999067" lon="-71.9017267"><ele>410.0</ele><time>2025-11-22T15:54:29.000Z</time><extensions><gpxtpx:TrackPointExtension><gpxtpx:hr>152</gpxtpx:hr><gpxtpx:cad>58</gpxtpx:cad><gpxtpx:atemp>17.5</gpxtpx:atemp></gpxtpx:TrackPointExtension></extensions></trkpt>
      <trkpt lat="42.6998867" lon="-71.9017067"><ele>410.4</ele><time>2025-11-22T15:54:31.000Z</time><extensions><gpxtpx:TrackPointExtension><gpxtpx:hr>151</gpxtpx:hr><gpxtpx:cad>57</gpxtpx:cad><gpxtpx:atemp>17.5</gpxtpx:atemp></gpxtpx:TrackPointExtension></extensions></trkpt>
      <trkpt lat="42.6998633" lon="-71.9016867"><ele>411.0</ele><time>2025-11-22T15:54:33.000Z</time><extensions><gpxtpx:TrackPointExtension><gpxtpx:hr>150</gpxtpx:hr><gpxtpx:cad>56</gpxtpx:cad><gpxtpx:atemp>17.4</gpxtpx:atemp></gpxtpx:TrackPointExtension></extensions></trkpt>
      <trkpt lat="42.6998433" lon="-71.9016800"><ele>412.0</ele><time>2025-11-22T15:54:36.000Z</time><extensions><gpxtpx:TrackPointExtension><gpxtpx:hr>147</gpxtpx:hr><gpxtpx:cad>55</gpxtpx:cad><gpxtpx:atemp>17.4</gpxtpx:atemp></gpxtpx:TrackPointExtension></extensions></trkpt>
      <trkpt lat="42.6998283" lon="-71.9016600"><ele>414.2</ele><time>2025-11-22T15:54:41.000Z</time><extensions><gpxtpx:TrackPointExtension><gpxtpx:hr>148</gpxtpx:hr><gpxtpx:cad>51</gpxtpx:cad><gpxtpx:atemp>17.3</gpxtpx:atemp></gpxtpx:TrackPointExtension></extensions></trkpt>
      <trkpt lat="42.6998150" lon="-71.9016400"><ele>415.4</ele><time>2025-11-22T15:54:44.000Z</time><extensions><gpxtpx:TrackPointExtension><gpxtpx:hr>148</gpxtpx:hr><gpxtpx:cad>49</gpxtpx:cad><gpxtpx:atemp>17.3</gpxtpx:atemp></gpxtpx:TrackPointExtension></extensions></trkpt>
      <trkpt lat="42.6997950" lon="-71.9016200"><ele>416.8</ele><time>2025-11-22T15:54:49.000Z</time><extensions><gpxtpx:TrackPointExtension><gpxtpx:hr>148</gpxtpx:hr><gpxtpx:cad>41</gpxtpx:cad><gpxtpx:atemp>17.3</gpxtpx:atemp></gpxtpx:TrackPointExtension></extensions></trkpt>
      <trkpt lat="42.6997783" lon="-71.9015700"><ele>417.6</ele><time>2025-11-22T15:54:53.000Z</time><extensions><gpxtpx:TrackPointExtension><gpxtpx:hr>147</gpxtpx:hr><gpxtpx:cad>47</gpxtpx:cad><gpxtpx:atemp>17.3</gpxtpx:atemp></gpxtpx:TrackPointExtension></extensions></trkpt>
      <trkpt lat="42.6997750" lon="-71.9015583"><ele>418.0</ele><time>2025-11-22T15:54:55.000Z</time><extensions><gpxtpx:TrackPointExtension><gpxtpx:hr>147</gpxtpx:hr><gpxtpx:cad>49</gpxtpx:cad><gpxtpx:atemp>17.3</gpxtpx:atemp></gpxtpx:TrackPointExtension></extensions></trkpt>
      <trkpt lat="42.6997650" lon="-71.9015300"><ele>418.2</ele><time>2025-11-22T15:54:58.000Z</time><extensions><gpxtpx:TrackPointExtension><gpxtpx:hr>147</gpxtpx:hr><gpxtpx:cad>50</gpxtpx:cad><gpxtpx:atemp>17.3</gpxtpx:atemp></gpxtpx:TrackPointExtension></extensions></trkpt>
      <trkpt lat="42.6997567" lon="-71.9015017"><ele>418.4</ele><time>2025-11-22T15:55:00.000Z</time><extensions><gpxtpx:TrackPointExtension><gpxtpx:hr>148</gpxtpx:hr><gpxtpx:cad>51</gpxtpx:cad><gpxtpx:atemp>17.3</gpxtpx:atemp></gpxtpx:TrackPointExtension></extensions></trkpt>
      <trkpt lat="42.6997467" lon="-71.9014800"><ele>418.4</ele><time>2025-11-22T15:55:02.000Z</time><extensions><gpxtpx:TrackPointExtension><gpxtpx:hr>149</gpxtpx:hr><gpxtpx:cad>51</gpxtpx:cad><gpxtpx:atemp>17.3</gpxtpx:atemp></gpxtpx:TrackPointExtension></extensions></trkpt>
      <trkpt lat="42.6997300" lon="-71.9014600"><ele>418.4</ele><time>2025-11-22T15:55:04.000Z</time><extensions><gpxtpx:TrackPointExtension><gpxtpx:hr>151</gpxtpx:hr><gpxtpx:cad>52</gpxtpx:cad><gpxtpx:atemp>17.3</gpxtpx:atemp></gpxtpx:TrackPointExtension></extensions></trkpt>
      <trkpt lat="42.6997183" lon="-71.9014417"><ele>418.6</ele><time>2025-11-22T15:55:06.000Z</time><extensions><gpxtpx:TrackPointExtension><gpxtpx:hr>152</gpxtpx:hr><gpxtpx:cad>53</gpxtpx:cad><gpxtpx:atemp>17.2</gpxtpx:atemp></gpxtpx:TrackPointExtension></extensions></trkpt>
      <trkpt lat="42.6997083" lon="-71.9014167"><ele>419.0</ele><time>2025-11-22T15:55:08.000Z</time><extensions><gpxtpx:TrackPointExtension><gpxtpx:hr>152</gpxtpx:hr><gpxtpx:cad>53</gpxtpx:cad><gpxtpx:atemp>17.2</gpxtpx:atemp></gpxtpx:TrackPointExtension></extensions></trkpt>
      <trkpt lat="42.6996917" lon="-71.9013900"><ele>419.4</ele><time>2025-11-22T15:55:11.000Z</time><extensions><gpxtpx:TrackPointExtension><gpxtpx:hr>151</gpxtpx:hr><gpxtpx:cad>50</gpxtpx:cad><gpxtpx:atemp>17.2</gpxtpx:atemp></gpxtpx:TrackPointExtension></extensions></trkpt>
      <trkpt lat="42.6996783" lon="-71.9013667"><ele>419.8</ele><time>2025-11-22T15:55:13.000Z</time><extensions><gpxtpx:TrackPointExtension><gpxtpx:hr>152</gpxtpx:hr><gpxtpx:cad>48</gpxtpx:cad><gpxtpx:atemp>17.2</gpxtpx:atemp></gpxtpx:TrackPointExtension></extensions></trkpt>
      <trkpt lat="42.6996617" lon="-71.9013300"><ele>420.2</ele><time>2025-11-22T15:55:15.000Z</time><extensions><gpxtpx:TrackPointExtension><gpxtpx:hr>154</gpxtpx:hr><gpxtpx:cad>46</gpxtpx:cad><gpxtpx:atemp>17.2</gpxtpx:atemp></gpxtpx:TrackPointExtension></extensions></trkpt>
      <trkpt lat="42.6996417" lon="-71.9013017"><ele>420.4</ele><time>2025-11-22T15:55:17.000Z</time><extensions><gpxtpx:TrackPointExtension><gpxtpx:hr>155</gpxtpx:hr><gpxtpx:cad>45</gpxtpx:cad><gpxtpx:atemp>17.2</gpxtpx:atemp></gpxtpx:TrackPointExtension></extensions></trkpt>
      <trkpt lat="42.6996200" lon="-71.9012867"><ele>420.4</ele><time>2025-11-22T15:55:19.000Z</time><extensions><gpxtpx:TrackPointExtension><gpxtpx:hr>157</gpxtpx:hr><gpxtpx:cad>45</gpxtpx:cad><gpxtpx:atemp>17.2</gpxtpx:atemp></gpxtpx:TrackPointExtension></extensions></trkpt>
      <trkpt lat="42.6995950" lon="-71.9012850"><ele>420.4</ele><time>2025-11-22T15:55:21.000Z</time><extensions><gpxtpx:TrackPointExtension><gpxtpx:hr>158</gpxtpx:hr><gpxtpx:cad>45</gpxtpx:cad><gpxtpx:atemp>17.2</gpxtpx:atemp></gpxtpx:TrackPointExtension></extensions></trkpt>
      <trkpt lat="42.6995717" lon="-71.9012650"><ele>420.6</ele><time>2025-11-22T15:55:23.000Z</time><extensions><gpxtpx:TrackPointExtension><gpxtpx:hr>158</gpxtpx:hr><gpxtpx:cad>46</gpxtpx:cad><gpxtpx:atemp>17.1</gpxtpx:atemp></gpxtpx:TrackPointExtension></extensions></trkpt>
      <trkpt lat="42.6995517" lon="-71.9012517"><ele>420.8</ele><time>2025-11-22T15:55:25.000Z</time><extensions><gpxtpx:TrackPointExtension><gpxtpx:hr>155</gpxtpx:hr><gpxtpx:cad>60</gpxtpx:cad><gpxtpx:atemp>17.2</gpxtpx:atemp></gpxtpx:TrackPointExtension></extensions></trkpt>
      <trkpt lat="42.6995300" lon="-71.9012433"><ele>421.0</ele><time>2025-11-22T15:55:27.000Z</time><extensions><gpxtpx:TrackPointExtension><gpxtpx:hr>155</gpxtpx:hr><gpxtpx:cad>60</gpxtpx:cad><gpxtpx:atemp>17.1</gpxtpx:atemp></gpxtpx:TrackPointExtension></extensions></trkpt>
      <trkpt lat="42.6995100" lon="-71.9012283"><ele>421.4</ele><time>2025-11-22T15:55:29.000Z</time><extensions><gpxtpx:TrackPointExtension><gpxtpx:hr>154</gpxtpx:hr><gpxtpx:cad>60</gpxtpx:cad><gpxtpx:atemp>17.1</gpxtpx:atemp></gpxtpx:TrackPointExtension></extensions></trkpt>
      <trkpt lat="42.6994900" lon="-71.9012133"><ele>421.6</ele><time>2025-11-22T15:55:31.000Z</time><extensions><gpxtpx:TrackPointExtension><gpxtpx:hr>154</gpxtpx:hr><gpxtpx:cad>60</gpxtpx:cad><gpxtpx:atemp>17.1</gpxtpx:atemp></gpxtpx:TrackPointExtension></extensions></trkpt>
      <trkpt lat="42.6994683" lon="-71.9011783"><ele>422.0</ele><time>2025-11-22T15:55:33.000Z</time><extensions><gpxtpx:TrackPointExtension><gpxtpx:hr>153</gpxtpx:hr><gpxtpx:cad>60</gpxtpx:cad><gpxtpx:atemp>17.0</gpxtpx:atemp></gpxtpx:TrackPointExtension></extensions></trkpt>
      <trkpt lat="42.6994517" lon="-71.9011567"><ele>422.4</ele><time>2025-11-22T15:55:35.000Z</time><extensions><gpxtpx:TrackPointExtension><gpxtpx:hr>152</gpxtpx:hr><gpxtpx:cad>60</gpxtpx:cad><gpxtpx:atemp>17.0</gpxtpx:atemp></gpxtpx:TrackPointExtension></extensions></trkpt>
      <trkpt lat="42.6994317" lon="-71.9011517"><ele>422.8</ele><time>2025-11-22T15:55:37.000Z</time><extensions><gpxtpx:TrackPointExtension><gpxtpx:hr>153</gpxtpx:hr><gpxtpx:cad>60</gpxtpx:cad><gpxtpx:atemp>17.0</gpxtpx:atemp></gpxtpx:TrackPointExtension></extensions></trkpt>
      <trkpt lat="42.6994117" lon="-71.9011450"><ele>423.2</ele><time>2025-11-22T15:55:39.000Z</time><extensions><gpxtpx:TrackPointExtension><gpxtpx:hr>154</gpxtpx:hr><gpxtpx:cad>58</gpxtpx:cad><gpxtpx:atemp>16.9</gpxtpx:atemp></gpxtpx:TrackPointExtension></extensions></trkpt>
      <trkpt lat="42.6993850" lon="-71.9011283"><ele>423.6</ele><time>2025-11-22T15:55:41.000Z</time><extensions><gpxtpx:TrackPointExtension><gpxtpx:hr>154</gpxtpx:hr><gpxtpx:cad>56</gpxtpx:cad><gpxtpx:atemp>16.9</gpxtpx:atemp></gpxtpx:TrackPointExtension></extensions></trkpt>
      <trkpt lat="42.6993583" lon="-71.9011050"><ele>423.8</ele><time>2025-11-22T15:55:43.000Z</time><extensions><gpxtpx:TrackPointExtension><gpxtpx:hr>154</gpxtpx:hr><gpxtpx:cad>55</gpxtpx:cad><gpxtpx:atemp>16.9</gpxtpx:atemp></gpxtpx:TrackPointExtension></extensions></trkpt>
      <trkpt lat="42.6993383" lon="-71.9010867"><ele>424.2</ele><time>2025-11-22T15:55:45.000Z</time><extensions><gpxtpx:TrackPointExtension><gpxtpx:hr>154</gpxtpx:hr><gpxtpx:cad>55</gpxtpx:cad><gpxtpx:atemp>16.9</gpxtpx:atemp></gpxtpx:TrackPointExtension></extensions></trkpt>
      <trkpt lat="42.6993233" lon="-71.9010700"><ele>424.4</ele><time>2025-11-22T15:55:47.000Z</time><extensions><gpxtpx:TrackPointExtension><gpxtpx:hr>153</gpxtpx:hr><gpxtpx:cad>55</gpxtpx:cad><gpxtpx:atemp>16.9</gpxtpx:atemp></gpxtpx:TrackPointExtension></extensions></trkpt>
      <trkpt lat="42.6993067" lon="-71.9010567"><ele>424.6</ele><time>2025-11-22T15:55:49.000Z</time><extensions><gpxtpx:TrackPointExtension><gpxtpx:hr>152</gpxtpx:hr><gpxtpx:cad>56</gpxtpx:cad><gpxtpx:atemp>16.8</gpxtpx:atemp></gpxtpx:TrackPointExtension></extensions></trkpt>
      <trkpt lat="42.6992950" lon="-71.9010367"><ele>424.8</ele><time>2025-11-22T15:55:51.000Z</time><extensions><gpxtpx:TrackPointExtension><gpxtpx:hr>152</gpxtpx:hr><gpxtpx:cad>57</gpxtpx:cad><gpxtpx:atemp>16.8</gpxtpx:atemp></gpxtpx:TrackPointExtension></extensions></trkpt>
      <trkpt lat="42.6992767" lon="-71.9010033"><ele>425.4</ele><time>2025-11-22T15:55:54.000Z</time><extensions><gpxtpx:TrackPointExtension><gpxtpx:hr>151</gpxtpx:hr><gpxtpx:cad>57</gpxtpx:cad><gpxtpx:atemp>16.8</gpxtpx:atemp></gpxtpx:TrackPointExtension></extensions></trkpt>
      <trkpt lat="42.6992617" lon="-71.9009767"><ele>426.0</ele><time>2025-11-22T15:55:56.000Z</time><extensions><gpxtpx:TrackPointExtension><gpxtpx:hr>151</gpxtpx:hr><gpxtpx:cad>58</gpxtpx:cad><gpxtpx:atemp>16.8</gpxtpx:atemp></gpxtpx:TrackPointExtension></extensions></trkpt>
      <trkpt lat="42.6992417" lon="-71.9009500"><ele>426.6</ele><time>2025-11-22T15:55:59.000Z</time><extensions><gpxtpx:TrackPointExtension><gpxtpx:hr>149</gpxtpx:hr><gpxtpx:cad>58</gpxtpx:cad><gpxtpx:atemp>16.7</gpxtpx:atemp></gpxtpx:TrackPointExtension></extensions></trkpt>
      <trkpt lat="42.6992267" lon="-71.9009350"><ele>427.0</ele><time>2025-11-22T15:56:01.000Z</time><extensions><gpxtpx:TrackPointExtension><gpxtpx:hr>148</gpxtpx:hr><gpxtpx:cad>58</gpxtpx:cad><gpxtpx:atemp>16.7</gpxtpx:atemp></gpxtpx:TrackPointExtension></extensions></trkpt>
      <trkpt lat="42.6991983" lon="-71.9009283"><ele>427.6</ele><time>2025-11-22T15:56:03.000Z</time><extensions><gpxtpx:TrackPointExtension><gpxtpx:hr>147</gpxtpx:hr><gpxtpx:cad>58</gpxtpx:cad><gpxtpx:atemp>16.7</gpxtpx:atemp></gpxtpx:TrackPointExtension></extensions></trkpt>
      <trkpt lat="42.6991817" lon="-71.9009067"><ele>427.8</ele><time>2025-11-22T15:56:05.000Z</time><extensions><gpxtpx:TrackPointExtension><gpxtpx:hr>148</gpxtpx:hr><gpxtpx:cad>57</gpxtpx:cad><gpxtpx:atemp>16.7</gpxtpx:atemp></gpxtpx:TrackPointExtension></extensions></trkpt>
      <trkpt lat="42.6991567" lon="-71.9009033"><ele>428.0</ele><time>2025-11-22T15:56:07.000Z</time><extensions><gpxtpx:TrackPointExtension><gpxtpx:hr>148</gpxtpx:hr><gpxtpx:cad>56</gpxtpx:cad><gpxtpx:atemp>16.7</gpxtpx:atemp></gpxtpx:TrackPointExtension></extensions></trkpt>
      <trkpt lat="42.6991300" lon="-71.9009100"><ele>428.4</ele><time>2025-11-22T15:56:09.000Z</time><extensions><gpxtpx:TrackPointExtension><gpxtpx:hr>148</gpxtpx:hr><gpxtpx:cad>56</gpxtpx:cad><gpxtpx:atemp>16.6</gpxtpx:atemp></gpxtpx:TrackPointExtension></extensions></trkpt>
      <trkpt lat="42.6991000" lon="-71.9009067"><ele>428.6</ele><time>2025-11-22T15:56:12.000Z</time><extensions><gpxtpx:TrackPointExtension><gpxtpx:hr>146</gpxtpx:hr><gpxtpx:cad>58</gpxtpx:cad><gpxtpx:atemp>16.6</gpxtpx:atemp></gpxtpx:TrackPointExtension></extensions></trkpt>
      <trkpt lat="42.6990733" lon="-71.9009000"><ele>429.0</ele><time>2025-11-22T15:56:14.000Z</time><extensions><gpxtpx:TrackPointExtension><gpxtpx:hr>145</gpxtpx:hr><gpxtpx:cad>61</gpxtpx:cad><gpxtpx:atemp>16.6</gpxtpx:atemp></gpxtpx:TrackPointExtension></extensions></trkpt>
      <trkpt lat="42.6990583" lon="-71.9008833"><ele>429.4</ele><time>2025-11-22T15:56:16.000Z</time><extensions><gpxtpx:TrackPointExtension><gpxtpx:hr>146</gpxtpx:hr><gpxtpx:cad>62</gpxtpx:cad><gpxtpx:atemp>16.6</gpxtpx:atemp></gpxtpx:TrackPointExtension></extensions></trkpt>
      <trkpt lat="42.6990383" lon="-71.9008650"><ele>430.0</ele><time>2025-11-22T15:56:19.000Z</time><extensions><gpxtpx:TrackPointExtension><gpxtpx:hr>145</gpxtpx:hr><gpxtpx:cad>59</gpxtpx:cad><gpxtpx:atemp>16.6</gpxtpx:atemp></gpxtpx:TrackPointExtension></extensions></trkpt>
      <trkpt lat="42.6990283" lon="-71.9008433"><ele>430.4</ele><time>2025-11-22T15:56:21.000Z</time><extensions><gpxtpx:TrackPointExtension><gpxtpx:hr>143</gpxtpx:hr><gpxtpx:cad>59</gpxtpx:cad><gpxtpx:atemp>16.6</gpxtpx:atemp></gpxtpx:TrackPointExtension></extensions></trkpt>
      <trkpt lat="42.6990083" lon="-71.9008267"><ele>430.6</ele><time>2025-11-22T15:56:23.000Z</time><extensions><gpxtpx:TrackPointExtension><gpxtpx:hr>144</gpxtpx:hr><gpxtpx:cad>59</gpxtpx:cad><gpxtpx:atemp>16.5</gpxtpx:atemp></gpxtpx:TrackPointExtension></extensions></trkpt>
      <trkpt lat="42.6989950" lon="-71.9008067"><ele>430.8</ele><time>2025-11-22T15:56:25.000Z</time><extensions><gpxtpx:TrackPointExtension><gpxtpx:hr>145</gpxtpx:hr><gpxtpx:cad>59</gpxtpx:cad><gpxtpx:atemp>16.5</gpxtpx:atemp></gpxtpx:TrackPointExtension></extensions></trkpt>
      <trkpt lat="42.6989717" lon="-71.9007833"><ele>430.8</ele><time>2025-11-22T15:56:27.000Z</time><extensions><gpxtpx:TrackPointExtension><gpxtpx:hr>145</gpxtpx:hr><gpxtpx:cad>49</gpxtpx:cad><gpxtpx:atemp>16.5</gpxtpx:atemp></gpxtpx:TrackPointExtension></extensions></trkpt>
      <trkpt lat="42.6989550" lon="-71.9007567"><ele>430.8</ele><time>2025-11-22T15:56:29.000Z</time><extensions><gpxtpx:TrackPointExtension><gpxtpx:hr>147</gpxtpx:hr><gpxtpx:cad>56</gpxtpx:cad><gpxtpx:atemp>16.5</gpxtpx:atemp></gpxtpx:TrackPointExtension></extensions></trkpt>
      <trkpt lat="42.6989317" lon="-71.9007317"><ele>430.6</ele><time>2025-11-22T15:56:31.000Z</time><extensions><gpxtpx:TrackPointExtension><gpxtpx:hr>146</gpxtpx:hr><gpxtpx:cad>56</gpxtpx:cad><gpxtpx:atemp>16.5</gpxtpx:atemp></gpxtpx:TrackPointExtension></extensions></trkpt>
      <trkpt lat="42.6989150" lon="-71.9007100"><ele>430.6</ele><time>2025-11-22T15:56:33.000Z</time><extensions><gpxtpx:TrackPointExtension><gpxtpx:hr>147</gpxtpx:hr><gpxtpx:cad>56</gpxtpx:cad><gpxtpx:atemp>16.5</gpxtpx:atemp></gpxtpx:TrackPointExtension></extensions></trkpt>
      <trkpt lat="42.6989033" lon="-71.9006883"><ele>430.6</ele><time>2025-11-22T15:56:34.000Z</time><extensions><gpxtpx:TrackPointExtension><gpxtpx:hr>146</gpxtpx:hr><gpxtpx:cad>57</gpxtpx:cad><gpxtpx:atemp>16.5</gpxtpx:atemp></gpxtpx:TrackPointExtension></extensions></trkpt>
      <trkpt lat="42.6988900" lon="-71.9006550"><ele>430.8</ele><time>2025-11-22T15:56:36.000Z</time><extensions><gpxtpx:TrackPointExtension><gpxtpx:hr>147</gpxtpx:hr><gpxtpx:cad>58</gpxtpx:cad><gpxtpx:atemp>16.5</gpxtpx:atemp></gpxtpx:TrackPointExtension></extensions></trkpt>
      <trkpt lat="42.6988767" lon="-71.9006317"><ele>431.0</ele><time>2025-11-22T15:56:38.000Z</time><extensions><gpxtpx:TrackPointExtension><gpxtpx:hr>148</gpxtpx:hr><gpxtpx:cad>57</gpxtpx:cad><gpxtpx:atemp>16.5</gpxtpx:atemp></gpxtpx:TrackPointExtension></extensions></trkpt>
      <trkpt lat="42.6988650" lon="-71.9005983"><ele>431.2</ele><time>2025-11-22T15:56:40.000Z</time><extensions><gpxtpx:TrackPointExtension><gpxtpx:hr>149</gpxtpx:hr><gpxtpx:cad>54</gpxtpx:cad><gpxtpx:atemp>16.5</gpxtpx:atemp></gpxtpx:TrackPointExtension></extensions></trkpt>
      <trkpt lat="42.6988617" lon="-71.9005667"><ele>431.6</ele><time>2025-11-22T15:56:43.000Z</time><extensions><gpxtpx:TrackPointExtension><gpxtpx:hr>152</gpxtpx:hr><gpxtpx:cad>57</gpxtpx:cad><gpxtpx:atemp>16.4</gpxtpx:atemp></gpxtpx:TrackPointExtension></extensions></trkpt>
      <trkpt lat="42.6988533" lon="-71.9005433"><ele>432.0</ele><time>2025-11-22T15:56:45.000Z</time><extensions><gpxtpx:TrackPointExtension><gpxtpx:hr>153</gpxtpx:hr><gpxtpx:cad>57</gpxtpx:cad><gpxtpx:atemp>16.4</gpxtpx:atemp></gpxtpx:TrackPointExtension></extensions></trkpt>
      <trkpt lat="42.6988550" lon="-71.9005183"><ele>432.6</ele><time>2025-11-22T15:56:47.000Z</time><extensions><gpxtpx:TrackPointExtension><gpxtpx:hr>155</gpxtpx:hr><gpxtpx:cad>57</gpxtpx:cad><gpxtpx:atemp>16.5</gpxtpx:atemp></gpxtpx:TrackPointExtension></extensions></trkpt>
      <trkpt lat="42.6988383" lon="-71.9004917"><ele>433.2</ele><time>2025-11-22T15:56:50.000Z</time><extensions><gpxtpx:TrackPointExtension><gpxtpx:hr>157</gpxtpx:hr><gpxtpx:cad>56</gpxtpx:cad><gpxtpx:atemp>16.5</gpxtpx:atemp></gpxtpx:TrackPointExtension></extensions></trkpt>
      <trkpt lat="42.6988183" lon="-71.9004633"><ele>433.6</ele><time>2025-11-22T15:56:52.000Z</time><extensions><gpxtpx:TrackPointExtension><gpxtpx:hr>158</gpxtpx:hr><gpxtpx:cad>56</gpxtpx:cad><gpxtpx:atemp>16.5</gpxtpx:atemp></gpxtpx:TrackPointExtension></extensions></trkpt>
      <trkpt lat="42.6988200" lon="-71.9004267"><ele>434.0</ele><time>2025-11-22T15:56:54.000Z</time><extensions><gpxtpx:TrackPointExtension><gpxtpx:hr>158</gpxtpx:hr><gpxtpx:cad>55</gpxtpx:cad><gpxtpx:atemp>16.4</gpxtpx:atemp></gpxtpx:TrackPointExtension></extensions></trkpt>
      <trkpt lat="42.6988333" lon="-71.9003983"><ele>434.8</ele><time>2025-11-22T15:56:57.000Z</time><extensions><gpxtpx:TrackPointExtension><gpxtpx:hr>158</gpxtpx:hr><gpxtpx:cad>52</gpxtpx:cad><gpxtpx:atemp>16.5</gpxtpx:atemp></gpxtpx:TrackPointExtension></extensions></trkpt>
      <trkpt lat="42.6988250" lon="-71.9003783"><ele>435.0</ele><time>2025-11-22T15:56:59.000Z</time><extensions><gpxtpx:TrackPointExtension><gpxtpx:hr>156</gpxtpx:hr><gpxtpx:cad>52</gpxtpx:cad><gpxtpx:atemp>16.5</gpxtpx:atemp></gpxtpx:TrackPointExtension></extensions></trkpt>
      <trkpt lat="42.6988150" lon="-71.9003550"><ele>435.4</ele><time>2025-11-22T15:57:01.000Z</time><extensions><gpxtpx:TrackPointExtension><gpxtpx:hr>156</gpxtpx:hr><gpxtpx:cad>51</gpxtpx:cad><gpxtpx:atemp>16.5</gpxtpx:atemp></gpxtpx:TrackPointExtension></extensions></trkpt>
      <trkpt lat="42.6987950" lon="-71.9003300"><ele>435.4</ele><time>2025-11-22T15:57:03.000Z</time><extensions><gpxtpx:TrackPointExtension><gpxtpx:hr>154</gpxtpx:hr><gpxtpx:cad>49</gpxtpx:cad><gpxtpx:atemp>16.5</gpxtpx:atemp></gpxtpx:TrackPointExtension></extensions></trkpt>
      <trkpt lat="42.6987883" lon="-71.9003167"><ele>435.6</ele><time>2025-11-22T15:57:04.000Z</time><extensions><gpxtpx:TrackPointExtension><gpxtpx:hr>154</gpxtpx:hr><gpxtpx:cad>51</gpxtpx:cad><gpxtpx:atemp>16.5</gpxtpx:atemp></gpxtpx:TrackPointExtension></extensions></trkpt>
      <trkpt lat="42.6987917" lon="-71.9002867"><ele>435.8</ele><time>2025-11-22T15:57:08.000Z</time><extensions><gpxtpx:TrackPointExtension><gpxtpx:hr>152</gpxtpx:hr><gpxtpx:cad>63</gpxtpx:cad><gpxtpx:atemp>16.5</gpxtpx:atemp></gpxtpx:TrackPointExtension></extensions></trkpt>
      <trkpt lat="42.6988150" lon="-71.9002683"><ele>436.2</ele><time>2025-11-22T15:57:10.000Z</time><extensions><gpxtpx:TrackPointExtension><gpxtpx:hr>152</gpxtpx:hr><gpxtpx:cad>61</gpxtpx:cad><gpxtpx:atemp>16.5</gpxtpx:atemp></gpxtpx:TrackPointExtension></extensions></trkpt>
      <trkpt lat="42.6988367" lon="-71.9002533"><ele>436.6</ele><time>2025-11-22T15:57:12.000Z</time><extensions><gpxtpx:TrackPointExtension><gpxtpx:hr>153</gpxtpx:hr><gpxtpx:cad>61</gpxtpx:cad><gpxtpx:atemp>16.4</gpxtpx:atemp></gpxtpx:TrackPointExtension></extensions></trkpt>
      <trkpt lat="42.6988583" lon="-71.9002350"><ele>437.0</ele><time>2025-11-22T15:57:14.000Z</time><extensions><gpxtpx:TrackPointExtension><gpxtpx:hr>156</gpxtpx:hr><gpxtpx:cad>59</gpxtpx:cad><gpxtpx:atemp>16.4</gpxtpx:atemp></gpxtpx:TrackPointExtension></extensions></trkpt>
      <trkpt lat="42.6988683" lon="-71.9002117"><ele>437.4</ele><time>2025-11-22T15:57:17.000Z</time><extensions><gpxtpx:TrackPointExtension><gpxtpx:hr>160</gpxtpx:hr><gpxtpx:cad>61</gpxtpx:cad><gpxtpx:atemp>16.4</gpxtpx:atemp></gpxtpx:TrackPointExtension></extensions></trkpt>
      <trkpt lat="42.6988783" lon="-71.9001850"><ele>438.0</ele><time>2025-11-22T15:57:20.000Z</time><extensions><gpxtpx:TrackPointExtension><gpxtpx:hr>164</gpxtpx:hr><gpxtpx:cad>62</gpxtpx:cad><gpxtpx:atemp>16.5</gpxtpx:atemp></gpxtpx:TrackPointExtension></extensions></trkpt>
      <trkpt lat="42.6988883" lon="-71.9001650"><ele>438.4</ele><time>2025-11-22T15:57:22.000Z</time><extensions><gpxtpx:TrackPointExtension><gpxtpx:hr>165</gpxtpx:hr><gpxtpx:cad>62</gpxtpx:cad><gpxtpx:atemp>16.4</gpxtpx:atemp></gpxtpx:TrackPointExtension></extensions></trkpt>
      <trkpt lat="42.6988983" lon="-71.9001417"><ele>438.6</ele><time>2025-11-22T15:57:24.000Z</time><extensions><gpxtpx:TrackPointExtension><gpxtpx:hr>165</gpxtpx:hr><gpxtpx:cad>57</gpxtpx:cad><gpxtpx:atemp>16.5</gpxtpx:atemp></gpxtpx:TrackPointExtension></extensions></trkpt>
      <trkpt lat="42.6988983" lon="-71.9001100"><ele>439.2</ele><time>2025-11-22T15:57:27.000Z</time><extensions><gpxtpx:TrackPointExtension><gpxtpx:hr>164</gpxtpx:hr><gpxtpx:cad>56</gpxtpx:cad><gpxtpx:atemp>16.5</gpxtpx:atemp></gpxtpx:TrackPointExtension></extensions></trkpt>
      <trkpt lat="42.6989083" lon="-71.9000883"><ele>439.8</ele><time>2025-11-22T15:57:29.000Z</time><extensions><gpxtpx:TrackPointExtension><gpxtpx:hr>162</gpxtpx:hr><gpxtpx:cad>56</gpxtpx:cad><gpxtpx:atemp>16.5</gpxtpx:atemp></gpxtpx:TrackPointExtension></extensions></trkpt>
      <trkpt lat="42.6989117" lon="-71.9000600"><ele>440.2</ele><time>2025-11-22T15:57:31.000Z</time><extensions><gpxtpx:TrackPointExtension><gpxtpx:hr>160</gpxtpx:hr><gpxtpx:cad>56</gpxtpx:cad><gpxtpx:atemp>16.5</gpxtpx:atemp></gpxtpx:TrackPointExtension></extensions></trkpt>
      <trkpt lat="42.6989183" lon="-71.9000317"><ele>441.0</ele><time>2025-11-22T15:57:33.000Z</time><extensions><gpxtpx:TrackPointExtension><gpxtpx:hr>161</gpxtpx:hr><gpxtpx:cad>56</gpxtpx:cad><gpxtpx:atemp>16.5</gpxtpx:atemp></gpxtpx:TrackPointExtension></extensions></trkpt>
      <trkpt lat="42.6989283" lon="-71.9000050"><ele>442.0</ele><time>2025-11-22T15:57:36.000Z</time><extensions><gpxtpx:TrackPointExtension><gpxtpx:hr>162</gpxtpx:hr><gpxtpx:cad>56</gpxtpx:cad><gpxtpx:atemp>16.5</gpxtpx:atemp></gpxtpx:TrackPointExtension></extensions></trkpt>
      <trkpt lat="42.6989367" lon="-71.8999867"><ele>442.8</ele><time>2025-11-22T15:57:39.000Z</time><extensions><gpxtpx:TrackPointExtension><gpxtpx:hr>162</gpxtpx:hr><gpxtpx:cad>56</gpxtpx:cad><gpxtpx:atemp>16.4</gpxtpx:atemp></gpxtpx:TrackPointExtension></extensions></trkpt>
      <trkpt lat="42.6989567" lon="-71.8999800"><ele>443.6</ele><time>2025-11-22T15:57:41.000Z</time><extensions><gpxtpx:TrackPointExtension><gpxtpx:hr>163</gpxtpx:hr><gpxtpx:cad>56</gpxtpx:cad><gpxtpx:atemp>16.5</gpxtpx:atemp></gpxtpx:TrackPointExtension></extensions></trkpt>
      <trkpt lat="42.6989833" lon="-71.8999617"><ele>444.2</ele><time>2025-11-22T15:57:43.000Z</time><extensions><gpxtpx:TrackPointExtension><gpxtpx:hr>164</gpxtpx:hr><gpxtpx:cad>56</gpxtpx:cad><gpxtpx:atemp>16.5</gpxtpx:atemp></gpxtpx:TrackPointExtension></extensions></trkpt>
      <trkpt lat="42.6990033" lon="-71.8999350"><ele>444.8</ele><time>2025-11-22T15:57:45.000Z</time><extensions><gpxtpx:TrackPointExtension><gpxtpx:hr>165</gpxtpx:hr><gpxtpx:cad>53</gpxtpx:cad><gpxtpx:atemp>16.4</gpxtpx:atemp></gpxtpx:TrackPointExtension></extensions></trkpt>
      <trkpt lat="42.6990117" lon="-71.8999083"><ele>445.4</ele><time>2025-11-22T15:57:47.000Z</time><extensions><gpxtpx:TrackPointExtension><gpxtpx:hr>165</gpxtpx:hr><gpxtpx:cad>53</gpxtpx:cad><gpxtpx:atemp>16.5</gpxtpx:atemp></gpxtpx:TrackPointExtension></extensions></trkpt>
      <trkpt lat="42.6990283" lon="-71.8998900"><ele>446.6</ele><time>2025-11-22T15:57:50.000Z</time><extensions><gpxtpx:TrackPointExtension><gpxtpx:hr>165</gpxtpx:hr><gpxtpx:cad>52</gpxtpx:cad><gpxtpx:atemp>16.4</gpxtpx:atemp></gpxtpx:TrackPointExtension></extensions></trkpt>
      <trkpt lat="42.6990333" lon="-71.8998733"><ele>448.4</ele><time>2025-11-22T15:57:55.000Z</time><extensions><gpxtpx:TrackPointExtension><gpxtpx:hr>165</gpxtpx:hr><gpxtpx:cad>53</gpxtpx:cad><gpxtpx:atemp>16.4</gpxtpx:atemp></gpxtpx:TrackPointExtension></extensions></trkpt>
      <trkpt lat="42.6990467" lon="-71.8998483"><ele>449.2</ele><time>2025-11-22T15:57:57.000Z</time><extensions><gpxtpx:TrackPointExtension><gpxtpx:hr>167</gpxtpx:hr><gpxtpx:cad>53</gpxtpx:cad><gpxtpx:atemp>16.4</gpxtpx:atemp></gpxtpx:TrackPointExtension></extensions></trkpt>
      <trkpt lat="42.6990583" lon="-71.8998233"><ele>450.0</ele><time>2025-11-22T15:57:59.000Z</time><extensions><gpxtpx:TrackPointExtension><gpxtpx:hr>167</gpxtpx:hr><gpxtpx:cad>54</gpxtpx:cad><gpxtpx:atemp>16.4</gpxtpx:atemp></gpxtpx:TrackPointExtension></extensions></trkpt>
      <trkpt lat="42.6990700" lon="-71.8997967"><ele>450.8</ele><time>2025-11-22T15:58:01.000Z</time><extensions><gpxtpx:TrackPointExtension><gpxtpx:hr>168</gpxtpx:hr><gpxtpx:cad>54</gpxtpx:cad><gpxtpx:atemp>16.4</gpxtpx:atemp></gpxtpx:TrackPointExtension></extensions></trkpt>
      <trkpt lat="42.6990650" lon="-71.8997667"><ele>451.8</ele><time>2025-11-22T15:58:04.000Z</time><extensions><gpxtpx:TrackPointExtension><gpxtpx:hr>168</gpxtpx:hr><gpxtpx:cad>54</gpxtpx:cad><gpxtpx:atemp>16.4</gpxtpx:atemp></gpxtpx:TrackPointExtension></extensions></trkpt>
      <trkpt lat="42.6990650" lon="-71.8997250"><ele>453.0</ele><time>2025-11-22T15:58:07.000Z</time><extensions><gpxtpx:TrackPointExtension><gpxtpx:hr>169</gpxtpx:hr><gpxtpx:cad>54</gpxtpx:cad><gpxtpx:atemp>16.4</gpxtpx:atemp></gpxtpx:TrackPointExtension></extensions></trkpt>
      <trkpt lat="42.6990767" lon="-71.8997000"><ele>453.6</ele><time>2025-11-22T15:58:09.000Z</time><extensions><gpxtpx:TrackPointExtension><gpxtpx:hr>170</gpxtpx:hr><gpxtpx:cad>54</gpxtpx:cad><gpxtpx:atemp>16.3</gpxtpx:atemp></gpxtpx:TrackPointExtension></extensions></trkpt>
      <trkpt lat="42.6990850" lon="-71.8996717"><ele>454.0</ele><time>2025-11-22T15:58:11.000Z</time><extensions><gpxtpx:TrackPointExtension><gpxtpx:hr>170</gpxtpx:hr><gpxtpx:cad>56</gpxtpx:cad><gpxtpx:atemp>16.3</gpxtpx:atemp></gpxtpx:TrackPointExtension></extensions></trkpt>
      <trkpt lat="42.6990950" lon="-71.8996450"><ele>454.4</ele><time>2025-11-22T15:58:13.000Z</time><extensions><gpxtpx:TrackPointExtension><gpxtpx:hr>171</gpxtpx:hr><gpxtpx:cad>56</gpxtpx:cad><gpxtpx:atemp>16.3</gpxtpx:atemp></gpxtpx:TrackPointExtension></extensions></trkpt>
      <trkpt lat="42.6991133" lon="-71.8996217"><ele>454.8</ele><time>2025-11-22T15:58:15.000Z</time><extensions><gpxtpx:TrackPointExtension><gpxtpx:hr>172</gpxtpx:hr><gpxtpx:cad>52</gpxtpx:cad><gpxtpx:atemp>16.3</gpxtpx:atemp></gpxtpx:TrackPointExtension></extensions></trkpt>
      <trkpt lat="42.6991217" lon="-71.8996000"><ele>455.0</ele><time>2025-11-22T15:58:17.000Z</time><extensions><gpxtpx:TrackPointExtension><gpxtpx:hr>170</gpxtpx:hr><gpxtpx:cad>50</gpxtpx:cad><gpxtpx:atemp>16.3</gpxtpx:atemp></gpxtpx:TrackPointExtension></extensions></trkpt>
      <trkpt lat="42.6991283" lon="-71.8995783"><ele>455.4</ele><time>2025-11-22T15:58:19.000Z</time><extensions><gpxtpx:TrackPointExtension><gpxtpx:hr>171</gpxtpx:hr><gpxtpx:cad>49</gpxtpx:cad><gpxtpx:atemp>16.3</gpxtpx:atemp></gpxtpx:TrackPointExtension></extensions></trkpt>
      <trkpt lat="42.6991450" lon="-71.8995583"><ele>455.8</ele><time>2025-11-22T15:58:21.000Z</time><extensions><gpxtpx:TrackPointExtension><gpxtpx:hr>171</gpxtpx:hr><gpxtpx:cad>49</gpxtpx:cad><gpxtpx:atemp>16.3</gpxtpx:atemp></gpxtpx:TrackPointExtension></extensions></trkpt>
      <trkpt lat="42.6991583" lon="-71.8995383"><ele>456.6</ele><time>2025-11-22T15:58:24.000Z</time><extensions><gpxtpx:TrackPointExtension><gpxtpx:hr>171</gpxtpx:hr><gpxtpx:cad>49</gpxtpx:cad><gpxtpx:atemp>16.2</gpxtpx:atemp></gpxtpx:TrackPointExtension></extensions></trkpt>
      <trkpt lat="42.6991617" lon="-71.8995117"><ele>457.0</ele><time>2025-11-22T15:58:26.000Z</time><extensions><gpxtpx:TrackPointExtension><gpxtpx:hr>172</gpxtpx:hr><gpxtpx:cad>49</gpxtpx:cad><gpxtpx:atemp>16.3</gpxtpx:atemp></gpxtpx:TrackPointExtension></extensions></trkpt>
      <trkpt lat="42.6991600" lon="-71.8994833"><ele>457.8</ele><time>2025-11-22T15:58:29.000Z</time><extensions><gpxtpx:TrackPointExtension><gpxtpx:hr>171</gpxtpx:hr><gpxtpx:cad>50</gpxtpx:cad><gpxtpx:atemp>16.2</gpxtpx:atemp></gpxtpx:TrackPointExtension></extensions></trkpt>
      <trkpt lat="42.6991717" lon="-71.8994617"><ele>458.2</ele><time>2025-11-22T15:58:31.000Z</time><extensions><gpxtpx:TrackPointExtension><gpxtpx:hr>171</gpxtpx:hr><gpxtpx:cad>50</gpxtpx:cad><gpxtpx:atemp>16.2</gpxtpx:atemp></gpxtpx:TrackPointExtension></extensions></trkpt>
      <trkpt lat="42.6991917" lon="-71.8994417"><ele>459.2</ele><time>2025-11-22T15:58:34.000Z</time><extensions><gpxtpx:TrackPointExtension><gpxtpx:hr>171</gpxtpx:hr><gpxtpx:cad>50</gpxtpx:cad><gpxtpx:atemp>16.2</gpxtpx:atemp></gpxtpx:TrackPointExtension></extensions></trkpt>
      <trkpt lat="42.6992000" lon="-71.8994050"><ele>460.2</ele><time>2025-11-22T15:58:37.000Z</time><extensions><gpxtpx:TrackPointExtension><gpxtpx:hr>171</gpxtpx:hr><gpxtpx:cad>51</gpxtpx:cad><gpxtpx:atemp>16.2</gpxtpx:atemp></gpxtpx:TrackPointExtension></extensions></trkpt>
      <trkpt lat="42.6991967" lon="-71.8993767"><ele>461.0</ele><time>2025-11-22T15:58:39.000Z</time><extensions><gpxtpx:TrackPointExtension><gpxtpx:hr>171</gpxtpx:hr><gpxtpx:cad>52</gpxtpx:cad><gpxtpx:atemp>16.2</gpxtpx:atemp></gpxtpx:TrackPointExtension></extensions></trkpt>
      <trkpt lat="42.6991867" lon="-71.8993450"><ele>461.8</ele><time>2025-11-22T15:58:41.000Z</time><extensions><gpxtpx:TrackPointExtension><gpxtpx:hr>171</gpxtpx:hr><gpxtpx:cad>53</gpxtpx:cad><gpxtpx:atemp>16.2</gpxtpx:atemp></gpxtpx:TrackPointExtension></extensions></trkpt>
      <trkpt lat="42.6991833" lon="-71.8993217"><ele>462.6</ele><time>2025-11-22T15:58:43.000Z</time><extensions><gpxtpx:TrackPointExtension><gpxtpx:hr>171</gpxtpx:hr><gpxtpx:cad>53</gpxtpx:cad><gpxtpx:atemp>16.2</gpxtpx:atemp></gpxtpx:TrackPointExtension></extensions></trkpt>
      <trkpt lat="42.6991700" lon="-71.8992933"><ele>463.4</ele><time>2025-11-22T15:58:45.000Z</time><extensions><gpxtpx:TrackPointExtension><gpxtpx:hr>171</gpxtpx:hr><gpxtpx:cad>54</gpxtpx:cad><gpxtpx:atemp>16.2</gpxtpx:atemp></gpxtpx:TrackPointExtension></extensions></trkpt>
      <trkpt lat="42.6991650" lon="-71.8992600"><ele>464.0</ele><time>2025-11-22T15:58:47.000Z</time><extensions><gpxtpx:TrackPointExtension><gpxtpx:hr>171</gpxtpx:hr><gpxtpx:cad>55</gpxtpx:cad><gpxtpx:atemp>16.2</gpxtpx:atemp></gpxtpx:TrackPointExtension></extensions></trkpt>
      <trkpt lat="42.6991617" lon="-71.8992283"><ele>464.6</ele><time>2025-11-22T15:58:49.000Z</time><extensions><gpxtpx:TrackPointExtension><gpxtpx:hr>172</gpxtpx:hr><gpxtpx:cad>55</gpxtpx:cad><gpxtpx:atemp>16.2</gpxtpx:atemp></gpxtpx:TrackPointExtension></extensions></trkpt>
      <trkpt lat="42.6991583" lon="-71.8992017"><ele>465.0</ele><time>2025-11-22T15:58:51.000Z</time><extensions><gpxtpx:TrackPointExtension><gpxtpx:hr>173</gpxtpx:hr><gpxtpx:cad>55</gpxtpx:cad><gpxtpx:atemp>16.1</gpxtpx:atemp></gpxtpx:TrackPointExtension></extensions></trkpt>
      <trkpt lat="42.6991600" lon="-71.8991717"><ele>465.4</ele><time>2025-11-22T15:58:53.000Z</time><extensions><gpxtpx:TrackPointExtension><gpxtpx:hr>172</gpxtpx:hr><gpxtpx:cad>55</gpxtpx:cad><gpxtpx:atemp>16.1</gpxtpx:atemp></gpxtpx:TrackPointExtension></extensions></trkpt>
      <trkpt lat="42.6991717" lon="-71.8991400"><ele>466.2</ele><time>2025-11-22T15:58:56.000Z</time><extensions><gpxtpx:TrackPointExtension><gpxtpx:hr>172</gpxtpx:hr><gpxtpx:cad>53</gpxtpx:cad><gpxtpx:atemp>16.1</gpxtpx:atemp></gpxtpx:TrackPointExtension></extensions></trkpt>
      <trkpt lat="42.6991733" lon="-71.8991133"><ele>466.8</ele><time>2025-11-22T15:58:58.000Z</time><extensions><gpxtpx:TrackPointExtension><gpxtpx:hr>171</gpxtpx:hr><gpxtpx:cad>53</gpxtpx:cad><gpxtpx:atemp>16.1</gpxtpx:atemp></gpxtpx:TrackPointExtension></extensions></trkpt>
      <trkpt lat="42.6991767" lon="-71.8990850"><ele>467.4</ele><time>2025-11-22T15:59:01.000Z</time><extensions><gpxtpx:TrackPointExtension><gpxtpx:hr>170</gpxtpx:hr><gpxtpx:cad>53</gpxtpx:cad><gpxtpx:atemp>16.1</gpxtpx:atemp></gpxtpx:TrackPointExtension></extensions></trkpt>
      <trkpt lat="42.6991767" lon="-71.8990517"><ele>468.2</ele><time>2025-11-22T15:59:04.000Z</time><extensions><gpxtpx:TrackPointExtension><gpxtpx:hr>170</gpxtpx:hr><gpxtpx:cad>53</gpxtpx:cad><gpxtpx:atemp>16.1</gpxtpx:atemp></gpxtpx:TrackPointExtension></extensions></trkpt>
      <trkpt lat="42.6991767" lon="-71.8990267"><ele>468.6</ele><time>2025-11-22T15:59:06.000Z</time><extensions><gpxtpx:TrackPointExtension><gpxtpx:hr>170</gpxtpx:hr><gpxtpx:cad>53</gpxtpx:cad><gpxtpx:atemp>16.0</gpxtpx:atemp></gpxtpx:TrackPointExtension></extensions></trkpt>
      <trkpt lat="42.6991700" lon="-71.8989983"><ele>469.0</ele><time>2025-11-22T15:59:08.000Z</time><extensions><gpxtpx:TrackPointExtension><gpxtpx:hr>169</gpxtpx:hr><gpxtpx:cad>53</gpxtpx:cad><gpxtpx:atemp>16.0</gpxtpx:atemp></gpxtpx:TrackPointExtension></extensions></trkpt>
      <trkpt lat="42.6991617" lon="-71.8989683"><ele>469.6</ele><time>2025-11-22T15:59:11.000Z</time><extensions><gpxtpx:TrackPointExtension><gpxtpx:hr>169</gpxtpx:hr><gpxtpx:cad>52</gpxtpx:cad><gpxtpx:atemp>16.0</gpxtpx:atemp></gpxtpx:TrackPointExtension></extensions></trkpt>
      <trkpt lat="42.6991617" lon="-71.8989417"><ele>470.0</ele><time>2025-11-22T15:59:13.000Z</time><extensions><gpxtpx:TrackPointExtension><gpxtpx:hr>169</gpxtpx:hr><gpxtpx:cad>52</gpxtpx:cad><gpxtpx:atemp>16.0</gpxtpx:atemp></gpxtpx:TrackPointExtension></extensions></trkpt>
      <trkpt lat="42.6991533" lon="-71.8989200"><ele>470.2</ele><time>2025-11-22T15:59:15.000Z</time><extensions><gpxtpx:TrackPointExtension><gpxtpx:hr>169</gpxtpx:hr><gpxtpx:cad>52</gpxtpx:cad><gpxtpx:atemp>16.0</gpxtpx:atemp></gpxtpx:TrackPointExtension></extensions></trkpt>
      <trkpt lat="42.6991550" lon="-71.8988850"><ele>470.8</ele><time>2025-11-22T15:59:18.000Z</time><extensions><gpxtpx:TrackPointExtension><gpxtpx:hr>168</gpxtpx:hr><gpxtpx:cad>52</gpxtpx:cad><gpxtpx:atemp>16.0</gpxtpx:atemp></gpxtpx:TrackPointExtension></extensions></trkpt>
      <trkpt lat="42.6991467" lon="-71.8988633"><ele>471.6</ele><time>2025-11-22T15:59:21.000Z</time><extensions><gpxtpx:TrackPointExtension><gpxtpx:hr>168</gpxtpx:hr><gpxtpx:cad>53</gpxtpx:cad><gpxtpx:atemp>16.0</gpxtpx:atemp></gpxtpx:TrackPointExtension></extensions></trkpt>
      <trkpt lat="42.6991467" lon="-71.8988267"><ele>472.2</ele><time>2025-11-22T15:59:24.000Z</time><extensions><gpxtpx:TrackPointExtension><gpxtpx:hr>168</gpxtpx:hr><gpxtpx:cad>53</gpxtpx:cad><gpxtpx:atemp>15.9</gpxtpx:atemp></gpxtpx:TrackPointExtension></extensions></trkpt>
      <trkpt lat="42.6991483" lon="-71.8987983"><ele>472.6</ele><time>2025-11-22T15:59:27.000Z</time><extensions><gpxtpx:TrackPointExtension><gpxtpx:hr>169</gpxtpx:hr><gpxtpx:cad>52</gpxtpx:cad><gpxtpx:atemp>15.9</gpxtpx:atemp></gpxtpx:TrackPointExtension></extensions></trkpt>
      <trkpt lat="42.6991383" lon="-71.8987750"><ele>473.0</ele><time>2025-11-22T15:59:30.000Z</time><extensions><gpxtpx:TrackPointExtension><gpxtpx:hr>169</gpxtpx:hr><gpxtpx:cad>50</gpxtpx:cad><gpxtpx:atemp>15.9</gpxtpx:atemp></gpxtpx:TrackPointExtension></extensions></trkpt>
      <trkpt lat="42.6991400" lon="-71.8987467"><ele>473.4</ele><time>2025-11-22T15:59:32.000Z</time><extensions><gpxtpx:TrackPointExtension><gpxtpx:hr>168</gpxtpx:hr><gpxtpx:cad>49</gpxtpx:cad><gpxtpx:atemp>15.9</gpxtpx:atemp></gpxtpx:TrackPointExtension></extensions></trkpt>
      <trkpt lat="42.6991533" lon="-71.8987067"><ele>473.6</ele><time>2025-11-22T15:59:34.000Z</time><extensions><gpxtpx:TrackPointExtension><gpxtpx:hr>168</gpxtpx:hr><gpxtpx:cad>48</gpxtpx:cad><gpxtpx:atemp>15.9</gpxtpx:atemp></gpxtpx:TrackPointExtension></extensions></trkpt>
      <trkpt lat="42.6991567" lon="-71.8986800"><ele>474.0</ele><time>2025-11-22T15:59:36.000Z</time><extensions><gpxtpx:TrackPointExtension><gpxtpx:hr>168</gpxtpx:hr><gpxtpx:cad>48</gpxtpx:cad><gpxtpx:atemp>15.9</gpxtpx:atemp></gpxtpx:TrackPointExtension></extensions></trkpt>
      <trkpt lat="42.6991633" lon="-71.8986550"><ele>474.2</ele><time>2025-11-22T15:59:38.000Z</time><extensions><gpxtpx:TrackPointExtension><gpxtpx:hr>169</gpxtpx:hr><gpxtpx:cad>48</gpxtpx:cad><gpxtpx:atemp>15.9</gpxtpx:atemp></gpxtpx:TrackPointExtension></extensions></trkpt>
      <trkpt lat="42.6991617" lon="-71.8986300"><ele>474.6</ele><time>2025-11-22T15:59:41.000Z</time><extensions><gpxtpx:TrackPointExtension><gpxtpx:hr>168</gpxtpx:hr><gpxtpx:cad>50</gpxtpx:cad><gpxtpx:atemp>15.9</gpxtpx:atemp></gpxtpx:TrackPointExtension></extensions></trkpt>
      <trkpt lat="42.6991567" lon="-71.8985950"><ele>475.0</ele><time>2025-11-22T15:59:44.000Z</time><extensions><gpxtpx:TrackPointExtension><gpxtpx:hr>167</gpxtpx:hr><gpxtpx:cad>52</gpxtpx:cad><gpxtpx:atemp>15.9</gpxtpx:atemp></gpxtpx:TrackPointExtension></extensions></trkpt>
      <trkpt lat="42.6991583" lon="-71.8985700"><ele>475.4</ele><time>2025-11-22T15:59:46.000Z</time><extensions><gpxtpx:TrackPointExtension><gpxtpx:hr>168</gpxtpx:hr><gpxtpx:cad>52</gpxtpx:cad><gpxtpx:atemp>15.9</gpxtpx:atemp></gpxtpx:TrackPointExtension></extensions></trkpt>
      <trkpt lat="42.6991533" lon="-71.8985433"><ele>475.8</ele><time>2025-11-22T15:59:48.000Z</time><extensions><gpxtpx:TrackPointExtension><gpxtpx:hr>168</gpxtpx:hr><gpxtpx:cad>53</gpxtpx:cad><gpxtpx:atemp>15.9</gpxtpx:atemp></gpxtpx:TrackPointExtension></extensions></trkpt>
      <trkpt lat="42.6991650" lon="-71.8985133"><ele>476.4</ele><time>2025-11-22T15:59:51.000Z</time><extensions><gpxtpx:TrackPointExtension><gpxtpx:hr>168</gpxtpx:hr><gpxtpx:cad>54</gpxtpx:cad><gpxtpx:atemp>15.9</gpxtpx:atemp></gpxtpx:TrackPointExtension></extensions></trkpt>
      <trkpt lat="42.6991817" lon="-71.8984967"><ele>476.8</ele><time>2025-11-22T15:59:53.000Z</time><extensions><gpxtpx:TrackPointExtension><gpxtpx:hr>168</gpxtpx:hr><gpxtpx:cad>54</gpxtpx:cad><gpxtpx:atemp>15.9</gpxtpx:atemp></gpxtpx:TrackPointExtension></extensions></trkpt>
      <trkpt lat="42.6991833" lon="-71.8984717"><ele>477.4</ele><time>2025-11-22T15:59:55.000Z</time><extensions><gpxtpx:TrackPointExtension><gpxtpx:hr>168</gpxtpx:hr><gpxtpx:cad>54</gpxtpx:cad><gpxtpx:atemp>15.9</gpxtpx:atemp></gpxtpx:TrackPointExtension></extensions></trkpt>
      <trkpt lat="42.6991850" lon="-71.8984467"><ele>477.8</ele><time>2025-11-22T15:59:57.000Z</time><extensions><gpxtpx:TrackPointExtension><gpxtpx:hr>168</gpxtpx:hr><gpxtpx:cad>53</gpxtpx:cad><gpxtpx:atemp>15.9</gpxtpx:atemp></gpxtpx:TrackPointExtension></extensions></trkpt>
      <trkpt lat="42.6992100" lon="-71.8983817"><ele>479.6</ele><time>2025-11-22T16:00:04.000Z</time><extensions><gpxtpx:TrackPointExtension><gpxtpx:hr>169</gpxtpx:hr><gpxtpx:cad>55</gpxtpx:cad><gpxtpx:atemp>15.9</gpxtpx:atemp></gpxtpx:TrackPointExtension></extensions></trkpt>
      <trkpt lat="42.6992200" lon="-71.8983500"><ele>480.0</ele><time>2025-11-22T16:00:06.000Z</time><extensions><gpxtpx:TrackPointExtension><gpxtpx:hr>169</gpxtpx:hr><gpxtpx:cad>55</gpxtpx:cad><gpxtpx:atemp>15.9</gpxtpx:atemp></gpxtpx:TrackPointExtension></extensions></trkpt>
      <trkpt lat="42.6992417" lon="-71.8983133"><ele>480.8</ele><time>2025-11-22T16:00:09.000Z</time><extensions><gpxtpx:TrackPointExtension><gpxtpx:hr>169</gpxtpx:hr><gpxtpx:cad>55</gpxtpx:cad><gpxtpx:atemp>15.9</gpxtpx:atemp></gpxtpx:TrackPointExtension></extensions></trkpt>
      <trkpt lat="42.6992617" lon="-71.8982900"><ele>481.0</ele><time>2025-11-22T16:00:11.000Z</time><extensions><gpxtpx:TrackPointExtension><gpxtpx:hr>169</gpxtpx:hr><gpxtpx:cad>55</gpxtpx:cad><gpxtpx:atemp>15.9</gpxtpx:atemp></gpxtpx:TrackPointExtension></extensions></trkpt>
      <trkpt lat="42.6992767" lon="-71.8982733"><ele>481.4</ele><time>2025-11-22T16:00:13.000Z</time><extensions><gpxtpx:TrackPointExtension><gpxtpx:hr>168</gpxtpx:hr><gpxtpx:cad>55</gpxtpx:cad><gpxtpx:atemp>15.9</gpxtpx:atemp></gpxtpx:TrackPointExtension></extensions></trkpt>
      <trkpt lat="42.6992750" lon="-71.8982450"><ele>482.0</ele><time>2025-11-22T16:00:15.000Z</time><extensions><gpxtpx:TrackPointExtension><gpxtpx:hr>168</gpxtpx:hr><gpxtpx:cad>55</gpxtpx:cad><gpxtpx:atemp>15.9</gpxtpx:atemp></gpxtpx:TrackPointExtension></extensions></trkpt>
      <trkpt lat="42.6992783" lon="-71.8982167"><ele>482.4</ele><time>2025-11-22T16:00:17.000Z</time><extensions><gpxtpx:TrackPointExtension><gpxtpx:hr>169</gpxtpx:hr><gpxtpx:cad>54</gpxtpx:cad><gpxtpx:atemp>15.9</gpxtpx:atemp></gpxtpx:TrackPointExtension></extensions></trkpt>
      <trkpt lat="42.6992700" lon="-71.8981933"><ele>482.8</ele><time>2025-11-22T16:00:19.000Z</time><extensions><gpxtpx:TrackPointExtension><gpxtpx:hr>169</gpxtpx:hr><gpxtpx:cad>53</gpxtpx:cad><gpxtpx:atemp>15.9</gpxtpx:atemp></gpxtpx:TrackPointExtension></extensions></trkpt>
      <trkpt lat="42.6992683" lon="-71.8981617"><ele>483.4</ele><time>2025-11-22T16:00:22.000Z</time><extensions><gpxtpx:TrackPointExtension><gpxtpx:hr>170</gpxtpx:hr><gpxtpx:cad>51</gpxtpx:cad><gpxtpx:atemp>15.9</gpxtpx:atemp></gpxtpx:TrackPointExtension></extensions></trkpt>
      <trkpt lat="42.6992917" lon="-71.8981467"><ele>484.4</ele><time>2025-11-22T16:00:26.000Z</time><extensions><gpxtpx:TrackPointExtension><gpxtpx:hr>169</gpxtpx:hr><gpxtpx:cad>50</gpxtpx:cad><gpxtpx:atemp>15.9</gpxtpx:atemp></gpxtpx:TrackPointExtension></extensions></trkpt>
      <trkpt lat="42.6993033" lon="-71.8981250"><ele>485.0</ele><time>2025-11-22T16:00:29.000Z</time><extensions><gpxtpx:TrackPointExtension><gpxtpx:hr>170</gpxtpx:hr><gpxtpx:cad>50</gpxtpx:cad><gpxtpx:atemp>16.0</gpxtpx:atemp></gpxtpx:TrackPointExtension></extensions></trkpt>
      <trkpt lat="42.6993200" lon="-71.8981200"><ele>485.8</ele><time>2025-11-22T16:00:32.000Z</time><extensions><gpxtpx:TrackPointExtension><gpxtpx:hr>170</gpxtpx:hr><gpxtpx:cad>50</gpxtpx:cad><gpxtpx:atemp>16.0</gpxtpx:atemp></gpxtpx:TrackPointExtension></extensions></trkpt>
      <trkpt lat="42.6993400" lon="-71.8980967"><ele>486.6</ele><time>2025-11-22T16:00:35.000Z</time><extensions><gpxtpx:TrackPointExtension><gpxtpx:hr>170</gpxtpx:hr><gpxtpx:cad>50</gpxtpx:cad><gpxtpx:atemp>16.0</gpxtpx:atemp></gpxtpx:TrackPointExtension></extensions></trkpt>
      <trkpt lat="42.6993617" lon="-71.8980750"><ele>487.0</ele><time>2025-11-22T16:00:37.000Z</time><extensions><gpxtpx:TrackPointExtension><gpxtpx:hr>170</gpxtpx:hr><gpxtpx:cad>50</gpxtpx:cad><gpxtpx:atemp>16.0</gpxtpx:atemp></gpxtpx:TrackPointExtension></extensions></trkpt>
      <trkpt lat="42.6993733" lon="-71.8980517"><ele>487.4</ele><time>2025-11-22T16:00:39.000Z</time><extensions><gpxtpx:TrackPointExtension><gpxtpx:hr>170</gpxtpx:hr><gpxtpx:cad>48</gpxtpx:cad><gpxtpx:atemp>16.0</gpxtpx:atemp></gpxtpx:TrackPointExtension></extensions></trkpt>
      <trkpt lat="42.6993917" lon="-71.8980317"><ele>487.6</ele><time>2025-11-22T16:00:41.000Z</time><extensions><gpxtpx:TrackPointExtension><gpxtpx:hr>169</gpxtpx:hr><gpxtpx:cad>48</gpxtpx:cad><gpxtpx:atemp>16.0</gpxtpx:atemp></gpxtpx:TrackPointExtension></extensions></trkpt>
      <trkpt lat="42.6994100" lon="-71.8980183"><ele>488.2</ele><time>2025-11-22T16:00:43.000Z</time><extensions><gpxtpx:TrackPointExtension><gpxtpx:hr>169</gpxtpx:hr><gpxtpx:cad>51</gpxtpx:cad><gpxtpx:atemp>16.0</gpxtpx:atemp></gpxtpx:TrackPointExtension></extensions></trkpt>
      <trkpt lat="42.6994333" lon="-71.8980000"><ele>488.6</ele><time>2025-11-22T16:00:45.000Z</time><extensions><gpxtpx:TrackPointExtension><gpxtpx:hr>169</gpxtpx:hr><gpxtpx:cad>51</gpxtpx:cad><gpxtpx:atemp>16.0</gpxtpx:atemp></gpxtpx:TrackPointExtension></extensions></trkpt>
      <trkpt lat="42.6994517" lon="-71.8979900"><ele>489.2</ele><time>2025-11-22T16:00:47.000Z</time><extensions><gpxtpx:TrackPointExtension><gpxtpx:hr>169</gpxtpx:hr><gpxtpx:cad>51</gpxtpx:cad><gpxtpx:atemp>16.0</gpxtpx:atemp></gpxtpx:TrackPointExtension></extensions></trkpt>
      <trkpt lat="42.6994767" lon="-71.8979783"><ele>489.8</ele><time>2025-11-22T16:00:50.000Z</time><extensions><gpxtpx:TrackPointExtension><gpxtpx:hr>170</gpxtpx:hr><gpxtpx:cad>51</gpxtpx:cad><gpxtpx:atemp>16.0</gpxtpx:atemp></gpxtpx:TrackPointExtension></extensions></trkpt>
      <trkpt lat="42.6994967" lon="-71.8979583"><ele>490.2</ele><time>2025-11-22T16:00:52.000Z</time><extensions><gpxtpx:TrackPointExtension><gpxtpx:hr>170</gpxtpx:hr><gpxtpx:cad>51</gpxtpx:cad><gpxtpx:atemp>16.0</gpxtpx:atemp></gpxtpx:TrackPointExtension></extensions></trkpt>
      <trkpt lat="42.6995150" lon="-71.8979433"><ele>490.4</ele><time>2025-11-22T16:00:54.000Z</time><extensions><gpxtpx:TrackPointExtension><gpxtpx:hr>170</gpxtpx:hr><gpxtpx:cad>51</gpxtpx:cad><gpxtpx:atemp>16.0</gpxtpx:atemp></gpxtpx:TrackPointExtension></extensions></trkpt>
      <trkpt lat="42.6995317" lon="-71.8979283"><ele>490.6</ele><time>2025-11-22T16:00:56.000Z</time><extensions><gpxtpx:TrackPointExtension><gpxtpx:hr>170</gpxtpx:hr><gpxtpx:cad>51</gpxtpx:cad><gpxtpx:atemp>16.0</gpxtpx:atemp></gpxtpx:TrackPointExtension></extensions></trkpt>
      <trkpt lat="42.6995483" lon="-71.8979033"><ele>491.0</ele><time>2025-11-22T16:00:59.000Z</time><extensions><gpxtpx:TrackPointExtension><gpxtpx:hr>170</gpxtpx:hr><gpxtpx:cad>52</gpxtpx:cad><gpxtpx:atemp>16.0</gpxtpx:atemp></gpxtpx:TrackPointExtension></extensions></trkpt>
      <trkpt lat="42.6995567" lon="-71.8978817"><ele>491.2</ele><time>2025-11-22T16:01:02.000Z</time><extensions><gpxtpx:TrackPointExtension><gpxtpx:hr>169</gpxtpx:hr><gpxtpx:cad>52</gpxtpx:cad><gpxtpx:atemp>16.0</gpxtpx:atemp></gpxtpx:TrackPointExtension></extensions></trkpt>
      <trkpt lat="42.6995467" lon="-71.8978583"><ele>491.4</ele><time>2025-11-22T16:01:04.000Z</time><extensions><gpxtpx:TrackPointExtension><gpxtpx:hr>169</gpxtpx:hr><gpxtpx:cad>52</gpxtpx:cad><gpxtpx:atemp>16.0</gpxtpx:atemp></gpxtpx:TrackPointExtension></extensions></trkpt>
      <trkpt lat="42.6995400" lon="-71.8978333"><ele>492.0</ele><time>2025-11-22T16:01:07.000Z</time><extensions><gpxtpx:TrackPointExtension><gpxtpx:hr>169</gpxtpx:hr><gpxtpx:cad>51</gpxtpx:cad><gpxtpx:atemp>16.1</gpxtpx:atemp></gpxtpx:TrackPointExtension></extensions></trkpt>
      <trkpt lat="42.6995283" lon="-71.8978133"><ele>492.2</ele><time>2025-11-22T16:01:10.000Z</time><extensions><gpxtpx:TrackPointExtension><gpxtpx:hr>170</gpxtpx:hr><gpxtpx:cad>49</gpxtpx:cad><gpxtpx:atemp>16.0</gpxtpx:atemp></gpxtpx:TrackPointExtension></extensions></trkpt>
      <trkpt lat="42.6995100" lon="-71.8977867"><ele>492.8</ele><time>2025-11-22T16:01:13.000Z</time><extensions><gpxtpx:TrackPointExtension><gpxtpx:hr>169</gpxtpx:hr><gpxtpx:cad>47</gpxtpx:cad><gpxtpx:atemp>16.1</gpxtpx:atemp></gpxtpx:TrackPointExtension></extensions></trkpt>
      <trkpt lat="42.6994883" lon="-71.8977733"><ele>493.4</ele><time>2025-11-22T16:01:16.000Z</time><extensions><gpxtpx:TrackPointExtension><gpxtpx:hr>170</gpxtpx:hr><gpxtpx:cad>47</gpxtpx:cad><gpxtpx:atemp>16.1</gpxtpx:atemp></gpxtpx:TrackPointExtension></extensions></trkpt>
      <trkpt lat="42.6994750" lon="-71.8977483"><ele>494.2</ele><time>2025-11-22T16:01:19.000Z</time><extensions><gpxtpx:TrackPointExtension><gpxtpx:hr>169</gpxtpx:hr><gpxtpx:cad>47</gpxtpx:cad><gpxtpx:atemp>16.1</gpxtpx:atemp></gpxtpx:TrackPointExtension></extensions></trkpt>
      <trkpt lat="42.6994633" lon="-71.8977267"><ele>495.0</ele><time>2025-11-22T16:01:22.000Z</time><extensions><gpxtpx:TrackPointExtension><gpxtpx:hr>169</gpxtpx:hr><gpxtpx:cad>47</gpxtpx:cad><gpxtpx:atemp>16.0</gpxtpx:atemp></gpxtpx:TrackPointExtension></extensions></trkpt>
      <trkpt lat="42.6994400" lon="-71.8977200"><ele>495.8</ele><time>2025-11-22T16:01:25.000Z</time><extensions><gpxtpx:TrackPointExtension><gpxtpx:hr>169</gpxtpx:hr><gpxtpx:cad>47</gpxtpx:cad><gpxtpx:atemp>16.1</gpxtpx:atemp></gpxtpx:TrackPointExtension></extensions></trkpt>
      <trkpt lat="42.6994183" lon="-71.8977200"><ele>496.4</ele><time>2025-11-22T16:01:27.000Z</time><extensions><gpxtpx:TrackPointExtension><gpxtpx:hr>169</gpxtpx:hr><gpxtpx:cad>47</gpxtpx:cad><gpxtpx:atemp>16.1</gpxtpx:atemp></gpxtpx:TrackPointExtension></extensions></trkpt>
      <trkpt lat="42.6993933" lon="-71.8977050"><ele>497.2</ele><time>2025-11-22T16:01:30.000Z</time><extensions><gpxtpx:TrackPointExtension><gpxtpx:hr>171</gpxtpx:hr><gpxtpx:cad>47</gpxtpx:cad><gpxtpx:atemp>16.0</gpxtpx:atemp></gpxtpx:TrackPointExtension></extensions></trkpt>
      <trkpt lat="42.6993750" lon="-71.8976850"><ele>497.8</ele><time>2025-11-22T16:01:33.000Z</time><extensions><gpxtpx:TrackPointExtension><gpxtpx:hr>170</gpxtpx:hr><gpxtpx:cad>47</gpxtpx:cad><gpxtpx:atemp>16.0</gpxtpx:atemp></gpxtpx:TrackPointExtension></extensions></trkpt>
      <trkpt lat="42.6993550" lon="-71.8977000"><ele>498.4</ele><time>2025-11-22T16:01:36.000Z</time><extensions><gpxtpx:TrackPointExtension><gpxtpx:hr>171</gpxtpx:hr><gpxtpx:cad>48</gpxtpx:cad><gpxtpx:atemp>16.0</gpxtpx:atemp></gpxtpx:TrackPointExtension></extensions></trkpt>
      <trkpt lat="42.6993300" lon="-71.8977033"><ele>499.0</ele><time>2025-11-22T16:01:39.000Z</time><extensions><gpxtpx:TrackPointExtension><gpxtpx:hr>170</gpxtpx:hr><gpxtpx:cad>49</gpxtpx:cad><gpxtpx:atemp>16.0</gpxtpx:atemp></gpxtpx:TrackPointExtension></extensions></trkpt>
      <trkpt lat="42.6993100" lon="-71.8977117"><ele>499.2</ele><time>2025-11-22T16:01:41.000Z</time><extensions><gpxtpx:TrackPointExtension><gpxtpx:hr>169</gpxtpx:hr><gpxtpx:cad>49</gpxtpx:cad><gpxtpx:atemp>15.9</gpxtpx:atemp></gpxtpx:TrackPointExtension></extensions></trkpt>
      <trkpt lat="42.6992917" lon="-71.8977100"><ele>499.2</ele><time>2025-11-22T16:01:43.000Z</time><extensions><gpxtpx:TrackPointExtension><gpxtpx:hr>170</gpxtpx:hr><gpxtpx:cad>49</gpxtpx:cad><gpxtpx:atemp>15.9</gpxtpx:atemp></gpxtpx:TrackPointExtension></extensions></trkpt>
      <trkpt lat="42.6992700" lon="-71.8977117"><ele>499.2</ele><time>2025-11-22T16:01:46.000Z</time><extensions><gpxtpx:TrackPointExtension><gpxtpx:hr>169</gpxtpx:hr><gpxtpx:cad>50</gpxtpx:cad><gpxtpx:atemp>15.9</gpxtpx:atemp></gpxtpx:TrackPointExtension></extensions></trkpt>
      <trkpt lat="42.6992483" lon="-71.8977167"><ele>499.2</ele><time>2025-11-22T16:01:49.000Z</time><extensions><gpxtpx:TrackPointExtension><gpxtpx:hr>167</gpxtpx:hr><gpxtpx:cad>51</gpxtpx:cad><gpxtpx:atemp>15.9</gpxtpx:atemp></gpxtpx:TrackPointExtension></extensions></trkpt>
      <trkpt lat="42.6992367" lon="-71.8976950"><ele>499.4</ele><time>2025-11-22T16:01:52.000Z</time><extensions><gpxtpx:TrackPointExtension><gpxtpx:hr>168</gpxtpx:hr><gpxtpx:cad>51</gpxtpx:cad><gpxtpx:atemp>15.9</gpxtpx:atemp></gpxtpx:TrackPointExtension></extensions></trkpt>
      <trkpt lat="42.6992317" lon="-71.8976683"><ele>499.8</ele><time>2025-11-22T16:01:55.000Z</time><extensions><gpxtpx:TrackPointExtension><gpxtpx:hr>166</gpxtpx:hr><gpxtpx:cad>44</gpxtpx:cad><gpxtpx:atemp>15.9</gpxtpx:atemp></gpxtpx:TrackPointExtension></extensions></trkpt>
      <trkpt lat="42.6992133" lon="-71.8976450"><ele>500.2</ele><time>2025-11-22T16:01:58.000Z</time><extensions><gpxtpx:TrackPointExtension><gpxtpx:hr>166</gpxtpx:hr><gpxtpx:cad>43</gpxtpx:cad><gpxtpx:atemp>15.9</gpxtpx:atemp></gpxtpx:TrackPointExtension></extensions></trkpt>
      <trkpt lat="42.6992017" lon="-71.8976250"><ele>500.6</ele><time>2025-11-22T16:02:00.000Z</time><extensions><gpxtpx:TrackPointExtension><gpxtpx:hr>167</gpxtpx:hr><gpxtpx:cad>42</gpxtpx:cad><gpxtpx:atemp>15.9</gpxtpx:atemp></gpxtpx:TrackPointExtension></extensions></trkpt>
      <trkpt lat="42.6991833" lon="-71.8976050"><ele>501.0</ele><time>2025-11-22T16:02:03.000Z</time><extensions><gpxtpx:TrackPointExtension><gpxtpx:hr>168</gpxtpx:hr><gpxtpx:cad>42</gpxtpx:cad><gpxtpx:atemp>15.9</gpxtpx:atemp></gpxtpx:TrackPointExtension></extensions></trkpt>
      <trkpt lat="42.6991683" lon="-71.8975917"><ele>501.2</ele><time>2025-11-22T16:02:05.000Z</time><extensions><gpxtpx:TrackPointExtension><gpxtpx:hr>167</gpxtpx:hr><gpxtpx:cad>42</gpxtpx:cad><gpxtpx:atemp>15.9</gpxtpx:atemp></gpxtpx:TrackPointExtension></extensions></trkpt>
      <trkpt lat="42.6991517" lon="-71.8975817"><ele>501.4</ele><time>2025-11-22T16:02:07.000Z</time><extensions><gpxtpx:TrackPointExtension><gpxtpx:hr>166</gpxtpx:hr><gpxtpx:cad>43</gpxtpx:cad><gpxtpx:atemp>15.9</gpxtpx:atemp></gpxtpx:TrackPointExtension></extensions></trkpt>
      <trkpt lat="42.6991317" lon="-71.8975683"><ele>501.8</ele><time>2025-11-22T16:02:09.000Z</time><extensions><gpxtpx:TrackPointExtension><gpxtpx:hr>166</gpxtpx:hr><gpxtpx:cad>44</gpxtpx:cad><gpxtpx:atemp>15.9</gpxtpx:atemp></gpxtpx:TrackPointExtension></extensions></trkpt>
      <trkpt lat="42.6991117" lon="-71.8975650"><ele>502.0</ele><time>2025-11-22T16:02:12.000Z</time><extensions><gpxtpx:TrackPointExtension><gpxtpx:hr>166</gpxtpx:hr><gpxtpx:cad>48</gpxtpx:cad><gpxtpx:atemp>15.9</gpxtpx:atemp></gpxtpx:TrackPointExtension></extensions></trkpt>
      <trkpt lat="42.6990900" lon="-71.8975800"><ele>502.2</ele><time>2025-11-22T16:02:15.000Z</time><extensions><gpxtpx:TrackPointExtension><gpxtpx:hr>166</gpxtpx:hr><gpxtpx:cad>51</gpxtpx:cad><gpxtpx:atemp>15.9</gpxtpx:atemp></gpxtpx:TrackPointExtension></extensions></trkpt>
      <trkpt lat="42.6990650" lon="-71.8975883"><ele>502.4</ele><time>2025-11-22T16:02:18.000Z</time><extensions><gpxtpx:TrackPointExtension><gpxtpx:hr>165</gpxtpx:hr><gpxtpx:cad>57</gpxtpx:cad><gpxtpx:atemp>15.9</gpxtpx:atemp></gpxtpx:TrackPointExtension></extensions></trkpt>
      <trkpt lat="42.6990450" lon="-71.8976000"><ele>502.6</ele><time>2025-11-22T16:02:20.000Z</time><extensions><gpxtpx:TrackPointExtension><gpxtpx:hr>165</gpxtpx:hr><gpxtpx:cad>57</gpxtpx:cad><gpxtpx:atemp>15.9</gpxtpx:atemp></gpxtpx:TrackPointExtension></extensions></trkpt>
      <trkpt lat="42.6990250" lon="-71.8976183"><ele>502.6</ele><time>2025-11-22T16:02:22.000Z</time><extensions><gpxtpx:TrackPointExtension><gpxtpx:hr>165</gpxtpx:hr><gpxtpx:cad>58</gpxtpx:cad><gpxtpx:atemp>15.9</gpxtpx:atemp></gpxtpx:TrackPointExtension></extensions></trkpt>
      <trkpt lat="42.6990050" lon="-71.8976100"><ele>502.8</ele><time>2025-11-22T16:02:24.000Z</time><extensions><gpxtpx:TrackPointExtension><gpxtpx:hr>163</gpxtpx:hr><gpxtpx:cad>61</gpxtpx:cad><gpxtpx:atemp>15.9</gpxtpx:atemp></gpxtpx:TrackPointExtension></extensions></trkpt>
      <trkpt lat="42.6989817" lon="-71.8976017"><ele>502.8</ele><time>2025-11-22T16:02:26.000Z</time><extensions><gpxtpx:TrackPointExtension><gpxtpx:hr>164</gpxtpx:hr><gpxtpx:cad>63</gpxtpx:cad><gpxtpx:atemp>15.9</gpxtpx:atemp></gpxtpx:TrackPointExtension></extensions></trkpt>
      <trkpt lat="42.6989650" lon="-71.8975883"><ele>503.0</ele><time>2025-11-22T16:02:28.000Z</time><extensions><gpxtpx:TrackPointExtension><gpxtpx:hr>161</gpxtpx:hr><gpxtpx:cad>63</gpxtpx:cad><gpxtpx:atemp>15.9</gpxtpx:atemp></gpxtpx:TrackPointExtension></extensions></trkpt>
      <trkpt lat="42.6989417" lon="-71.8975767"><ele>503.0</ele><time>2025-11-22T16:02:30.000Z</time><extensions><gpxtpx:TrackPointExtension><gpxtpx:hr>160</gpxtpx:hr><gpxtpx:cad>61</gpxtpx:cad><gpxtpx:atemp>15.8</gpxtpx:atemp></gpxtpx:TrackPointExtension></extensions></trkpt>
      <trkpt lat="42.6989183" lon="-71.8975733"><ele>503.2</ele><time>2025-11-22T16:02:32.000Z</time><extensions><gpxtpx:TrackPointExtension><gpxtpx:hr>160</gpxtpx:hr><gpxtpx:cad>58</gpxtpx:cad><gpxtpx:atemp>15.8</gpxtpx:atemp></gpxtpx:TrackPointExtension></extensions></trkpt>
      <trkpt lat="42.6988967" lon="-71.8975617"><ele>503.2</ele><time>2025-11-22T16:02:34.000Z</time><extensions><gpxtpx:TrackPointExtension><gpxtpx:hr>160</gpxtpx:hr><gpxtpx:cad>58</gpxtpx:cad><gpxtpx:atemp>15.8</gpxtpx:atemp></gpxtpx:TrackPointExtension></extensions></trkpt>
      <trkpt lat="42.6988767" lon="-71.8975683"><ele>503.2</ele><time>2025-11-22T16:02:36.000Z</time><extensions><gpxtpx:TrackPointExtension><gpxtpx:hr>158</gpxtpx:hr><gpxtpx:cad>58</gpxtpx:cad><gpxtpx:atemp>15.8</gpxtpx:atemp></gpxtpx:TrackPointExtension></extensions></trkpt>
      <trkpt lat="42.6988533" lon="-71.8975667"><ele>503.2</ele><time>2025-11-22T16:02:38.000Z</time><extensions><gpxtpx:TrackPointExtension><gpxtpx:hr>158</gpxtpx:hr><gpxtpx:cad>58</gpxtpx:cad><gpxtpx:atemp>15.8</gpxtpx:atemp></gpxtpx:TrackPointExtension></extensions></trkpt>
      <trkpt lat="42.6988350" lon="-71.8975600"><ele>503.2</ele><time>2025-11-22T16:02:40.000Z</time><extensions><gpxtpx:TrackPointExtension><gpxtpx:hr>158</gpxtpx:hr><gpxtpx:cad>59</gpxtpx:cad><gpxtpx:atemp>15.8</gpxtpx:atemp></gpxtpx:TrackPointExtension></extensions></trkpt>
      <trkpt lat="42.6988200" lon="-71.8975450"><ele>503.2</ele><time>2025-11-22T16:02:42.000Z</time><extensions><gpxtpx:TrackPointExtension><gpxtpx:hr>159</gpxtpx:hr><gpxtpx:cad>60</gpxtpx:cad><gpxtpx:atemp>15.8</gpxtpx:atemp></gpxtpx:TrackPointExtension></extensions></trkpt>
      <trkpt lat="42.6987983" lon="-71.8975300"><ele>503.2</ele><time>2025-11-22T16:02:44.000Z</time><extensions><gpxtpx:TrackPointExtension><gpxtpx:hr>157</gpxtpx:hr><gpxtpx:cad>60</gpxtpx:cad><gpxtpx:atemp>15.8</gpxtpx:atemp></gpxtpx:TrackPointExtension></extensions></trkpt>
      <trkpt lat="42.6987717" lon="-71.8975167"><ele>503.2</ele><time>2025-11-22T16:02:47.000Z</time><extensions><gpxtpx:TrackPointExtension><gpxtpx:hr>156</gpxtpx:hr><gpxtpx:cad>58</gpxtpx:cad><gpxtpx:atemp>15.8</gpxtpx:atemp></gpxtpx:TrackPointExtension></extensions></trkpt>
      <trkpt lat="42.6987483" lon="-71.8975050"><ele>503.2</ele><time>2025-11-22T16:02:49.000Z</time><extensions><gpxtpx:TrackPointExtension><gpxtpx:hr>155</gpxtpx:hr><gpxtpx:cad>55</gpxtpx:cad><gpxtpx:atemp>15.8</gpxtpx:atemp></gpxtpx:TrackPointExtension></extensions></trkpt>
      <trkpt lat="42.6987267" lon="-71.8974933"><ele>503.4</ele><time>2025-11-22T16:02:51.000Z</time><extensions><gpxtpx:TrackPointExtension><gpxtpx:hr>155</gpxtpx:hr><gpxtpx:cad>49</gpxtpx:cad><gpxtpx:atemp>15.8</gpxtpx:atemp></gpxtpx:TrackPointExtension></extensions></trkpt>
      <trkpt lat="42.6987200" lon="-71.8974633"><ele>503.4</ele><time>2025-11-22T16:02:53.000Z</time><extensions><gpxtpx:TrackPointExtension><gpxtpx:hr>155</gpxtpx:hr><gpxtpx:cad>49</gpxtpx:cad><gpxtpx:atemp>15.8</gpxtpx:atemp></gpxtpx:TrackPointExtension></extensions></trkpt>
      <trkpt lat="42.6987000" lon="-71.8974517"><ele>503.6</ele><time>2025-11-22T16:02:55.000Z</time><extensions><gpxtpx:TrackPointExtension><gpxtpx:hr>153</gpxtpx:hr><gpxtpx:cad>49</gpxtpx:cad><gpxtpx:atemp>15.8</gpxtpx:atemp></gpxtpx:TrackPointExtension></extensions></trkpt>
      <trkpt lat="42.6986817" lon="-71.8974417"><ele>503.6</ele><time>2025-11-22T16:02:57.000Z</time><extensions><gpxtpx:TrackPointExtension><gpxtpx:hr>154</gpxtpx:hr><gpxtpx:cad>55</gpxtpx:cad><gpxtpx:atemp>15.8</gpxtpx:atemp></gpxtpx:TrackPointExtension></extensions></trkpt>
      <trkpt lat="42.6986567" lon="-71.8974233"><ele>503.6</ele><time>2025-11-22T16:02:59.000Z</time><extensions><gpxtpx:TrackPointExtension><gpxtpx:hr>154</gpxtpx:hr><gpxtpx:cad>55</gpxtpx:cad><gpxtpx:atemp>15.8</gpxtpx:atemp></gpxtpx:TrackPointExtension></extensions></trkpt>
      <trkpt lat="42.6986267" lon="-71.8974117"><ele>503.8</ele><time>2025-11-22T16:03:01.000Z</time><extensions><gpxtpx:TrackPointExtension><gpxtpx:hr>155</gpxtpx:hr><gpxtpx:cad>55</gpxtpx:cad><gpxtpx:atemp>15.8</gpxtpx:atemp></gpxtpx:TrackPointExtension></extensions></trkpt>
      <trkpt lat="42.6986033" lon="-71.8974033"><ele>504.0</ele><time>2025-11-22T16:03:03.000Z</time><extensions><gpxtpx:TrackPointExtension><gpxtpx:hr>155</gpxtpx:hr><gpxtpx:cad>55</gpxtpx:cad><gpxtpx:atemp>15.8</gpxtpx:atemp></gpxtpx:TrackPointExtension></extensions></trkpt>
      <trkpt lat="42.6985867" lon="-71.8973833"><ele>504.2</ele><time>2025-11-22T16:03:05.000Z</time><extensions><gpxtpx:TrackPointExtension><gpxtpx:hr>156</gpxtpx:hr><gpxtpx:cad>58</gpxtpx:cad><gpxtpx:atemp>15.7</gpxtpx:atemp></gpxtpx:TrackPointExtension></extensions></trkpt>
      <trkpt lat="42.6985717" lon="-71.8973600"><ele>504.4</ele><time>2025-11-22T16:03:07.000Z</time><extensions><gpxtpx:TrackPointExtension><gpxtpx:hr>156</gpxtpx:hr><gpxtpx:cad>58</gpxtpx:cad><gpxtpx:atemp>15.7</gpxtpx:atemp></gpxtpx:TrackPointExtension></extensions></trkpt>
      <trkpt lat="42.6985517" lon="-71.8973467"><ele>504.4</ele><time>2025-11-22T16:03:09.000Z</time><extensions><gpxtpx:TrackPointExtension><gpxtpx:hr>155</gpxtpx:hr><gpxtpx:cad>58</gpxtpx:cad><gpxtpx:atemp>15.7</gpxtpx:atemp></gpxtpx:TrackPointExtension></extensions></trkpt>
      <trkpt lat="42.6985350" lon="-71.8973333"><ele>504.6</ele><time>2025-11-22T16:03:11.000Z</time><extensions><gpxtpx:TrackPointExtension><gpxtpx:hr>154</gpxtpx:hr><gpxtpx:cad>58</gpxtpx:cad><gpxtpx:atemp>15.7</gpxtpx:atemp></gpxtpx:TrackPointExtension></extensions></trkpt>
      <trkpt lat="42.6985117" lon="-71.8973233"><ele>504.8</ele><time>2025-11-22T16:03:14.000Z</time><extensions><gpxtpx:TrackPointExtension><gpxtpx:hr>152</gpxtpx:hr><gpxtpx:cad>49</gpxtpx:cad><gpxtpx:atemp>15.8</gpxtpx:atemp></gpxtpx:TrackPointExtension></extensions></trkpt>
      <trkpt lat="42.6984933" lon="-71.8973300"><ele>504.8</ele><time>2025-11-22T16:03:16.000Z</time><extensions><gpxtpx:TrackPointExtension><gpxtpx:hr>151</gpxtpx:hr><gpxtpx:cad>47</gpxtpx:cad><gpxtpx:atemp>15.7</gpxtpx:atemp></gpxtpx:TrackPointExtension></extensions></trkpt>
      <trkpt lat="42.6984767" lon="-71.8973433"><ele>504.6</ele><time>2025-11-22T16:03:18.000Z</time><extensions><gpxtpx:TrackPointExtension><gpxtpx:hr>150</gpxtpx:hr><gpxtpx:cad>45</gpxtpx:cad><gpxtpx:atemp>15.7</gpxtpx:atemp></gpxtpx:TrackPointExtension></extensions></trkpt>
      <trkpt lat="42.6984533" lon="-71.8973400"><ele>504.4</ele><time>2025-11-22T16:03:21.000Z</time><extensions><gpxtpx:TrackPointExtension><gpxtpx:hr>150</gpxtpx:hr><gpxtpx:cad>47</gpxtpx:cad><gpxtpx:atemp>15.7</gpxtpx:atemp></gpxtpx:TrackPointExtension></extensions></trkpt>
      <trkpt lat="42.6984333" lon="-71.8973383"><ele>504.2</ele><time>2025-11-22T16:03:24.000Z</time><extensions><gpxtpx:TrackPointExtension><gpxtpx:hr>148</gpxtpx:hr><gpxtpx:cad>51</gpxtpx:cad><gpxtpx:atemp>15.7</gpxtpx:atemp></gpxtpx:TrackPointExtension></extensions></trkpt>
      <trkpt lat="42.6984117" lon="-71.8973350"><ele>504.2</ele><time>2025-11-22T16:03:26.000Z</time><extensions><gpxtpx:TrackPointExtension><gpxtpx:hr>149</gpxtpx:hr><gpxtpx:cad>52</gpxtpx:cad><gpxtpx:atemp>15.7</gpxtpx:atemp></gpxtpx:TrackPointExtension></extensions></trkpt>
      <trkpt lat="42.6983917" lon="-71.8973300"><ele>504.0</ele><time>2025-11-22T16:03:28.000Z</time><extensions><gpxtpx:TrackPointExtension><gpxtpx:hr>148</gpxtpx:hr><gpxtpx:cad>53</gpxtpx:cad><gpxtpx:atemp>15.6</gpxtpx:atemp></gpxtpx:TrackPointExtension></extensions></trkpt>
      <trkpt lat="42.6983683" lon="-71.8973367"><ele>504.0</ele><time>2025-11-22T16:03:30.000Z</time><extensions><gpxtpx:TrackPointExtension><gpxtpx:hr>146</gpxtpx:hr><gpxtpx:cad>53</gpxtpx:cad><gpxtpx:atemp>15.6</gpxtpx:atemp></gpxtpx:TrackPointExtension></extensions></trkpt>
      <trkpt lat="42.6983517" lon="-71.8973250"><ele>504.2</ele><time>2025-11-22T16:03:31.000Z</time><extensions><gpxtpx:TrackPointExtension><gpxtpx:hr>144</gpxtpx:hr><gpxtpx:cad>53</gpxtpx:cad><gpxtpx:atemp>15.6</gpxtpx:atemp></gpxtpx:TrackPointExtension></extensions></trkpt>
      <trkpt lat="42.6983333" lon="-71.8973150"><ele>504.2</ele><time>2025-11-22T16:03:33.000Z</time><extensions><gpxtpx:TrackPointExtension><gpxtpx:hr>145</gpxtpx:hr><gpxtpx:cad>54</gpxtpx:cad><gpxtpx:atemp>15.6</gpxtpx:atemp></gpxtpx:TrackPointExtension></extensions></trkpt>
      <trkpt lat="42.6983083" lon="-71.8973150"><ele>504.6</ele><time>2025-11-22T16:03:35.000Z</time><extensions><gpxtpx:TrackPointExtension><gpxtpx:hr>146</gpxtpx:hr><gpxtpx:cad>55</gpxtpx:cad><gpxtpx:atemp>15.6</gpxtpx:atemp></gpxtpx:TrackPointExtension></extensions></trkpt>
      <trkpt lat="42.6982900" lon="-71.8973067"><ele>504.6</ele><time>2025-11-22T16:03:36.000Z</time><extensions><gpxtpx:TrackPointExtension><gpxtpx:hr>146</gpxtpx:hr><gpxtpx:cad>56</gpxtpx:cad><gpxtpx:atemp>15.6</gpxtpx:atemp></gpxtpx:TrackPointExtension></extensions></trkpt>
      <trkpt lat="42.6982583" lon="-71.8972817"><ele>504.8</ele><time>2025-11-22T16:03:38.000Z</time><extensions><gpxtpx:TrackPointExtension><gpxtpx:hr>146</gpxtpx:hr><gpxtpx:cad>60</gpxtpx:cad><gpxtpx:atemp>15.6</gpxtpx:atemp></gpxtpx:TrackPointExtension></extensions></trkpt>
      <trkpt lat="42.6982350" lon="-71.8972617"><ele>505.0</ele><time>2025-11-22T16:03:40.000Z</time><extensions><gpxtpx:TrackPointExtension><gpxtpx:hr>145</gpxtpx:hr><gpxtpx:cad>60</gpxtpx:cad><gpxtpx:atemp>15.5</gpxtpx:atemp></gpxtpx:TrackPointExtension></extensions></trkpt>
      <trkpt lat="42.6982100" lon="-71.8972450"><ele>505.2</ele><time>2025-11-22T16:03:42.000Z</time><extensions><gpxtpx:TrackPointExtension><gpxtpx:hr>144</gpxtpx:hr><gpxtpx:cad>61</gpxtpx:cad><gpxtpx:atemp>15.5</gpxtpx:atemp></gpxtpx:TrackPointExtension></extensions></trkpt>
      <trkpt lat="42.6981867" lon="-71.8972300"><ele>505.6</ele><time>2025-11-22T16:03:44.000Z</time><extensions><gpxtpx:TrackPointExtension><gpxtpx:hr>145</gpxtpx:hr><gpxtpx:cad>61</gpxtpx:cad><gpxtpx:atemp>15.5</gpxtpx:atemp></gpxtpx:TrackPointExtension></extensions></trkpt>
      <trkpt lat="42.6981633" lon="-71.8972283"><ele>505.8</ele><time>2025-11-22T16:03:46.000Z</time><extensions><gpxtpx:TrackPointExtension><gpxtpx:hr>145</gpxtpx:hr><gpxtpx:cad>61</gpxtpx:cad><gpxtpx:atemp>15.5</gpxtpx:atemp></gpxtpx:TrackPointExtension></extensions></trkpt>
      <trkpt lat="42.6981433" lon="-71.8972117"><ele>506.0</ele><time>2025-11-22T16:03:48.000Z</time><extensions><gpxtpx:TrackPointExtension><gpxtpx:hr>145</gpxtpx:hr><gpxtpx:cad>61</gpxtpx:cad><gpxtpx:atemp>15.5</gpxtpx:atemp></gpxtpx:TrackPointExtension></extensions></trkpt>
      <trkpt lat="42.6981300" lon="-71.8971883"><ele>506.2</ele><time>2025-11-22T16:03:50.000Z</time><extensions><gpxtpx:TrackPointExtension><gpxtpx:hr>145</gpxtpx:hr><gpxtpx:cad>59</gpxtpx:cad><gpxtpx:atemp>15.4</gpxtpx:atemp></gpxtpx:TrackPointExtension></extensions></trkpt>
      <trkpt lat="42.6981117" lon="-71.8971650"><ele>506.2</ele><time>2025-11-22T16:03:52.000Z</time><extensions><gpxtpx:TrackPointExtension><gpxtpx:hr>144</gpxtpx:hr><gpxtpx:cad>59</gpxtpx:cad><gpxtpx:atemp>15.4</gpxtpx:atemp></gpxtpx:TrackPointExtension></extensions></trkpt>
      <trkpt lat="42.6980950" lon="-71.8971467"><ele>506.0</ele><time>2025-11-22T16:03:54.000Z</time><extensions><gpxtpx:TrackPointExtension><gpxtpx:hr>143</gpxtpx:hr><gpxtpx:cad>58</gpxtpx:cad><gpxtpx:atemp>15.4</gpxtpx:atemp></gpxtpx:TrackPointExtension></extensions></trkpt>
      <trkpt lat="42.6980750" lon="-71.8971300"><ele>505.8</ele><time>2025-11-22T16:03:56.000Z</time><extensions><gpxtpx:TrackPointExtension><gpxtpx:hr>142</gpxtpx:hr><gpxtpx:cad>57</gpxtpx:cad><gpxtpx:atemp>15.4</gpxtpx:atemp></gpxtpx:TrackPointExtension></extensions></trkpt>
      <trkpt lat="42.6980583" lon="-71.8971167"><ele>505.8</ele><time>2025-11-22T16:03:58.000Z</time><extensions><gpxtpx:TrackPointExtension><gpxtpx:hr>143</gpxtpx:hr><gpxtpx:cad>57</gpxtpx:cad><gpxtpx:atemp>15.4</gpxtpx:atemp></gpxtpx:TrackPointExtension></extensions></trkpt>
      <trkpt lat="42.6980350" lon="-71.8971050"><ele>505.6</ele><time>2025-11-22T16:04:00.000Z</time><extensions><gpxtpx:TrackPointExtension><gpxtpx:hr>142</gpxtpx:hr><gpxtpx:cad>58</gpxtpx:cad><gpxtpx:atemp>15.3</gpxtpx:atemp></gpxtpx:TrackPointExtension></extensions></trkpt>
      <trkpt lat="42.6980067" lon="-71.8970983"><ele>505.4</ele><time>2025-11-22T16:04:02.000Z</time><extensions><gpxtpx:TrackPointExtension><gpxtpx:hr>142</gpxtpx:hr><gpxtpx:cad>77</gpxtpx:cad><gpxtpx:atemp>15.2</gpxtpx:atemp></gpxtpx:TrackPointExtension></extensions></trkpt>
      <trkpt lat="42.6979800" lon="-71.8971000"><ele>505.2</ele><time>2025-11-22T16:04:04.000Z</time><extensions><gpxtpx:TrackPointExtension><gpxtpx:hr>138</gpxtpx:hr><gpxtpx:cad>77</gpxtpx:cad><gpxtpx:atemp>15.2</gpxtpx:atemp></gpxtpx:TrackPointExtension></extensions></trkpt>
      <trkpt lat="42.6979583" lon="-71.8970950"><ele>505.2</ele><time>2025-11-22T16:04:06.000Z</time><extensions><gpxtpx:TrackPointExtension><gpxtpx:hr>137</gpxtpx:hr><gpxtpx:cad>64</gpxtpx:cad><gpxtpx:atemp>15.2</gpxtpx:atemp></gpxtpx:TrackPointExtension></extensions></trkpt>
      <trkpt lat="42.6979383" lon="-71.8970833"><ele>505.0</ele><time>2025-11-22T16:04:08.000Z</time><extensions><gpxtpx:TrackPointExtension><gpxtpx:hr>138</gpxtpx:hr><gpxtpx:cad>64</gpxtpx:cad><gpxtpx:atemp>15.2</gpxtpx:atemp></gpxtpx:TrackPointExtension></extensions></trkpt>
      <trkpt lat="42.6979250" lon="-71.8970667"><ele>504.8</ele><time>2025-11-22T16:04:10.000Z</time><extensions><gpxtpx:TrackPointExtension><gpxtpx:hr>137</gpxtpx:hr><gpxtpx:cad>64</gpxtpx:cad><gpxtpx:atemp>15.1</gpxtpx:atemp></gpxtpx:TrackPointExtension></extensions></trkpt>
      <trkpt lat="42.6979067" lon="-71.8970500"><ele>504.8</ele><time>2025-11-22T16:04:12.000Z</time><extensions><gpxtpx:TrackPointExtension><gpxtpx:hr>137</gpxtpx:hr><gpxtpx:cad>64</gpxtpx:cad><gpxtpx:atemp>15.1</gpxtpx:atemp></gpxtpx:TrackPointExtension></extensions></trkpt>
      <trkpt lat="42.6979033" lon="-71.8970233"><ele>504.6</ele><time>2025-11-22T16:04:14.000Z</time><extensions><gpxtpx:TrackPointExtension><gpxtpx:hr>136</gpxtpx:hr><gpxtpx:cad>63</gpxtpx:cad><gpxtpx:atemp>15.0</gpxtpx:atemp></gpxtpx:TrackPointExtension></extensions></trkpt>
      <trkpt lat="42.6979033" lon="-71.8969933"><ele>504.4</ele><time>2025-11-22T16:04:16.000Z</time><extensions><gpxtpx:TrackPointExtension><gpxtpx:hr>135</gpxtpx:hr><gpxtpx:cad>56</gpxtpx:cad><gpxtpx:atemp>15.0</gpxtpx:atemp></gpxtpx:TrackPointExtension></extensions></trkpt>
      <trkpt lat="42.6979017" lon="-71.8969600"><ele>504.2</ele><time>2025-11-22T16:04:19.000Z</time><extensions><gpxtpx:TrackPointExtension><gpxtpx:hr>134</gpxtpx:hr><gpxtpx:cad>50</gpxtpx:cad><gpxtpx:atemp>15.0</gpxtpx:atemp></gpxtpx:TrackPointExtension></extensions></trkpt>
      <trkpt lat="42.6979050" lon="-71.8969267"><ele>504.2</ele><time>2025-11-22T16:04:21.000Z</time><extensions><gpxtpx:TrackPointExtension><gpxtpx:hr>134</gpxtpx:hr><gpxtpx:cad>50</gpxtpx:cad><gpxtpx:atemp>15.0</gpxtpx:atemp></gpxtpx:TrackPointExtension></extensions></trkpt>
      <trkpt lat="42.6979117" lon="-71.8968967"><ele>504.2</ele><time>2025-11-22T16:04:23.000Z</time><extensions><gpxtpx:TrackPointExtension><gpxtpx:hr>132</gpxtpx:hr><gpxtpx:cad>60</gpxtpx:cad><gpxtpx:atemp>15.0</gpxtpx:atemp></gpxtpx:TrackPointExtension></extensions></trkpt>
      <trkpt lat="42.6979250" lon="-71.8968750"><ele>504.2</ele><time>2025-11-22T16:04:25.000Z</time><extensions><gpxtpx:TrackPointExtension><gpxtpx:hr>131</gpxtpx:hr><gpxtpx:cad>61</gpxtpx:cad><gpxtpx:atemp>14.9</gpxtpx:atemp></gpxtpx:TrackPointExtension></extensions></trkpt>
      <trkpt lat="42.6979383" lon="-71.8968450"><ele>504.2</ele><time>2025-11-22T16:04:27.000Z</time><extensions><gpxtpx:TrackPointExtension><gpxtpx:hr>132</gpxtpx:hr><gpxtpx:cad>61</gpxtpx:cad><gpxtpx:atemp>14.9</gpxtpx:atemp></gpxtpx:TrackPointExtension></extensions></trkpt>
      <trkpt lat="42.6979550" lon="-71.8968150"><ele>504.4</ele><time>2025-11-22T16:04:29.000Z</time><extensions><gpxtpx:TrackPointExtension><gpxtpx:hr>134</gpxtpx:hr><gpxtpx:cad>69</gpxtpx:cad><gpxtpx:atemp>14.9</gpxtpx:atemp></gpxtpx:TrackPointExtension></extensions></trkpt>
      <trkpt lat="42.6979767" lon="-71.8968017"><ele>504.6</ele><time>2025-11-22T16:04:31.000Z</time><extensions><gpxtpx:TrackPointExtension><gpxtpx:hr>133</gpxtpx:hr><gpxtpx:cad>72</gpxtpx:cad><gpxtpx:atemp>15.0</gpxtpx:atemp></gpxtpx:TrackPointExtension></extensions></trkpt>
      <trkpt lat="42.6979950" lon="-71.8967817"><ele>504.8</ele><time>2025-11-22T16:04:33.000Z</time><extensions><gpxtpx:TrackPointExtension><gpxtpx:hr>134</gpxtpx:hr><gpxtpx:cad>73</gpxtpx:cad><gpxtpx:atemp>14.9</gpxtpx:atemp></gpxtpx:TrackPointExtension></extensions></trkpt>
      <trkpt lat="42.6979967" lon="-71.8967467"><ele>505.2</ele><time>2025-11-22T16:04:36.000Z</time><extensions><gpxtpx:TrackPointExtension><gpxtpx:hr>134</gpxtpx:hr><gpxtpx:cad>73</gpxtpx:cad><gpxtpx:atemp>14.9</gpxtpx:atemp></gpxtpx:TrackPointExtension></extensions></trkpt>
      <trkpt lat="42.6980033" lon="-71.8967117"><ele>505.6</ele><time>2025-11-22T16:04:39.000Z</time><extensions><gpxtpx:TrackPointExtension><gpxtpx:hr>136</gpxtpx:hr><gpxtpx:cad>63</gpxtpx:cad><gpxtpx:atemp>14.9</gpxtpx:atemp></gpxtpx:TrackPointExtension></extensions></trkpt>
      <trkpt lat="42.6980083" lon="-71.8966783"><ele>505.8</ele><time>2025-11-22T16:04:41.000Z</time><extensions><gpxtpx:TrackPointExtension><gpxtpx:hr>136</gpxtpx:hr><gpxtpx:cad>60</gpxtpx:cad><gpxtpx:atemp>14.9</gpxtpx:atemp></gpxtpx:TrackPointExtension></extensions></trkpt>
      <trkpt lat="42.6980167" lon="-71.8966533"><ele>506.2</ele><time>2025-11-22T16:04:43.000Z</time><extensions><gpxtpx:TrackPointExtension><gpxtpx:hr>136</gpxtpx:hr><gpxtpx:cad>60</gpxtpx:cad><gpxtpx:atemp>14.9</gpxtpx:atemp></gpxtpx:TrackPointExtension></extensions></trkpt>
      <trkpt lat="42.6980200" lon="-71.8966217"><ele>506.6</ele><time>2025-11-22T16:04:46.000Z</time><extensions><gpxtpx:TrackPointExtension><gpxtpx:hr>136</gpxtpx:hr><gpxtpx:cad>60</gpxtpx:cad><gpxtpx:atemp>14.9</gpxtpx:atemp></gpxtpx:TrackPointExtension></extensions></trkpt>
      <trkpt lat="42.6980350" lon="-71.8966033"><ele>506.8</ele><time>2025-11-22T16:04:48.000Z</time><extensions><gpxtpx:TrackPointExtension><gpxtpx:hr>134</gpxtpx:hr><gpxtpx:cad>60</gpxtpx:cad><gpxtpx:atemp>14.9</gpxtpx:atemp></gpxtpx:TrackPointExtension></extensions></trkpt>
      <trkpt lat="42.6980500" lon="-71.8965867"><ele>506.8</ele><time>2025-11-22T16:04:50.000Z</time><extensions><gpxtpx:TrackPointExtension><gpxtpx:hr>133</gpxtpx:hr><gpxtpx:cad>60</gpxtpx:cad><gpxtpx:atemp>14.9</gpxtpx:atemp></gpxtpx:TrackPointExtension></extensions></trkpt>
      <trkpt lat="42.6980750" lon="-71.8965783"><ele>507.0</ele><time>2025-11-22T16:04:52.000Z</time><extensions><gpxtpx:TrackPointExtension><gpxtpx:hr>134</gpxtpx:hr><gpxtpx:cad>60</gpxtpx:cad><gpxtpx:atemp>14.9</gpxtpx:atemp></gpxtpx:TrackPointExtension></extensions></trkpt>
      <trkpt lat="42.6980950" lon="-71.8965600"><ele>507.2</ele><time>2025-11-22T16:04:54.000Z</time><extensions><gpxtpx:TrackPointExtension><gpxtpx:hr>133</gpxtpx:hr><gpxtpx:cad>60</gpxtpx:cad><gpxtpx:atemp>14.8</gpxtpx:atemp></gpxtpx:TrackPointExtension></extensions></trkpt>
      <trkpt lat="42.6981200" lon="-71.8965467"><ele>507.4</ele><time>2025-11-22T16:04:56.000Z</time><extensions><gpxtpx:TrackPointExtension><gpxtpx:hr>134</gpxtpx:hr><gpxtpx:cad>60</gpxtpx:cad><gpxtpx:atemp>14.9</gpxtpx:atemp></gpxtpx:TrackPointExtension></extensions></trkpt>
      <trkpt lat="42.6981350" lon="-71.8965267"><ele>507.6</ele><time>2025-11-22T16:04:57.000Z</time><extensions><gpxtpx:TrackPointExtension><gpxtpx:hr>134</gpxtpx:hr><gpxtpx:cad>60</gpxtpx:cad><gpxtpx:atemp>14.8</gpxtpx:atemp></gpxtpx:TrackPointExtension></extensions></trkpt>
      <trkpt lat="42.6981500" lon="-71.8965050"><ele>507.6</ele><time>2025-11-22T16:04:58.000Z</time><extensions><gpxtpx:TrackPointExtension><gpxtpx:hr>136</gpxtpx:hr><gpxtpx:cad>62</gpxtpx:cad><gpxtpx:atemp>14.8</gpxtpx:atemp></gpxtpx:TrackPointExtension></extensions></trkpt>
      <trkpt lat="42.6981650" lon="-71.8964817"><ele>507.8</ele><time>2025-11-22T16:04:59.000Z</time><extensions><gpxtpx:TrackPointExtension><gpxtpx:hr>137</gpxtpx:hr><gpxtpx:cad>71</gpxtpx:cad><gpxtpx:atemp>14.8</gpxtpx:atemp></gpxtpx:TrackPointExtension></extensions></trkpt>
      <trkpt lat="42.6981850" lon="-71.8964633"><ele>507.8</ele><time>2025-11-22T16:05:00.000Z</time><extensions><gpxtpx:TrackPointExtension><gpxtpx:hr>138</gpxtpx:hr><gpxtpx:cad>73</gpxtpx:cad><gpxtpx:atemp>14.8</gpxtpx:atemp></gpxtpx:TrackPointExtension></extensions></trkpt>
      <trkpt lat="42.6982000" lon="-71.8964433"><ele>508.0</ele><time>2025-11-22T16:05:01.000Z</time><extensions><gpxtpx:TrackPointExtension><gpxtpx:hr>140</gpxtpx:hr><gpxtpx:cad>74</gpxtpx:cad><gpxtpx:atemp>14.8</gpxtpx:atemp></gpxtpx:TrackPointExtension></extensions></trkpt>
      <trkpt lat="42.6982083" lon="-71.8964167"><ele>508.0</ele><time>2025-11-22T16:05:02.000Z</time><extensions><gpxtpx:TrackPointExtension><gpxtpx:hr>141</gpxtpx:hr><gpxtpx:cad>76</gpxtpx:cad><gpxtpx:atemp>14.8</gpxtpx:atemp></gpxtpx:TrackPointExtension></extensions></trkpt>
      <trkpt lat="42.6982117" lon="-71.8963667"><ele>508.2</ele><time>2025-11-22T16:05:04.000Z</time><extensions><gpxtpx:TrackPointExtension><gpxtpx:hr>142</gpxtpx:hr><gpxtpx:cad>77</gpxtpx:cad><gpxtpx:atemp>14.8</gpxtpx:atemp></gpxtpx:TrackPointExtension></extensions></trkpt>
      <trkpt lat="42.6982067" lon="-71.8963400"><ele>508.2</ele><time>2025-11-22T16:05:05.000Z</time><extensions><gpxtpx:TrackPointExtension><gpxtpx:hr>143</gpxtpx:hr><gpxtpx:cad>80</gpxtpx:cad><gpxtpx:atemp>14.8</gpxtpx:atemp></gpxtpx:TrackPointExtension></extensions></trkpt>
      <trkpt lat="42.6982067" lon="-71.8963133"><ele>508.2</ele><time>2025-11-22T16:05:06.000Z</time><extensions><gpxtpx:TrackPointExtension><gpxtpx:hr>146</gpxtpx:hr><gpxtpx:cad>80</gpxtpx:cad><gpxtpx:atemp>14.8</gpxtpx:atemp></gpxtpx:TrackPointExtension></extensions></trkpt>
      <trkpt lat="42.6982117" lon="-71.8962850"><ele>508.2</ele><time>2025-11-22T16:05:07.000Z</time><extensions><gpxtpx:TrackPointExtension><gpxtpx:hr>147</gpxtpx:hr><gpxtpx:cad>81</gpxtpx:cad><gpxtpx:atemp>14.8</gpxtpx:atemp></gpxtpx:TrackPointExtension></extensions></trkpt>
      <trkpt lat="42.6982233" lon="-71.8962450"><ele>508.2</ele><time>2025-11-22T16:05:08.000Z</time><extensions><gpxtpx:TrackPointExtension><gpxtpx:hr>147</gpxtpx:hr><gpxtpx:cad>82</gpxtpx:cad><gpxtpx:atemp>14.8</gpxtpx:atemp></gpxtpx:TrackPointExtension></extensions></trkpt>
      <trkpt lat="42.6982317" lon="-71.8962167"><ele>508.0</ele><time>2025-11-22T16:05:09.000Z</time><extensions><gpxtpx:TrackPointExtension><gpxtpx:hr>147</gpxtpx:hr><gpxtpx:cad>82</gpxtpx:cad><gpxtpx:atemp>14.8</gpxtpx:atemp></gpxtpx:TrackPointExtension></extensions></trkpt>
      <trkpt lat="42.6982367" lon="-71.8961900"><ele>508.0</ele><time>2025-11-22T16:05:10.000Z</time><extensions><gpxtpx:TrackPointExtension><gpxtpx:hr>149</gpxtpx:hr><gpxtpx:cad>83</gpxtpx:cad><gpxtpx:atemp>14.7</gpxtpx:atemp></gpxtpx:TrackPointExtension></extensions></trkpt>
      <trkpt lat="42.6982417" lon="-71.8961633"><ele>507.8</ele><time>2025-11-22T16:05:11.000Z</time><extensions><gpxtpx:TrackPointExtension><gpxtpx:hr>149</gpxtpx:hr><gpxtpx:cad>83</gpxtpx:cad><gpxtpx:atemp>14.7</gpxtpx:atemp></gpxtpx:TrackPointExtension></extensions></trkpt>
      <trkpt lat="42.6982433" lon="-71.8961367"><ele>507.8</ele><time>2025-11-22T16:05:12.000Z</time><extensions><gpxtpx:TrackPointExtension><gpxtpx:hr>149</gpxtpx:hr><gpxtpx:cad>83</gpxtpx:cad><gpxtpx:atemp>14.7</gpxtpx:atemp></gpxtpx:TrackPointExtension></extensions></trkpt>
      <trkpt lat="42.6982450" lon="-71.8960950"><ele>507.6</ele><time>2025-11-22T16:05:14.000Z</time><extensions><gpxtpx:TrackPointExtension><gpxtpx:hr>150</gpxtpx:hr><gpxtpx:cad>82</gpxtpx:cad><gpxtpx:atemp>14.7</gpxtpx:atemp></gpxtpx:TrackPointExtension></extensions></trkpt>
      <trkpt lat="42.6982483" lon="-71.8960633"><ele>507.6</ele><time>2025-11-22T16:05:16.000Z</time><extensions><gpxtpx:TrackPointExtension><gpxtpx:hr>150</gpxtpx:hr><gpxtpx:cad>77</gpxtpx:cad><gpxtpx:atemp>14.7</gpxtpx:atemp></gpxtpx:TrackPointExtension></extensions></trkpt>
      <trkpt lat="42.6982467" lon="-71.8960367"><ele>507.6</ele><time>2025-11-22T16:05:18.000Z</time><extensions><gpxtpx:TrackPointExtension><gpxtpx:hr>150</gpxtpx:hr><gpxtpx:cad>72</gpxtpx:cad><gpxtpx:atemp>14.7</gpxtpx:atemp></gpxtpx:TrackPointExtension></extensions></trkpt>
      <trkpt lat="42.6982417" lon="-71.8960033"><ele>507.6</ele><time>2025-11-22T16:05:21.000Z</time><extensions><gpxtpx:TrackPointExtension><gpxtpx:hr>149</gpxtpx:hr><gpxtpx:cad>60</gpxtpx:cad><gpxtpx:atemp>14.6</gpxtpx:atemp></gpxtpx:TrackPointExtension></extensions></trkpt>
      <trkpt lat="42.6982350" lon="-71.8959683"><ele>508.0</ele><time>2025-11-22T16:05:24.000Z</time><extensions><gpxtpx:TrackPointExtension><gpxtpx:hr>147</gpxtpx:hr><gpxtpx:cad>55</gpxtpx:cad><gpxtpx:atemp>14.6</gpxtpx:atemp></gpxtpx:TrackPointExtension></extensions></trkpt>
      <trkpt lat="42.6982217" lon="-71.8959417"><ele>508.4</ele><time>2025-11-22T16:05:27.000Z</time><extensions><gpxtpx:TrackPointExtension><gpxtpx:hr>148</gpxtpx:hr><gpxtpx:cad>53</gpxtpx:cad><gpxtpx:atemp>14.6</gpxtpx:atemp></gpxtpx:TrackPointExtension></extensions></trkpt>
      <trkpt lat="42.6982133" lon="-71.8959133"><ele>508.8</ele><time>2025-11-22T16:05:30.000Z</time><extensions><gpxtpx:TrackPointExtension><gpxtpx:hr>148</gpxtpx:hr><gpxtpx:cad>53</gpxtpx:cad><gpxtpx:atemp>14.6</gpxtpx:atemp></gpxtpx:TrackPointExtension></extensions></trkpt>
      <trkpt lat="42.6981983" lon="-71.8958950"><ele>509.2</ele><time>2025-11-22T16:05:32.000Z</time><extensions><gpxtpx:TrackPointExtension><gpxtpx:hr>148</gpxtpx:hr><gpxtpx:cad>53</gpxtpx:cad><gpxtpx:atemp>14.5</gpxtpx:atemp></gpxtpx:TrackPointExtension></extensions></trkpt>
      <trkpt lat="42.6981817" lon="-71.8958800"><ele>509.4</ele><time>2025-11-22T16:05:34.000Z</time><extensions><gpxtpx:TrackPointExtension><gpxtpx:hr>149</gpxtpx:hr><gpxtpx:cad>53</gpxtpx:cad><gpxtpx:atemp>14.5</gpxtpx:atemp></gpxtpx:TrackPointExtension></extensions></trkpt>
      <trkpt lat="42.6981683" lon="-71.8958567"><ele>509.8</ele><time>2025-11-22T16:05:36.000Z</time><extensions><gpxtpx:TrackPointExtension><gpxtpx:hr>149</gpxtpx:hr><gpxtpx:cad>53</gpxtpx:cad><gpxtpx:atemp>14.5</gpxtpx:atemp></gpxtpx:TrackPointExtension></extensions></trkpt>
      <trkpt lat="42.6981450" lon="-71.8958350"><ele>510.2</ele><time>2025-11-22T16:05:38.000Z</time><extensions><gpxtpx:TrackPointExtension><gpxtpx:hr>150</gpxtpx:hr><gpxtpx:cad>52</gpxtpx:cad><gpxtpx:atemp>14.5</gpxtpx:atemp></gpxtpx:TrackPointExtension></extensions></trkpt>
      <trkpt lat="42.6981350" lon="-71.8958117"><ele>510.6</ele><time>2025-11-22T16:05:40.000Z</time><extensions><gpxtpx:TrackPointExtension><gpxtpx:hr>149</gpxtpx:hr><gpxtpx:cad>51</gpxtpx:cad><gpxtpx:atemp>14.4</gpxtpx:atemp></gpxtpx:TrackPointExtension></extensions></trkpt>
      <trkpt lat="42.6981200" lon="-71.8957867"><ele>511.0</ele><time>2025-11-22T16:05:42.000Z</time><extensions><gpxtpx:TrackPointExtension><gpxtpx:hr>148</gpxtpx:hr><gpxtpx:cad>51</gpxtpx:cad><gpxtpx:atemp>14.4</gpxtpx:atemp></gpxtpx:TrackPointExtension></extensions></trkpt>
      <trkpt lat="42.6981000" lon="-71.8957650"><ele>511.4</ele><time>2025-11-22T16:05:44.000Z</time><extensions><gpxtpx:TrackPointExtension><gpxtpx:hr>148</gpxtpx:hr><gpxtpx:cad>51</gpxtpx:cad><gpxtpx:atemp>14.4</gpxtpx:atemp></gpxtpx:TrackPointExtension></extensions></trkpt>
      <trkpt lat="42.6980867" lon="-71.8957300"><ele>511.6</ele><time>2025-11-22T16:05:46.000Z</time><extensions><gpxtpx:TrackPointExtension><gpxtpx:hr>148</gpxtpx:hr><gpxtpx:cad>55</gpxtpx:cad><gpxtpx:atemp>14.4</gpxtpx:atemp></gpxtpx:TrackPointExtension></extensions></trkpt>
      <trkpt lat="42.6980700" lon="-71.8957000"><ele>512.0</ele><time>2025-11-22T16:05:48.000Z</time><extensions><gpxtpx:TrackPointExtension><gpxtpx:hr>150</gpxtpx:hr><gpxtpx:cad>56</gpxtpx:cad><gpxtpx:atemp>14.3</gpxtpx:atemp></gpxtpx:TrackPointExtension></extensions></trkpt>
      <trkpt lat="42.6980500" lon="-71.8956867"><ele>512.2</ele><time>2025-11-22T16:05:50.000Z</time><extensions><gpxtpx:TrackPointExtension><gpxtpx:hr>150</gpxtpx:hr><gpxtpx:cad>57</gpxtpx:cad><gpxtpx:atemp>14.3</gpxtpx:atemp></gpxtpx:TrackPointExtension></extensions></trkpt>
      <trkpt lat="42.6980283" lon="-71.8956767"><ele>512.6</ele><time>2025-11-22T16:05:52.000Z</time><extensions><gpxtpx:TrackPointExtension><gpxtpx:hr>150</gpxtpx:hr><gpxtpx:cad>58</gpxtpx:cad><gpxtpx:atemp>14.3</gpxtpx:atemp></gpxtpx:TrackPointExtension></extensions></trkpt>
      <trkpt lat="42.6980050" lon="-71.8956500"><ele>513.0</ele><time>2025-11-22T16:05:54.000Z</time><extensions><gpxtpx:TrackPointExtension><gpxtpx:hr>151</gpxtpx:hr><gpxtpx:cad>58</gpxtpx:cad><gpxtpx:atemp>14.3</gpxtpx:atemp></gpxtpx:TrackPointExtension></extensions></trkpt>
      <trkpt lat="42.6979800" lon="-71.8956283"><ele>513.2</ele><time>2025-11-22T16:05:56.000Z</time><extensions><gpxtpx:TrackPointExtension><gpxtpx:hr>151</gpxtpx:hr><gpxtpx:cad>60</gpxtpx:cad><gpxtpx:atemp>14.2</gpxtpx:atemp></gpxtpx:TrackPointExtension></extensions></trkpt>
      <trkpt lat="42.6979617" lon="-71.8956050"><ele>513.4</ele><time>2025-11-22T16:05:58.000Z</time><extensions><gpxtpx:TrackPointExtension><gpxtpx:hr>152</gpxtpx:hr><gpxtpx:cad>60</gpxtpx:cad><gpxtpx:atemp>14.2</gpxtpx:atemp></gpxtpx:TrackPointExtension></extensions></trkpt>
      <trkpt lat="42.6979433" lon="-71.8955700"><ele>513.8</ele><time>2025-11-22T16:06:00.000Z</time><extensions><gpxtpx:TrackPointExtension><gpxtpx:hr>152</gpxtpx:hr><gpxtpx:cad>64</gpxtpx:cad><gpxtpx:atemp>14.2</gpxtpx:atemp></gpxtpx:TrackPointExtension></extensions></trkpt>
      <trkpt lat="42.6979333" lon="-71.8955467"><ele>513.8</ele><time>2025-11-22T16:06:01.000Z</time><extensions><gpxtpx:TrackPointExtension><gpxtpx:hr>153</gpxtpx:hr><gpxtpx:cad>67</gpxtpx:cad><gpxtpx:atemp>14.2</gpxtpx:atemp></gpxtpx:TrackPointExtension></extensions></trkpt>
      <trkpt lat="42.6979283" lon="-71.8955233"><ele>514.0</ele><time>2025-11-22T16:06:02.000Z</time><extensions><gpxtpx:TrackPointExtension><gpxtpx:hr>154</gpxtpx:hr><gpxtpx:cad>72</gpxtpx:cad><gpxtpx:atemp>14.2</gpxtpx:atemp></gpxtpx:TrackPointExtension></extensions></trkpt>
      <trkpt lat="42.6979067" lon="-71.8954950"><ele>514.4</ele><time>2025-11-22T16:06:04.000Z</time><extensions><gpxtpx:TrackPointExtension><gpxtpx:hr>157</gpxtpx:hr><gpxtpx:cad>77</gpxtpx:cad><gpxtpx:atemp>14.1</gpxtpx:atemp></gpxtpx:TrackPointExtension></extensions></trkpt>
      <trkpt lat="42.6978967" lon="-71.8954733"><ele>514.6</ele><time>2025-11-22T16:06:05.000Z</time><extensions><gpxtpx:TrackPointExtension><gpxtpx:hr>160</gpxtpx:hr><gpxtpx:cad>77</gpxtpx:cad><gpxtpx:atemp>14.1</gpxtpx:atemp></gpxtpx:TrackPointExtension></extensions></trkpt>
      <trkpt lat="42.6978867" lon="-71.8954517"><ele>514.6</ele><time>2025-11-22T16:06:06.000Z</time><extensions><gpxtpx:TrackPointExtension><gpxtpx:hr>162</gpxtpx:hr><gpxtpx:cad>77</gpxtpx:cad><gpxtpx:atemp>14.1</gpxtpx:atemp></gpxtpx:TrackPointExtension></extensions></trkpt>
      <trkpt lat="42.6978800" lon="-71.8954267"><ele>514.8</ele><time>2025-11-22T16:06:07.000Z</time><extensions><gpxtpx:TrackPointExtension><gpxtpx:hr>162</gpxtpx:hr><gpxtpx:cad>77</gpxtpx:cad><gpxtpx:atemp>14.1</gpxtpx:atemp></gpxtpx:TrackPointExtension></extensions></trkpt>
      <trkpt lat="42.6978717" lon="-71.8953883"><ele>515.4</ele><time>2025-11-22T16:06:09.000Z</time><extensions><gpxtpx:TrackPointExtension><gpxtpx:hr>164</gpxtpx:hr><gpxtpx:cad>77</gpxtpx:cad><gpxtpx:atemp>14.1</gpxtpx:atemp></gpxtpx:TrackPointExtension></extensions></trkpt>
      <trkpt lat="42.6978650" lon="-71.8953533"><ele>515.8</ele><time>2025-11-22T16:06:11.000Z</time><extensions><gpxtpx:TrackPointExtension><gpxtpx:hr>166</gpxtpx:hr><gpxtpx:cad>74</gpxtpx:cad><gpxtpx:atemp>14.1</gpxtpx:atemp></gpxtpx:TrackPointExtension></extensions></trkpt>
      <trkpt lat="42.6978633" lon="-71.8953200"><ele>516.0</ele><time>2025-11-22T16:06:13.000Z</time><extensions><gpxtpx:TrackPointExtension><gpxtpx:hr>167</gpxtpx:hr><gpxtpx:cad>69</gpxtpx:cad><gpxtpx:atemp>14.0</gpxtpx:atemp></gpxtpx:TrackPointExtension></extensions></trkpt>
      <trkpt lat="42.6978667" lon="-71.8952867"><ele>516.4</ele><time>2025-11-22T16:06:15.000Z</time><extensions><gpxtpx:TrackPointExtension><gpxtpx:hr>168</gpxtpx:hr><gpxtpx:cad>65</gpxtpx:cad><gpxtpx:atemp>14.0</gpxtpx:atemp></gpxtpx:TrackPointExtension></extensions></trkpt>
      <trkpt lat="42.6978650" lon="-71.8952533"><ele>516.6</ele><time>2025-11-22T16:06:17.000Z</time><extensions><gpxtpx:TrackPointExtension><gpxtpx:hr>168</gpxtpx:hr><gpxtpx:cad>62</gpxtpx:cad><gpxtpx:atemp>14.0</gpxtpx:atemp></gpxtpx:TrackPointExtension></extensions></trkpt>
      <trkpt lat="42.6978667" lon="-71.8952283"><ele>516.8</ele><time>2025-11-22T16:06:18.000Z</time><extensions><gpxtpx:TrackPointExtension><gpxtpx:hr>169</gpxtpx:hr><gpxtpx:cad>61</gpxtpx:cad><gpxtpx:atemp>14.0</gpxtpx:atemp></gpxtpx:TrackPointExtension></extensions></trkpt>
      <trkpt lat="42.6978633" lon="-71.8951933"><ele>517.2</ele><time>2025-11-22T16:06:20.000Z</time><extensions><gpxtpx:TrackPointExtension><gpxtpx:hr>168</gpxtpx:hr><gpxtpx:cad>61</gpxtpx:cad><gpxtpx:atemp>14.0</gpxtpx:atemp></gpxtpx:TrackPointExtension></extensions></trkpt>
      <trkpt lat="42.6978550" lon="-71.8951633"><ele>517.4</ele><time>2025-11-22T16:06:22.000Z</time><extensions><gpxtpx:TrackPointExtension><gpxtpx:hr>167</gpxtpx:hr><gpxtpx:cad>62</gpxtpx:cad><gpxtpx:atemp>14.0</gpxtpx:atemp></gpxtpx:TrackPointExtension></extensions></trkpt>
      <trkpt lat="42.6978400" lon="-71.8951400"><ele>517.8</ele><time>2025-11-22T16:06:24.000Z</time><extensions><gpxtpx:TrackPointExtension><gpxtpx:hr>165</gpxtpx:hr><gpxtpx:cad>66</gpxtpx:cad><gpxtpx:atemp>14.0</gpxtpx:atemp></gpxtpx:TrackPointExtension></extensions></trkpt>
      <trkpt lat="42.6978267" lon="-71.8951100"><ele>518.0</ele><time>2025-11-22T16:06:26.000Z</time><extensions><gpxtpx:TrackPointExtension><gpxtpx:hr>164</gpxtpx:hr><gpxtpx:cad>66</gpxtpx:cad><gpxtpx:atemp>14.0</gpxtpx:atemp></gpxtpx:TrackPointExtension></extensions></trkpt>
      <trkpt lat="42.6978183" lon="-71.8950800"><ele>518.4</ele><time>2025-11-22T16:06:28.000Z</time><extensions><gpxtpx:TrackPointExtension><gpxtpx:hr>163</gpxtpx:hr><gpxtpx:cad>65</gpxtpx:cad><gpxtpx:atemp>13.9</gpxtpx:atemp></gpxtpx:TrackPointExtension></extensions></trkpt>
      <trkpt lat="42.6978050" lon="-71.8950517"><ele>518.8</ele><time>2025-11-22T16:06:31.000Z</time><extensions><gpxtpx:TrackPointExtension><gpxtpx:hr>162</gpxtpx:hr><gpxtpx:cad>56</gpxtpx:cad><gpxtpx:atemp>13.9</gpxtpx:atemp></gpxtpx:TrackPointExtension></extensions></trkpt>
      <trkpt lat="42.6978000" lon="-71.8950300"><ele>519.2</ele><time>2025-11-22T16:06:33.000Z</time><extensions><gpxtpx:TrackPointExtension><gpxtpx:hr>162</gpxtpx:hr><gpxtpx:cad>55</gpxtpx:cad><gpxtpx:atemp>13.9</gpxtpx:atemp></gpxtpx:TrackPointExtension></extensions></trkpt>
      <trkpt lat="42.6978067" lon="-71.8950083"><ele>519.8</ele><time>2025-11-22T16:06:36.000Z</time><extensions><gpxtpx:TrackPointExtension><gpxtpx:hr>163</gpxtpx:hr><gpxtpx:cad>53</gpxtpx:cad><gpxtpx:atemp>13.9</gpxtpx:atemp></gpxtpx:TrackPointExtension></extensions></trkpt>
      <trkpt lat="42.6978217" lon="-71.8949850"><ele>520.2</ele><time>2025-11-22T16:06:39.000Z</time><extensions><gpxtpx:TrackPointExtension><gpxtpx:hr>163</gpxtpx:hr><gpxtpx:cad>51</gpxtpx:cad><gpxtpx:atemp>13.9</gpxtpx:atemp></gpxtpx:TrackPointExtension></extensions></trkpt>
      <trkpt lat="42.6978250" lon="-71.8949600"><ele>520.4</ele><time>2025-11-22T16:06:41.000Z</time><extensions><gpxtpx:TrackPointExtension><gpxtpx:hr>164</gpxtpx:hr><gpxtpx:cad>51</gpxtpx:cad><gpxtpx:atemp>14.0</gpxtpx:atemp></gpxtpx:TrackPointExtension></extensions></trkpt>
      <trkpt lat="42.6978450" lon="-71.8949367"><ele>520.6</ele><time>2025-11-22T16:06:44.000Z</time><extensions><gpxtpx:TrackPointExtension><gpxtpx:hr>166</gpxtpx:hr><gpxtpx:cad>51</gpxtpx:cad><gpxtpx:atemp>14.0</gpxtpx:atemp></gpxtpx:TrackPointExtension></extensions></trkpt>
      <trkpt lat="42.6978567" lon="-71.8949183"><ele>520.8</ele><time>2025-11-22T16:06:47.000Z</time><extensions><gpxtpx:TrackPointExtension><gpxtpx:hr>165</gpxtpx:hr><gpxtpx:cad>51</gpxtpx:cad><gpxtpx:atemp>14.0</gpxtpx:atemp></gpxtpx:TrackPointExtension></extensions></trkpt>
      <trkpt lat="42.6978717" lon="-71.8948983"><ele>521.0</ele><time>2025-11-22T16:06:49.000Z</time><extensions><gpxtpx:TrackPointExtension><gpxtpx:hr>166</gpxtpx:hr><gpxtpx:cad>51</gpxtpx:cad><gpxtpx:atemp>13.9</gpxtpx:atemp></gpxtpx:TrackPointExtension></extensions></trkpt>
      <trkpt lat="42.6978900" lon="-71.8948800"><ele>521.4</ele><time>2025-11-22T16:06:51.000Z</time><extensions><gpxtpx:TrackPointExtension><gpxtpx:hr>167</gpxtpx:hr><gpxtpx:cad>51</gpxtpx:cad><gpxtpx:atemp>13.9</gpxtpx:atemp></gpxtpx:TrackPointExtension></extensions></trkpt>
      <trkpt lat="42.6979033" lon="-71.8948600"><ele>521.6</ele><time>2025-11-22T16:06:53.000Z</time><extensions><gpxtpx:TrackPointExtension><gpxtpx:hr>167</gpxtpx:hr><gpxtpx:cad>51</gpxtpx:cad><gpxtpx:atemp>13.9</gpxtpx:atemp></gpxtpx:TrackPointExtension></extensions></trkpt>
      <trkpt lat="42.6979100" lon="-71.8948300"><ele>522.0</ele><time>2025-11-22T16:06:56.000Z</time><extensions><gpxtpx:TrackPointExtension><gpxtpx:hr>167</gpxtpx:hr><gpxtpx:cad>50</gpxtpx:cad><gpxtpx:atemp>14.0</gpxtpx:atemp></gpxtpx:TrackPointExtension></extensions></trkpt>
      <trkpt lat="42.6979100" lon="-71.8947983"><ele>522.6</ele><time>2025-11-22T16:06:59.000Z</time><extensions><gpxtpx:TrackPointExtension><gpxtpx:hr>167</gpxtpx:hr><gpxtpx:cad>49</gpxtpx:cad><gpxtpx:atemp>14.0</gpxtpx:atemp></gpxtpx:TrackPointExtension></extensions></trkpt>
      <trkpt lat="42.6979067" lon="-71.8947783"><ele>523.2</ele><time>2025-11-22T16:07:02.000Z</time><extensions><gpxtpx:TrackPointExtension><gpxtpx:hr>169</gpxtpx:hr><gpxtpx:cad>47</gpxtpx:cad><gpxtpx:atemp>14.0</gpxtpx:atemp></gpxtpx:TrackPointExtension></extensions></trkpt>
      <trkpt lat="42.6979033" lon="-71.8947483"><ele>523.8</ele><time>2025-11-22T16:07:05.000Z</time><extensions><gpxtpx:TrackPointExtension><gpxtpx:hr>170</gpxtpx:hr><gpxtpx:cad>47</gpxtpx:cad><gpxtpx:atemp>14.0</gpxtpx:atemp></gpxtpx:TrackPointExtension></extensions></trkpt>
      <trkpt lat="42.6978883" lon="-71.8947350"><ele>524.6</ele><time>2025-11-22T16:07:08.000Z</time><extensions><gpxtpx:TrackPointExtension><gpxtpx:hr>171</gpxtpx:hr><gpxtpx:cad>48</gpxtpx:cad><gpxtpx:atemp>14.0</gpxtpx:atemp></gpxtpx:TrackPointExtension></extensions></trkpt>
      <trkpt lat="42.6978783" lon="-71.8947167"><ele>525.2</ele><time>2025-11-22T16:07:10.000Z</time><extensions><gpxtpx:TrackPointExtension><gpxtpx:hr>172</gpxtpx:hr><gpxtpx:cad>47</gpxtpx:cad><gpxtpx:atemp>14.0</gpxtpx:atemp></gpxtpx:TrackPointExtension></extensions></trkpt>
      <trkpt lat="42.6978617" lon="-71.8946967"><ele>526.2</ele><time>2025-11-22T16:07:13.000Z</time><extensions><gpxtpx:TrackPointExtension><gpxtpx:hr>173</gpxtpx:hr><gpxtpx:cad>47</gpxtpx:cad><gpxtpx:atemp>14.0</gpxtpx:atemp></gpxtpx:TrackPointExtension></extensions></trkpt>
      <trkpt lat="42.6978500" lon="-71.8946717"><ele>526.8</ele><time>2025-11-22T16:07:15.000Z</time><extensions><gpxtpx:TrackPointExtension><gpxtpx:hr>173</gpxtpx:hr><gpxtpx:cad>47</gpxtpx:cad><gpxtpx:atemp>14.0</gpxtpx:atemp></gpxtpx:TrackPointExtension></extensions></trkpt>
      <trkpt lat="42.6978450" lon="-71.8946450"><ele>528.0</ele><time>2025-11-22T16:07:18.000Z</time><extensions><gpxtpx:TrackPointExtension><gpxtpx:hr>173</gpxtpx:hr><gpxtpx:cad>48</gpxtpx:cad><gpxtpx:atemp>13.9</gpxtpx:atemp></gpxtpx:TrackPointExtension></extensions></trkpt>
      <trkpt lat="42.6978267" lon="-71.8946250"><ele>528.6</ele><time>2025-11-22T16:07:20.000Z</time><extensions><gpxtpx:TrackPointExtension><gpxtpx:hr>173</gpxtpx:hr><gpxtpx:cad>49</gpxtpx:cad><gpxtpx:atemp>14.0</gpxtpx:atemp></gpxtpx:TrackPointExtension></extensions></trkpt>
      <trkpt lat="42.6978067" lon="-71.8946183"><ele>529.0</ele><time>2025-11-22T16:07:22.000Z</time><extensions><gpxtpx:TrackPointExtension><gpxtpx:hr>172</gpxtpx:hr><gpxtpx:cad>49</gpxtpx:cad><gpxtpx:atemp>13.9</gpxtpx:atemp></gpxtpx:TrackPointExtension></extensions></trkpt>
      <trkpt lat="42.6977917" lon="-71.8946017"><ele>529.4</ele><time>2025-11-22T16:07:24.000Z</time><extensions><gpxtpx:TrackPointExtension><gpxtpx:hr>172</gpxtpx:hr><gpxtpx:cad>50</gpxtpx:cad><gpxtpx:atemp>14.0</gpxtpx:atemp></gpxtpx:TrackPointExtension></extensions></trkpt>
      <trkpt lat="42.6977767" lon="-71.8945783"><ele>529.8</ele><time>2025-11-22T16:07:26.000Z</time><extensions><gpxtpx:TrackPointExtension><gpxtpx:hr>172</gpxtpx:hr><gpxtpx:cad>50</gpxtpx:cad><gpxtpx:atemp>14.0</gpxtpx:atemp></gpxtpx:TrackPointExtension></extensions></trkpt>
      <trkpt lat="42.6977583" lon="-71.8945583"><ele>530.2</ele><time>2025-11-22T16:07:28.000Z</time><extensions><gpxtpx:TrackPointExtension><gpxtpx:hr>173</gpxtpx:hr><gpxtpx:cad>50</gpxtpx:cad><gpxtpx:atemp>14.0</gpxtpx:atemp></gpxtpx:TrackPointExtension></extensions></trkpt>
      <trkpt lat="42.6977383" lon="-71.8945567"><ele>530.6</ele><time>2025-11-22T16:07:30.000Z</time><extensions><gpxtpx:TrackPointExtension><gpxtpx:hr>172</gpxtpx:hr><gpxtpx:cad>52</gpxtpx:cad><gpxtpx:atemp>13.9</gpxtpx:atemp></gpxtpx:TrackPointExtension></extensions></trkpt>
      <trkpt lat="42.6977250" lon="-71.8945467"><ele>531.0</ele><time>2025-11-22T16:07:32.000Z</time><extensions><gpxtpx:TrackPointExtension><gpxtpx:hr>171</gpxtpx:hr><gpxtpx:cad>52</gpxtpx:cad><gpxtpx:atemp>13.9</gpxtpx:atemp></gpxtpx:TrackPointExtension></extensions></trkpt>
      <trkpt lat="42.6977100" lon="-71.8945300"><ele>531.4</ele><time>2025-11-22T16:07:34.000Z</time><extensions><gpxtpx:TrackPointExtension><gpxtpx:hr>173</gpxtpx:hr><gpxtpx:cad>52</gpxtpx:cad><gpxtpx:atemp>13.9</gpxtpx:atemp></gpxtpx:TrackPointExtension></extensions></trkpt>
      <trkpt lat="42.6976883" lon="-71.8945167"><ele>532.0</ele><time>2025-11-22T16:07:36.000Z</time><extensions><gpxtpx:TrackPointExtension><gpxtpx:hr>173</gpxtpx:hr><gpxtpx:cad>52</gpxtpx:cad><gpxtpx:atemp>13.9</gpxtpx:atemp></gpxtpx:TrackPointExtension></extensions></trkpt>
      <trkpt lat="42.6976700" lon="-71.8945083"><ele>532.8</ele><time>2025-11-22T16:07:38.000Z</time><extensions><gpxtpx:TrackPointExtension><gpxtpx:hr>174</gpxtpx:hr><gpxtpx:cad>52</gpxtpx:cad><gpxtpx:atemp>13.9</gpxtpx:atemp></gpxtpx:TrackPointExtension></extensions></trkpt>
      <trkpt lat="42.6976450" lon="-71.8944967"><ele>533.8</ele><time>2025-11-22T16:07:41.000Z</time><extensions><gpxtpx:TrackPointExtension><gpxtpx:hr>175</gpxtpx:hr><gpxtpx:cad>52</gpxtpx:cad><gpxtpx:atemp>13.9</gpxtpx:atemp></gpxtpx:TrackPointExtension></extensions></trkpt>
      <trkpt lat="42.6976133" lon="-71.8945017"><ele>534.2</ele><time>2025-11-22T16:07:43.000Z</time><extensions><gpxtpx:TrackPointExtension><gpxtpx:hr>175</gpxtpx:hr><gpxtpx:cad>52</gpxtpx:cad><gpxtpx:atemp>13.9</gpxtpx:atemp></gpxtpx:TrackPointExtension></extensions></trkpt>
      <trkpt lat="42.6975867" lon="-71.8944967"><ele>534.6</ele><time>2025-11-22T16:07:45.000Z</time><extensions><gpxtpx:TrackPointExtension><gpxtpx:hr>175</gpxtpx:hr><gpxtpx:cad>52</gpxtpx:cad><gpxtpx:atemp>13.9</gpxtpx:atemp></gpxtpx:TrackPointExtension></extensions></trkpt>
      <trkpt lat="42.6975633" lon="-71.8944917"><ele>535.0</ele><time>2025-11-22T16:07:47.000Z</time><extensions><gpxtpx:TrackPointExtension><gpxtpx:hr>175</gpxtpx:hr><gpxtpx:cad>52</gpxtpx:cad><gpxtpx:atemp>13.9</gpxtpx:atemp></gpxtpx:TrackPointExtension></extensions></trkpt>
      <trkpt lat="42.6975433" lon="-71.8944717"><ele>535.4</ele><time>2025-11-22T16:07:49.000Z</time><extensions><gpxtpx:TrackPointExtension><gpxtpx:hr>175</gpxtpx:hr><gpxtpx:cad>54</gpxtpx:cad><gpxtpx:atemp>13.9</gpxtpx:atemp></gpxtpx:TrackPointExtension></extensions></trkpt>
      <trkpt lat="42.6975217" lon="-71.8944583"><ele>535.8</ele><time>2025-11-22T16:07:51.000Z</time><extensions><gpxtpx:TrackPointExtension><gpxtpx:hr>174</gpxtpx:hr><gpxtpx:cad>57</gpxtpx:cad><gpxtpx:atemp>13.9</gpxtpx:atemp></gpxtpx:TrackPointExtension></extensions></trkpt>
      <trkpt lat="42.6974967" lon="-71.8944383"><ele>536.0</ele><time>2025-11-22T16:07:53.000Z</time><extensions><gpxtpx:TrackPointExtension><gpxtpx:hr>173</gpxtpx:hr><gpxtpx:cad>58</gpxtpx:cad><gpxtpx:atemp>13.9</gpxtpx:atemp></gpxtpx:TrackPointExtension></extensions></trkpt>
      <trkpt lat="42.6974767" lon="-71.8944167"><ele>536.6</ele><time>2025-11-22T16:07:55.000Z</time><extensions><gpxtpx:TrackPointExtension><gpxtpx:hr>172</gpxtpx:hr><gpxtpx:cad>58</gpxtpx:cad><gpxtpx:atemp>13.8</gpxtpx:atemp></gpxtpx:TrackPointExtension></extensions></trkpt>
      <trkpt lat="42.6974550" lon="-71.8944067"><ele>537.2</ele><time>2025-11-22T16:07:58.000Z</time><extensions><gpxtpx:TrackPointExtension><gpxtpx:hr>171</gpxtpx:hr><gpxtpx:cad>57</gpxtpx:cad><gpxtpx:atemp>13.8</gpxtpx:atemp></gpxtpx:TrackPointExtension></extensions></trkpt>
      <trkpt lat="42.6974333" lon="-71.8944050"><ele>537.6</ele><time>2025-11-22T16:08:00.000Z</time><extensions><gpxtpx:TrackPointExtension><gpxtpx:hr>170</gpxtpx:hr><gpxtpx:cad>56</gpxtpx:cad><gpxtpx:atemp>13.8</gpxtpx:atemp></gpxtpx:TrackPointExtension></extensions></trkpt>
      <trkpt lat="42.6974117" lon="-71.8943967"><ele>538.2</ele><time>2025-11-22T16:08:02.000Z</time><extensions><gpxtpx:TrackPointExtension><gpxtpx:hr>171</gpxtpx:hr><gpxtpx:cad>52</gpxtpx:cad><gpxtpx:atemp>13.8</gpxtpx:atemp></gpxtpx:TrackPointExtension></extensions></trkpt>
      <trkpt lat="42.6973917" lon="-71.8943900"><ele>538.6</ele><time>2025-11-22T16:08:04.000Z</time><extensions><gpxtpx:TrackPointExtension><gpxtpx:hr>171</gpxtpx:hr><gpxtpx:cad>52</gpxtpx:cad><gpxtpx:atemp>13.8</gpxtpx:atemp></gpxtpx:TrackPointExtension></extensions></trkpt>
      <trkpt lat="42.6973733" lon="-71.8943750"><ele>539.0</ele><time>2025-11-22T16:08:06.000Z</time><extensions><gpxtpx:TrackPointExtension><gpxtpx:hr>173</gpxtpx:hr><gpxtpx:cad>52</gpxtpx:cad><gpxtpx:atemp>13.8</gpxtpx:atemp></gpxtpx:TrackPointExtension></extensions></trkpt>
      <trkpt lat="42.6973567" lon="-71.8943633"><ele>539.4</ele><time>2025-11-22T16:08:08.000Z</time><extensions><gpxtpx:TrackPointExtension><gpxtpx:hr>175</gpxtpx:hr><gpxtpx:cad>52</gpxtpx:cad><gpxtpx:atemp>13.8</gpxtpx:atemp></gpxtpx:TrackPointExtension></extensions></trkpt>
      <trkpt lat="42.6973300" lon="-71.8943550"><ele>539.8</ele><time>2025-11-22T16:08:11.000Z</time><extensions><gpxtpx:TrackPointExtension><gpxtpx:hr>175</gpxtpx:hr><gpxtpx:cad>54</gpxtpx:cad><gpxtpx:atemp>13.7</gpxtpx:atemp></gpxtpx:TrackPointExtension></extensions></trkpt>
      <trkpt lat="42.6973100" lon="-71.8943533"><ele>540.2</ele><time>2025-11-22T16:08:13.000Z</time><extensions><gpxtpx:TrackPointExtension><gpxtpx:hr>175</gpxtpx:hr><gpxtpx:cad>55</gpxtpx:cad><gpxtpx:atemp>13.7</gpxtpx:atemp></gpxtpx:TrackPointExtension></extensions></trkpt>
      <trkpt lat="42.6972867" lon="-71.8943517"><ele>540.4</ele><time>2025-11-22T16:08:15.000Z</time><extensions><gpxtpx:TrackPointExtension><gpxtpx:hr>176</gpxtpx:hr><gpxtpx:cad>55</gpxtpx:cad><gpxtpx:atemp>13.7</gpxtpx:atemp></gpxtpx:TrackPointExtension></extensions></trkpt>
      <trkpt lat="42.6972650" lon="-71.8943433"><ele>540.8</ele><time>2025-11-22T16:08:17.000Z</time><extensions><gpxtpx:TrackPointExtension><gpxtpx:hr>176</gpxtpx:hr><gpxtpx:cad>50</gpxtpx:cad><gpxtpx:atemp>13.7</gpxtpx:atemp></gpxtpx:TrackPointExtension></extensions></trkpt>
      <trkpt lat="42.6972417" lon="-71.8943333"><ele>541.0</ele><time>2025-11-22T16:08:19.000Z</time><extensions><gpxtpx:TrackPointExtension><gpxtpx:hr>175</gpxtpx:hr><gpxtpx:cad>50</gpxtpx:cad><gpxtpx:atemp>13.7</gpxtpx:atemp></gpxtpx:TrackPointExtension></extensions></trkpt>
      <trkpt lat="42.6972200" lon="-71.8943267"><ele>541.4</ele><time>2025-11-22T16:08:21.000Z</time><extensions><gpxtpx:TrackPointExtension><gpxtpx:hr>174</gpxtpx:hr><gpxtpx:cad>50</gpxtpx:cad><gpxtpx:atemp>13.7</gpxtpx:atemp></gpxtpx:TrackPointExtension></extensions></trkpt>
      <trkpt lat="42.6971983" lon="-71.8943333"><ele>541.6</ele><time>2025-11-22T16:08:23.000Z</time><extensions><gpxtpx:TrackPointExtension><gpxtpx:hr>173</gpxtpx:hr><gpxtpx:cad>50</gpxtpx:cad><gpxtpx:atemp>13.6</gpxtpx:atemp></gpxtpx:TrackPointExtension></extensions></trkpt>
      <trkpt lat="42.6971717" lon="-71.8943433"><ele>542.0</ele><time>2025-11-22T16:08:25.000Z</time><extensions><gpxtpx:TrackPointExtension><gpxtpx:hr>173</gpxtpx:hr><gpxtpx:cad>57</gpxtpx:cad><gpxtpx:atemp>13.6</gpxtpx:atemp></gpxtpx:TrackPointExtension></extensions></trkpt>
      <trkpt lat="42.6971500" lon="-71.8943350"><ele>542.2</ele><time>2025-11-22T16:08:27.000Z</time><extensions><gpxtpx:TrackPointExtension><gpxtpx:hr>172</gpxtpx:hr><gpxtpx:cad>57</gpxtpx:cad><gpxtpx:atemp>13.6</gpxtpx:atemp></gpxtpx:TrackPointExtension></extensions></trkpt>
      <trkpt lat="42.6971250" lon="-71.8943200"><ele>542.8</ele><time>2025-11-22T16:08:30.000Z</time><extensions><gpxtpx:TrackPointExtension><gpxtpx:hr>172</gpxtpx:hr><gpxtpx:cad>56</gpxtpx:cad><gpxtpx:atemp>13.6</gpxtpx:atemp></gpxtpx:TrackPointExtension></extensions></trkpt>
      <trkpt lat="42.6971017" lon="-71.8943100"><ele>543.2</ele><time>2025-11-22T16:08:32.000Z</time><extensions><gpxtpx:TrackPointExtension><gpxtpx:hr>171</gpxtpx:hr><gpxtpx:cad>53</gpxtpx:cad><gpxtpx:atemp>13.6</gpxtpx:atemp></gpxtpx:TrackPointExtension></extensions></trkpt>
      <trkpt lat="42.6970833" lon="-71.8943017"><ele>543.4</ele><time>2025-11-22T16:08:34.000Z</time><extensions><gpxtpx:TrackPointExtension><gpxtpx:hr>170</gpxtpx:hr><gpxtpx:cad>53</gpxtpx:cad><gpxtpx:atemp>13.6</gpxtpx:atemp></gpxtpx:TrackPointExtension></extensions></trkpt>
      <trkpt lat="42.6970600" lon="-71.8942933"><ele>543.8</ele><time>2025-11-22T16:08:36.000Z</time><extensions><gpxtpx:TrackPointExtension><gpxtpx:hr>170</gpxtpx:hr><gpxtpx:cad>53</gpxtpx:cad><gpxtpx:atemp>13.5</gpxtpx:atemp></gpxtpx:TrackPointExtension></extensions></trkpt>
      <trkpt lat="42.6970317" lon="-71.8942850"><ele>544.0</ele><time>2025-11-22T16:08:38.000Z</time><extensions><gpxtpx:TrackPointExtension><gpxtpx:hr>169</gpxtpx:hr><gpxtpx:cad>58</gpxtpx:cad><gpxtpx:atemp>13.5</gpxtpx:atemp></gpxtpx:TrackPointExtension></extensions></trkpt>
      <trkpt lat="42.6970050" lon="-71.8942867"><ele>544.4</ele><time>2025-11-22T16:08:40.000Z</time><extensions><gpxtpx:TrackPointExtension><gpxtpx:hr>168</gpxtpx:hr><gpxtpx:cad>59</gpxtpx:cad><gpxtpx:atemp>13.5</gpxtpx:atemp></gpxtpx:TrackPointExtension></extensions></trkpt>
      <trkpt lat="42.6969817" lon="-71.8942833"><ele>544.6</ele><time>2025-11-22T16:08:42.000Z</time><extensions><gpxtpx:TrackPointExtension><gpxtpx:hr>168</gpxtpx:hr><gpxtpx:cad>60</gpxtpx:cad><gpxtpx:atemp>13.5</gpxtpx:atemp></gpxtpx:TrackPointExtension></extensions></trkpt>
      <trkpt lat="42.6969617" lon="-71.8942667"><ele>544.8</ele><time>2025-11-22T16:08:44.000Z</time><extensions><gpxtpx:TrackPointExtension><gpxtpx:hr>165</gpxtpx:hr><gpxtpx:cad>60</gpxtpx:cad><gpxtpx:atemp>13.5</gpxtpx:atemp></gpxtpx:TrackPointExtension></extensions></trkpt>
      <trkpt lat="42.6969400" lon="-71.8942400"><ele>545.2</ele><time>2025-11-22T16:08:46.000Z</time><extensions><gpxtpx:TrackPointExtension><gpxtpx:hr>165</gpxtpx:hr><gpxtpx:cad>60</gpxtpx:cad><gpxtpx:atemp>13.5</gpxtpx:atemp></gpxtpx:TrackPointExtension></extensions></trkpt>
      <trkpt lat="42.6969200" lon="-71.8942267"><ele>545.2</ele><time>2025-11-22T16:08:48.000Z</time><extensions><gpxtpx:TrackPointExtension><gpxtpx:hr>164</gpxtpx:hr><gpxtpx:cad>60</gpxtpx:cad><gpxtpx:atemp>13.4</gpxtpx:atemp></gpxtpx:TrackPointExtension></extensions></trkpt>
      <trkpt lat="42.6968983" lon="-71.8942183"><ele>545.4</ele><time>2025-11-22T16:08:50.000Z</time><extensions><gpxtpx:TrackPointExtension><gpxtpx:hr>163</gpxtpx:hr><gpxtpx:cad>59</gpxtpx:cad><gpxtpx:atemp>13.4</gpxtpx:atemp></gpxtpx:TrackPointExtension></extensions></trkpt>
      <trkpt lat="42.6968767" lon="-71.8942150"><ele>545.4</ele><time>2025-11-22T16:08:52.000Z</time><extensions><gpxtpx:TrackPointExtension><gpxtpx:hr>162</gpxtpx:hr><gpxtpx:cad>58</gpxtpx:cad><gpxtpx:atemp>13.4</gpxtpx:atemp></gpxtpx:TrackPointExtension></extensions></trkpt>
      <trkpt lat="42.6968567" lon="-71.8941917"><ele>545.6</ele><time>2025-11-22T16:08:55.000Z</time><extensions><gpxtpx:TrackPointExtension><gpxtpx:hr>162</gpxtpx:hr><gpxtpx:cad>58</gpxtpx:cad><gpxtpx:atemp>13.4</gpxtpx:atemp></gpxtpx:TrackPointExtension></extensions></trkpt>
      <trkpt lat="42.6968517" lon="-71.8941667"><ele>546.0</ele><time>2025-11-22T16:08:58.000Z</time><extensions><gpxtpx:TrackPointExtension><gpxtpx:hr>161</gpxtpx:hr><gpxtpx:cad>58</gpxtpx:cad><gpxtpx:atemp>13.4</gpxtpx:atemp></gpxtpx:TrackPointExtension></extensions></trkpt>
      <trkpt lat="42.6968517" lon="-71.8941400"><ele>546.2</ele><time>2025-11-22T16:09:01.000Z</time><extensions><gpxtpx:TrackPointExtension><gpxtpx:hr>163</gpxtpx:hr><gpxtpx:cad>56</gpxtpx:cad><gpxtpx:atemp>13.4</gpxtpx:atemp></gpxtpx:TrackPointExtension></extensions></trkpt>
      <trkpt lat="42.6968483" lon="-71.8941150"><ele>546.6</ele><time>2025-11-22T16:09:04.000Z</time><extensions><gpxtpx:TrackPointExtension><gpxtpx:hr>163</gpxtpx:hr><gpxtpx:cad>56</gpxtpx:cad><gpxtpx:atemp>13.3</gpxtpx:atemp></gpxtpx:TrackPointExtension></extensions></trkpt>
      <trkpt lat="42.6968550" lon="-71.8940850"><ele>547.0</ele><time>2025-11-22T16:09:07.000Z</time><extensions><gpxtpx:TrackPointExtension><gpxtpx:hr>164</gpxtpx:hr><gpxtpx:cad>53</gpxtpx:cad><gpxtpx:atemp>13.4</gpxtpx:atemp></gpxtpx:TrackPointExtension></extensions></trkpt>
      <trkpt lat="42.6968600" lon="-71.8940600"><ele>547.2</ele><time>2025-11-22T16:09:10.000Z</time><extensions><gpxtpx:TrackPointExtension><gpxtpx:hr>164</gpxtpx:hr><gpxtpx:cad>52</gpxtpx:cad><gpxtpx:atemp>13.3</gpxtpx:atemp></gpxtpx:TrackPointExtension></extensions></trkpt>
      <trkpt lat="42.6968550" lon="-71.8940317"><ele>547.6</ele><time>2025-11-22T16:09:13.000Z</time><extensions><gpxtpx:TrackPointExtension><gpxtpx:hr>165</gpxtpx:hr><gpxtpx:cad>48</gpxtpx:cad><gpxtpx:atemp>13.3</gpxtpx:atemp></gpxtpx:TrackPointExtension></extensions></trkpt>
      <trkpt lat="42.6968383" lon="-71.8940200"><ele>548.0</ele><time>2025-11-22T16:09:15.000Z</time><extensions><gpxtpx:TrackPointExtension><gpxtpx:hr>165</gpxtpx:hr><gpxtpx:cad>48</gpxtpx:cad><gpxtpx:atemp>13.3</gpxtpx:atemp></gpxtpx:TrackPointExtension></extensions></trkpt>
      <trkpt lat="42.6968183" lon="-71.8939983"><ele>548.6</ele><time>2025-11-22T16:09:18.000Z</time><extensions><gpxtpx:TrackPointExtension><gpxtpx:hr>165</gpxtpx:hr><gpxtpx:cad>48</gpxtpx:cad><gpxtpx:atemp>13.4</gpxtpx:atemp></gpxtpx:TrackPointExtension></extensions></trkpt>
      <trkpt lat="42.6967967" lon="-71.8939800"><ele>549.4</ele><time>2025-11-22T16:09:21.000Z</time><extensions><gpxtpx:TrackPointExtension><gpxtpx:hr>166</gpxtpx:hr><gpxtpx:cad>48</gpxtpx:cad><gpxtpx:atemp>13.4</gpxtpx:atemp></gpxtpx:TrackPointExtension></extensions></trkpt>
      <trkpt lat="42.6967833" lon="-71.8939583"><ele>550.0</ele><time>2025-11-22T16:09:23.000Z</time><extensions><gpxtpx:TrackPointExtension><gpxtpx:hr>165</gpxtpx:hr><gpxtpx:cad>48</gpxtpx:cad><gpxtpx:atemp>13.4</gpxtpx:atemp></gpxtpx:TrackPointExtension></extensions></trkpt>
      <trkpt lat="42.6967650" lon="-71.8939300"><ele>550.4</ele><time>2025-11-22T16:09:25.000Z</time><extensions><gpxtpx:TrackPointExtension><gpxtpx:hr>165</gpxtpx:hr><gpxtpx:cad>55</gpxtpx:cad><gpxtpx:atemp>13.4</gpxtpx:atemp></gpxtpx:TrackPointExtension></extensions></trkpt>
      <trkpt lat="42.6967467" lon="-71.8939083"><ele>551.0</ele><time>2025-11-22T16:09:27.000Z</time><extensions><gpxtpx:TrackPointExtension><gpxtpx:hr>166</gpxtpx:hr><gpxtpx:cad>56</gpxtpx:cad><gpxtpx:atemp>13.4</gpxtpx:atemp></gpxtpx:TrackPointExtension></extensions></trkpt>
      <trkpt lat="42.6967267" lon="-71.8938933"><ele>551.4</ele><time>2025-11-22T16:09:29.000Z</time><extensions><gpxtpx:TrackPointExtension><gpxtpx:hr>165</gpxtpx:hr><gpxtpx:cad>57</gpxtpx:cad><gpxtpx:atemp>13.4</gpxtpx:atemp></gpxtpx:TrackPointExtension></extensions></trkpt>
      <trkpt lat="42.6967083" lon="-71.8938817"><ele>551.6</ele><time>2025-11-22T16:09:31.000Z</time><extensions><gpxtpx:TrackPointExtension><gpxtpx:hr>166</gpxtpx:hr><gpxtpx:cad>57</gpxtpx:cad><gpxtpx:atemp>13.4</gpxtpx:atemp></gpxtpx:TrackPointExtension></extensions></trkpt>
      <trkpt lat="42.6966817" lon="-71.8938700"><ele>551.8</ele><time>2025-11-22T16:09:33.000Z</time><extensions><gpxtpx:TrackPointExtension><gpxtpx:hr>167</gpxtpx:hr><gpxtpx:cad>57</gpxtpx:cad><gpxtpx:atemp>13.3</gpxtpx:atemp></gpxtpx:TrackPointExtension></extensions></trkpt>
      <trkpt lat="42.6966617" lon="-71.8938517"><ele>552.0</ele><time>2025-11-22T16:09:35.000Z</time><extensions><gpxtpx:TrackPointExtension><gpxtpx:hr>167</gpxtpx:hr><gpxtpx:cad>58</gpxtpx:cad><gpxtpx:atemp>13.3</gpxtpx:atemp></gpxtpx:TrackPointExtension></extensions></trkpt>
      <trkpt lat="42.6966467" lon="-71.8938250"><ele>552.4</ele><time>2025-11-22T16:09:37.000Z</time><extensions><gpxtpx:TrackPointExtension><gpxtpx:hr>167</gpxtpx:hr><gpxtpx:cad>61</gpxtpx:cad><gpxtpx:atemp>13.4</gpxtpx:atemp></gpxtpx:TrackPointExtension></extensions></trkpt>
      <trkpt lat="42.6966417" lon="-71.8937900"><ele>552.6</ele><time>2025-11-22T16:09:39.000Z</time><extensions><gpxtpx:TrackPointExtension><gpxtpx:hr>167</gpxtpx:hr><gpxtpx:cad>61</gpxtpx:cad><gpxtpx:atemp>13.3</gpxtpx:atemp></gpxtpx:TrackPointExtension></extensions></trkpt>
      <trkpt lat="42.6966383" lon="-71.8937550"><ele>552.8</ele><time>2025-11-22T16:09:41.000Z</time><extensions><gpxtpx:TrackPointExtension><gpxtpx:hr>167</gpxtpx:hr><gpxtpx:cad>61</gpxtpx:cad><gpxtpx:atemp>13.3</gpxtpx:atemp></gpxtpx:TrackPointExtension></extensions></trkpt>
      <trkpt lat="42.6966400" lon="-71.8937233"><ele>553.0</ele><time>2025-11-22T16:09:43.000Z</time><extensions><gpxtpx:TrackPointExtension><gpxtpx:hr>166</gpxtpx:hr><gpxtpx:cad>62</gpxtpx:cad><gpxtpx:atemp>13.3</gpxtpx:atemp></gpxtpx:TrackPointExtension></extensions></trkpt>
      <trkpt lat="42.6966483" lon="-71.8936883"><ele>553.2</ele><time>2025-11-22T16:09:45.000Z</time><extensions><gpxtpx:TrackPointExtension><gpxtpx:hr>165</gpxtpx:hr><gpxtpx:cad>59</gpxtpx:cad><gpxtpx:atemp>13.3</gpxtpx:atemp></gpxtpx:TrackPointExtension></extensions></trkpt>
      <trkpt lat="42.6966583" lon="-71.8936583"><ele>553.4</ele><time>2025-11-22T16:09:47.000Z</time><extensions><gpxtpx:TrackPointExtension><gpxtpx:hr>164</gpxtpx:hr><gpxtpx:cad>57</gpxtpx:cad><gpxtpx:atemp>13.3</gpxtpx:atemp></gpxtpx:TrackPointExtension></extensions></trkpt>
      <trkpt lat="42.6966700" lon="-71.8936300"><ele>553.6</ele><time>2025-11-22T16:09:49.000Z</time><extensions><gpxtpx:TrackPointExtension><gpxtpx:hr>163</gpxtpx:hr><gpxtpx:cad>57</gpxtpx:cad><gpxtpx:atemp>13.3</gpxtpx:atemp></gpxtpx:TrackPointExtension></extensions></trkpt>
      <trkpt lat="42.6966767" lon="-71.8936000"><ele>553.8</ele><time>2025-11-22T16:09:51.000Z</time><extensions><gpxtpx:TrackPointExtension><gpxtpx:hr>162</gpxtpx:hr><gpxtpx:cad>56</gpxtpx:cad><gpxtpx:atemp>13.3</gpxtpx:atemp></gpxtpx:TrackPointExtension></extensions></trkpt>
      <trkpt lat="42.6966817" lon="-71.8935650"><ele>554.2</ele><time>2025-11-22T16:09:53.000Z</time><extensions><gpxtpx:TrackPointExtension><gpxtpx:hr>163</gpxtpx:hr><gpxtpx:cad>56</gpxtpx:cad><gpxtpx:atemp>13.3</gpxtpx:atemp></gpxtpx:TrackPointExtension></extensions></trkpt>
      <trkpt lat="42.6966917" lon="-71.8935317"><ele>554.4</ele><time>2025-11-22T16:09:55.000Z</time><extensions><gpxtpx:TrackPointExtension><gpxtpx:hr>164</gpxtpx:hr><gpxtpx:cad>56</gpxtpx:cad><gpxtpx:atemp>13.3</gpxtpx:atemp></gpxtpx:TrackPointExtension></extensions></trkpt>
      <trkpt lat="42.6966967" lon="-71.8935033"><ele>554.4</ele><time>2025-11-22T16:09:57.000Z</time><extensions><gpxtpx:TrackPointExtension><gpxtpx:hr>164</gpxtpx:hr><gpxtpx:cad>56</gpxtpx:cad><gpxtpx:atemp>13.3</gpxtpx:atemp></gpxtpx:TrackPointExtension></extensions></trkpt>
      <trkpt lat="42.6967017" lon="-71.8934767"><ele>554.6</ele><time>2025-11-22T16:09:59.000Z</time><extensions><gpxtpx:TrackPointExtension><gpxtpx:hr>164</gpxtpx:hr><gpxtpx:cad>58</gpxtpx:cad><gpxtpx:atemp>13.2</gpxtpx:atemp></gpxtpx:TrackPointExtension></extensions></trkpt>
      <trkpt lat="42.6967200" lon="-71.8934033"><ele>555.0</ele><time>2025-11-22T16:10:04.000Z</time><extensions><gpxtpx:TrackPointExtension><gpxtpx:hr>162</gpxtpx:hr><gpxtpx:cad>61</gpxtpx:cad><gpxtpx:atemp>13.2</gpxtpx:atemp></gpxtpx:TrackPointExtension></extensions></trkpt>
      <trkpt lat="42.6967317" lon="-71.8933950"><ele>555.0</ele><time>2025-11-22T16:10:05.000Z</time><extensions><gpxtpx:TrackPointExtension><gpxtpx:hr>160</gpxtpx:hr><gpxtpx:cad>61</gpxtpx:cad><gpxtpx:atemp>13.2</gpxtpx:atemp></gpxtpx:TrackPointExtension></extensions></trkpt>
      <trkpt lat="42.6967533" lon="-71.8933700"><ele>555.2</ele><time>2025-11-22T16:10:07.000Z</time><extensions><gpxtpx:TrackPointExtension><gpxtpx:hr>159</gpxtpx:hr><gpxtpx:cad>61</gpxtpx:cad><gpxtpx:atemp>13.2</gpxtpx:atemp></gpxtpx:TrackPointExtension></extensions></trkpt>
      <trkpt lat="42.6967533" lon="-71.8933367"><ele>555.4</ele><time>2025-11-22T16:10:09.000Z</time><extensions><gpxtpx:TrackPointExtension><gpxtpx:hr>159</gpxtpx:hr><gpxtpx:cad>62</gpxtpx:cad><gpxtpx:atemp>13.2</gpxtpx:atemp></gpxtpx:TrackPointExtension></extensions></trkpt>
      <trkpt lat="42.6967533" lon="-71.8933000"><ele>555.8</ele><time>2025-11-22T16:10:11.000Z</time><extensions><gpxtpx:TrackPointExtension><gpxtpx:hr>159</gpxtpx:hr><gpxtpx:cad>63</gpxtpx:cad><gpxtpx:atemp>13.2</gpxtpx:atemp></gpxtpx:TrackPointExtension></extensions></trkpt>
      <trkpt lat="42.6967717" lon="-71.8932700"><ele>556.2</ele><time>2025-11-22T16:10:14.000Z</time><extensions><gpxtpx:TrackPointExtension><gpxtpx:hr>156</gpxtpx:hr><gpxtpx:cad>65</gpxtpx:cad><gpxtpx:atemp>13.2</gpxtpx:atemp></gpxtpx:TrackPointExtension></extensions></trkpt>
      <trkpt lat="42.6967883" lon="-71.8932433"><ele>556.6</ele><time>2025-11-22T16:10:16.000Z</time><extensions><gpxtpx:TrackPointExtension><gpxtpx:hr>157</gpxtpx:hr><gpxtpx:cad>65</gpxtpx:cad><gpxtpx:atemp>13.2</gpxtpx:atemp></gpxtpx:TrackPointExtension></extensions></trkpt>
      <trkpt lat="42.6967933" lon="-71.8932183"><ele>557.0</ele><time>2025-11-22T16:10:18.000Z</time><extensions><gpxtpx:TrackPointExtension><gpxtpx:hr>158</gpxtpx:hr><gpxtpx:cad>60</gpxtpx:cad><gpxtpx:atemp>13.2</gpxtpx:atemp></gpxtpx:TrackPointExtension></extensions></trkpt>
      <trkpt lat="42.6968017" lon="-71.8931950"><ele>557.4</ele><time>2025-11-22T16:10:20.000Z</time><extensions><gpxtpx:TrackPointExtension><gpxtpx:hr>160</gpxtpx:hr><gpxtpx:cad>57</gpxtpx:cad><gpxtpx:atemp>13.2</gpxtpx:atemp></gpxtpx:TrackPointExtension></extensions></trkpt>
      <trkpt lat="42.6968133" lon="-71.8931667"><ele>557.8</ele><time>2025-11-22T16:10:22.000Z</time><extensions><gpxtpx:TrackPointExtension><gpxtpx:hr>160</gpxtpx:hr><gpxtpx:cad>57</gpxtpx:cad><gpxtpx:atemp>13.2</gpxtpx:atemp></gpxtpx:TrackPointExtension></extensions></trkpt>
      <trkpt lat="42.6968233" lon="-71.8931350"><ele>558.0</ele><time>2025-11-22T16:10:24.000Z</time><extensions><gpxtpx:TrackPointExtension><gpxtpx:hr>161</gpxtpx:hr><gpxtpx:cad>55</gpxtpx:cad><gpxtpx:atemp>13.2</gpxtpx:atemp></gpxtpx:TrackPointExtension></extensions></trkpt>
      <trkpt lat="42.6968333" lon="-71.8931117"><ele>558.4</ele><time>2025-11-22T16:10:26.000Z</time><extensions><gpxtpx:TrackPointExtension><gpxtpx:hr>160</gpxtpx:hr><gpxtpx:cad>54</gpxtpx:cad><gpxtpx:atemp>13.2</gpxtpx:atemp></gpxtpx:TrackPointExtension></extensions></trkpt>
      <trkpt lat="42.6968483" lon="-71.8930900"><ele>558.4</ele><time>2025-11-22T16:10:28.000Z</time><extensions><gpxtpx:TrackPointExtension><gpxtpx:hr>159</gpxtpx:hr><gpxtpx:cad>54</gpxtpx:cad><gpxtpx:atemp>13.2</gpxtpx:atemp></gpxtpx:TrackPointExtension></extensions></trkpt>
      <trkpt lat="42.6968667" lon="-71.8930683"><ele>558.4</ele><time>2025-11-22T16:10:30.000Z</time><extensions><gpxtpx:TrackPointExtension><gpxtpx:hr>160</gpxtpx:hr><gpxtpx:cad>58</gpxtpx:cad><gpxtpx:atemp>13.2</gpxtpx:atemp></gpxtpx:TrackPointExtension></extensions></trkpt>
      <trkpt lat="42.6968867" lon="-71.8930450"><ele>558.4</ele><time>2025-11-22T16:10:32.000Z</time><extensions><gpxtpx:TrackPointExtension><gpxtpx:hr>158</gpxtpx:hr><gpxtpx:cad>58</gpxtpx:cad><gpxtpx:atemp>13.2</gpxtpx:atemp></gpxtpx:TrackPointExtension></extensions></trkpt>
      <trkpt lat="42.6969067" lon="-71.8930233"><ele>558.6</ele><time>2025-11-22T16:10:34.000Z</time><extensions><gpxtpx:TrackPointExtension><gpxtpx:hr>157</gpxtpx:hr><gpxtpx:cad>60</gpxtpx:cad><gpxtpx:atemp>13.2</gpxtpx:atemp></gpxtpx:TrackPointExtension></extensions></trkpt>
      <trkpt lat="42.6969100" lon="-71.8929933"><ele>558.6</ele><time>2025-11-22T16:10:36.000Z</time><extensions><gpxtpx:TrackPointExtension><gpxtpx:hr>157</gpxtpx:hr><gpxtpx:cad>60</gpxtpx:cad><gpxtpx:atemp>13.2</gpxtpx:atemp></gpxtpx:TrackPointExtension></extensions></trkpt>
      <trkpt lat="42.6969083" lon="-71.8929633"><ele>558.8</ele><time>2025-11-22T16:10:38.000Z</time><extensions><gpxtpx:TrackPointExtension><gpxtpx:hr>156</gpxtpx:hr><gpxtpx:cad>60</gpxtpx:cad><gpxtpx:atemp>13.2</gpxtpx:atemp></gpxtpx:TrackPointExtension></extensions></trkpt>
      <trkpt lat="42.6969067" lon="-71.8929317"><ele>559.0</ele><time>2025-11-22T16:10:40.000Z</time><extensions><gpxtpx:TrackPointExtension><gpxtpx:hr>156</gpxtpx:hr><gpxtpx:cad>60</gpxtpx:cad><gpxtpx:atemp>13.1</gpxtpx:atemp></gpxtpx:TrackPointExtension></extensions></trkpt>
      <trkpt lat="42.6969100" lon="-71.8928967"><ele>559.2</ele><time>2025-11-22T16:10:42.000Z</time><extensions><gpxtpx:TrackPointExtension><gpxtpx:hr>154</gpxtpx:hr><gpxtpx:cad>60</gpxtpx:cad><gpxtpx:atemp>13.1</gpxtpx:atemp></gpxtpx:TrackPointExtension></extensions></trkpt>
      <trkpt lat="42.6969150" lon="-71.8928683"><ele>559.4</ele><time>2025-11-22T16:10:44.000Z</time><extensions><gpxtpx:TrackPointExtension><gpxtpx:hr>153</gpxtpx:hr><gpxtpx:cad>60</gpxtpx:cad><gpxtpx:atemp>13.1</gpxtpx:atemp></gpxtpx:TrackPointExtension></extensions></trkpt>
      <trkpt lat="42.6969083" lon="-71.8928367"><ele>559.6</ele><time>2025-11-22T16:10:46.000Z</time><extensions><gpxtpx:TrackPointExtension><gpxtpx:hr>152</gpxtpx:hr><gpxtpx:cad>60</gpxtpx:cad><gpxtpx:atemp>13.1</gpxtpx:atemp></gpxtpx:TrackPointExtension></extensions></trkpt>
      <trkpt lat="42.6968933" lon="-71.8928133"><ele>559.8</ele><time>2025-11-22T16:10:48.000Z</time><extensions><gpxtpx:TrackPointExtension><gpxtpx:hr>153</gpxtpx:hr><gpxtpx:cad>60</gpxtpx:cad><gpxtpx:atemp>13.1</gpxtpx:atemp></gpxtpx:TrackPointExtension></extensions></trkpt>
      <trkpt lat="42.6968783" lon="-71.8927867"><ele>560.0</ele><time>2025-11-22T16:10:50.000Z</time><extensions><gpxtpx:TrackPointExtension><gpxtpx:hr>152</gpxtpx:hr><gpxtpx:cad>60</gpxtpx:cad><gpxtpx:atemp>13.1</gpxtpx:atemp></gpxtpx:TrackPointExtension></extensions></trkpt>
      <trkpt lat="42.6968683" lon="-71.8927600"><ele>560.2</ele><time>2025-11-22T16:10:52.000Z</time><extensions><gpxtpx:TrackPointExtension><gpxtpx:hr>152</gpxtpx:hr><gpxtpx:cad>57</gpxtpx:cad><gpxtpx:atemp>13.1</gpxtpx:atemp></gpxtpx:TrackPointExtension></extensions></trkpt>
      <trkpt lat="42.6968550" lon="-71.8927300"><ele>560.4</ele><time>2025-11-22T16:10:54.000Z</time><extensions><gpxtpx:TrackPointExtension><gpxtpx:hr>151</gpxtpx:hr><gpxtpx:cad>56</gpxtpx:cad><gpxtpx:atemp>13.1</gpxtpx:atemp></gpxtpx:TrackPointExtension></extensions></trkpt>
      <trkpt lat="42.6968433" lon="-71.8927083"><ele>560.6</ele><time>2025-11-22T16:10:56.000Z</time><extensions><gpxtpx:TrackPointExtension><gpxtpx:hr>151</gpxtpx:hr><gpxtpx:cad>57</gpxtpx:cad><gpxtpx:atemp>13.1</gpxtpx:atemp></gpxtpx:TrackPointExtension></extensions></trkpt>
      <trkpt lat="42.6968333" lon="-71.8926817"><ele>560.8</ele><time>2025-11-22T16:10:58.000Z</time><extensions><gpxtpx:TrackPointExtension><gpxtpx:hr>152</gpxtpx:hr><gpxtpx:cad>57</gpxtpx:cad><gpxtpx:atemp>13.1</gpxtpx:atemp></gpxtpx:TrackPointExtension></extensions></trkpt>
      <trkpt lat="42.6968250" lon="-71.8926500"><ele>561.0</ele><time>2025-11-22T16:11:00.000Z</time><extensions><gpxtpx:TrackPointExtension><gpxtpx:hr>151</gpxtpx:hr><gpxtpx:cad>56</gpxtpx:cad><gpxtpx:atemp>13.1</gpxtpx:atemp></gpxtpx:TrackPointExtension></extensions></trkpt>
      <trkpt lat="42.6968233" lon="-71.8926167"><ele>561.4</ele><time>2025-11-22T16:11:02.000Z</time><extensions><gpxtpx:TrackPointExtension><gpxtpx:hr>152</gpxtpx:hr><gpxtpx:cad>56</gpxtpx:cad><gpxtpx:atemp>13.1</gpxtpx:atemp></gpxtpx:TrackPointExtension></extensions></trkpt>
      <trkpt lat="42.6968200" lon="-71.8925917"><ele>561.6</ele><time>2025-11-22T16:11:04.000Z</time><extensions><gpxtpx:TrackPointExtension><gpxtpx:hr>152</gpxtpx:hr><gpxtpx:cad>52</gpxtpx:cad><gpxtpx:atemp>13.0</gpxtpx:atemp></gpxtpx:TrackPointExtension></extensions></trkpt>
      <trkpt lat="42.6968067" lon="-71.8925750"><ele>562.0</ele><time>2025-11-22T16:11:06.000Z</time><extensions><gpxtpx:TrackPointExtension><gpxtpx:hr>152</gpxtpx:hr><gpxtpx:cad>50</gpxtpx:cad><gpxtpx:atemp>13.0</gpxtpx:atemp></gpxtpx:TrackPointExtension></extensions></trkpt>
      <trkpt lat="42.6967833" lon="-71.8925617"><ele>562.6</ele><time>2025-11-22T16:11:09.000Z</time><extensions><gpxtpx:TrackPointExtension><gpxtpx:hr>152</gpxtpx:hr><gpxtpx:cad>50</gpxtpx:cad><gpxtpx:atemp>13.0</gpxtpx:atemp></gpxtpx:TrackPointExtension></extensions></trkpt>
      <trkpt lat="42.6967683" lon="-71.8925417"><ele>563.0</ele><time>2025-11-22T16:11:12.000Z</time><extensions><gpxtpx:TrackPointExtension><gpxtpx:hr>153</gpxtpx:hr><gpxtpx:cad>52</gpxtpx:cad><gpxtpx:atemp>13.0</gpxtpx:atemp></gpxtpx:TrackPointExtension></extensions></trkpt>
      <trkpt lat="42.6967567" lon="-71.8925200"><ele>564.2</ele><time>2025-11-22T16:11:33.000Z</time><extensions><gpxtpx:TrackPointExtension><gpxtpx:hr>144</gpxtpx:hr><gpxtpx:cad>62</gpxtpx:cad><gpxtpx:atemp>13.2</gpxtpx:atemp></gpxtpx:TrackPointExtension></extensions></trkpt>
      <trkpt lat="42.6967417" lon="-71.8924950"><ele>564.2</ele><time>2025-11-22T16:11:35.000Z</time><extensions><gpxtpx:TrackPointExtension><gpxtpx:hr>143</gpxtpx:hr><gpxtpx:cad>66</gpxtpx:cad><gpxtpx:atemp>13.2</gpxtpx:atemp></gpxtpx:TrackPointExtension></extensions></trkpt>
      <trkpt lat="42.6967200" lon="-71.8924667"><ele>564.2</ele><time>2025-11-22T16:11:37.000Z</time><extensions><gpxtpx:TrackPointExtension><gpxtpx:hr>143</gpxtpx:hr><gpxtpx:cad>48</gpxtpx:cad><gpxtpx:atemp>13.2</gpxtpx:atemp></gpxtpx:TrackPointExtension></extensions></trkpt>
      <trkpt lat="42.6966950" lon="-71.8924467"><ele>564.2</ele><time>2025-11-22T16:11:39.000Z</time><extensions><gpxtpx:TrackPointExtension><gpxtpx:hr>140</gpxtpx:hr><gpxtpx:cad>53</gpxtpx:cad><gpxtpx:atemp>13.2</gpxtpx:atemp></gpxtpx:TrackPointExtension></extensions></trkpt>
      <trkpt lat="42.6966800" lon="-71.8924317"><ele>564.2</ele><time>2025-11-22T16:11:41.000Z</time><extensions><gpxtpx:TrackPointExtension><gpxtpx:hr>138</gpxtpx:hr><gpxtpx:cad>61</gpxtpx:cad><gpxtpx:atemp>13.2</gpxtpx:atemp></gpxtpx:TrackPointExtension></extensions></trkpt>
      <trkpt lat="42.6966683" lon="-71.8924033"><ele>564.0</ele><time>2025-11-22T16:11:44.000Z</time><extensions><gpxtpx:TrackPointExtension><gpxtpx:hr>138</gpxtpx:hr><gpxtpx:cad>61</gpxtpx:cad><gpxtpx:atemp>13.2</gpxtpx:atemp></gpxtpx:TrackPointExtension></extensions></trkpt>
      <trkpt lat="42.6966733" lon="-71.8923767"><ele>564.0</ele><time>2025-11-22T16:11:46.000Z</time><extensions><gpxtpx:TrackPointExtension><gpxtpx:hr>139</gpxtpx:hr><gpxtpx:cad>61</gpxtpx:cad><gpxtpx:atemp>13.2</gpxtpx:atemp></gpxtpx:TrackPointExtension></extensions></trkpt>
      <trkpt lat="42.6966667" lon="-71.8923517"><ele>563.8</ele><time>2025-11-22T16:11:48.000Z</time><extensions><gpxtpx:TrackPointExtension><gpxtpx:hr>140</gpxtpx:hr><gpxtpx:cad>61</gpxtpx:cad><gpxtpx:atemp>13.2</gpxtpx:atemp></gpxtpx:TrackPointExtension></extensions></trkpt>
      <trkpt lat="42.6966500" lon="-71.8923283"><ele>563.6</ele><time>2025-11-22T16:11:50.000Z</time><extensions><gpxtpx:TrackPointExtension><gpxtpx:hr>138</gpxtpx:hr><gpxtpx:cad>62</gpxtpx:cad><gpxtpx:atemp>13.2</gpxtpx:atemp></gpxtpx:TrackPointExtension></extensions></trkpt>
      <trkpt lat="42.6966367" lon="-71.8923050"><ele>563.2</ele><time>2025-11-22T16:11:53.000Z</time><extensions><gpxtpx:TrackPointExtension><gpxtpx:hr>136</gpxtpx:hr><gpxtpx:cad>62</gpxtpx:cad><gpxtpx:atemp>13.2</gpxtpx:atemp></gpxtpx:TrackPointExtension></extensions></trkpt>
      <trkpt lat="42.6966250" lon="-71.8922817"><ele>562.6</ele><time>2025-11-22T16:11:56.000Z</time><extensions><gpxtpx:TrackPointExtension><gpxtpx:hr>133</gpxtpx:hr><gpxtpx:cad>62</gpxtpx:cad><gpxtpx:atemp>13.2</gpxtpx:atemp></gpxtpx:TrackPointExtension></extensions></trkpt>
      <trkpt lat="42.6966100" lon="-71.8922950"><ele>562.2</ele><time>2025-11-22T16:11:59.000Z</time><extensions><gpxtpx:TrackPointExtension><gpxtpx:hr>131</gpxtpx:hr><gpxtpx:cad>63</gpxtpx:cad><gpxtpx:atemp>13.3</gpxtpx:atemp></gpxtpx:TrackPointExtension></extensions></trkpt>
      <trkpt lat="42.6965967" lon="-71.8922750"><ele>561.4</ele><time>2025-11-22T16:12:04.000Z</time><extensions><gpxtpx:TrackPointExtension><gpxtpx:hr>130</gpxtpx:hr><gpxtpx:cad>61</gpxtpx:cad><gpxtpx:atemp>13.2</gpxtpx:atemp></gpxtpx:TrackPointExtension></extensions></trkpt>
      <trkpt lat="42.6965850" lon="-71.8922433"><ele>560.6</ele><time>2025-11-22T16:12:07.000Z</time><extensions><gpxtpx:TrackPointExtension><gpxtpx:hr>129</gpxtpx:hr><gpxtpx:cad>61</gpxtpx:cad><gpxtpx:atemp>13.3</gpxtpx:atemp></gpxtpx:TrackPointExtension></extensions></trkpt>
      <trkpt lat="42.6965650" lon="-71.8922333"><ele>560.2</ele><time>2025-11-22T16:12:09.000Z</time><extensions><gpxtpx:TrackPointExtension><gpxtpx:hr>131</gpxtpx:hr><gpxtpx:cad>61</gpxtpx:cad><gpxtpx:atemp>13.3</gpxtpx:atemp></gpxtpx:TrackPointExtension></extensions></trkpt>
      <trkpt lat="42.6965467" lon="-71.8922200"><ele>559.8</ele><time>2025-11-22T16:12:11.000Z</time><extensions><gpxtpx:TrackPointExtension><gpxtpx:hr>131</gpxtpx:hr><gpxtpx:cad>61</gpxtpx:cad><gpxtpx:atemp>13.3</gpxtpx:atemp></gpxtpx:TrackPointExtension></extensions></trkpt>
      <trkpt lat="42.6965250" lon="-71.8922083"><ele>559.4</ele><time>2025-11-22T16:12:13.000Z</time><extensions><gpxtpx:TrackPointExtension><gpxtpx:hr>131</gpxtpx:hr><gpxtpx:cad>61</gpxtpx:cad><gpxtpx:atemp>13.3</gpxtpx:atemp></gpxtpx:TrackPointExtension></extensions></trkpt>
      <trkpt lat="42.6965100" lon="-71.8921950"><ele>559.0</ele><time>2025-11-22T16:12:15.000Z</time><extensions><gpxtpx:TrackPointExtension><gpxtpx:hr>132</gpxtpx:hr><gpxtpx:cad>60</gpxtpx:cad><gpxtpx:atemp>13.3</gpxtpx:atemp></gpxtpx:TrackPointExtension></extensions></trkpt>
      <trkpt lat="42.6964933" lon="-71.8921850"><ele>558.6</ele><time>2025-11-22T16:12:17.000Z</time><extensions><gpxtpx:TrackPointExtension><gpxtpx:hr>131</gpxtpx:hr><gpxtpx:cad>60</gpxtpx:cad><gpxtpx:atemp>13.3</gpxtpx:atemp></gpxtpx:TrackPointExtension></extensions></trkpt>
      <trkpt lat="42.6964817" lon="-71.8921633"><ele>558.0</ele><time>2025-11-22T16:12:20.000Z</time><extensions><gpxtpx:TrackPointExtension><gpxtpx:hr>129</gpxtpx:hr><gpxtpx:cad>60</gpxtpx:cad><gpxtpx:atemp>13.3</gpxtpx:atemp></gpxtpx:TrackPointExtension></extensions></trkpt>
      <trkpt lat="42.6964650" lon="-71.8921333"><ele>557.6</ele><time>2025-11-22T16:12:23.000Z</time><extensions><gpxtpx:TrackPointExtension><gpxtpx:hr>128</gpxtpx:hr><gpxtpx:cad>60</gpxtpx:cad><gpxtpx:atemp>13.3</gpxtpx:atemp></gpxtpx:TrackPointExtension></extensions></trkpt>
      <trkpt lat="42.6964450" lon="-71.8921150"><ele>557.4</ele><time>2025-11-22T16:12:25.000Z</time><extensions><gpxtpx:TrackPointExtension><gpxtpx:hr>127</gpxtpx:hr><gpxtpx:cad>60</gpxtpx:cad><gpxtpx:atemp>13.3</gpxtpx:atemp></gpxtpx:TrackPointExtension></extensions></trkpt>
      <trkpt lat="42.6964233" lon="-71.8921000"><ele>556.8</ele><time>2025-11-22T16:12:28.000Z</time><extensions><gpxtpx:TrackPointExtension><gpxtpx:hr>127</gpxtpx:hr><gpxtpx:cad>60</gpxtpx:cad><gpxtpx:atemp>13.3</gpxtpx:atemp></gpxtpx:TrackPointExtension></extensions></trkpt>
      <trkpt lat="42.6964100" lon="-71.8920800"><ele>556.4</ele><time>2025-11-22T16:12:30.000Z</time><extensions><gpxtpx:TrackPointExtension><gpxtpx:hr>126</gpxtpx:hr><gpxtpx:cad>59</gpxtpx:cad><gpxtpx:atemp>13.3</gpxtpx:atemp></gpxtpx:TrackPointExtension></extensions></trkpt>
      <trkpt lat="42.6964050" lon="-71.8920567"><ele>556.0</ele><time>2025-11-22T16:12:32.000Z</time><extensions><gpxtpx:TrackPointExtension><gpxtpx:hr>125</gpxtpx:hr><gpxtpx:cad>59</gpxtpx:cad><gpxtpx:atemp>13.4</gpxtpx:atemp></gpxtpx:TrackPointExtension></extensions></trkpt>
      <trkpt lat="42.6964033" lon="-71.8920317"><ele>555.6</ele><time>2025-11-22T16:12:34.000Z</time><extensions><gpxtpx:TrackPointExtension><gpxtpx:hr>126</gpxtpx:hr><gpxtpx:cad>61</gpxtpx:cad><gpxtpx:atemp>13.4</gpxtpx:atemp></gpxtpx:TrackPointExtension></extensions></trkpt>
      <trkpt lat="42.6963917" lon="-71.8919983"><ele>555.2</ele><time>2025-11-22T16:12:36.000Z</time><extensions><gpxtpx:TrackPointExtension><gpxtpx:hr>125</gpxtpx:hr><gpxtpx:cad>61</gpxtpx:cad><gpxtpx:atemp>13.4</gpxtpx:atemp></gpxtpx:TrackPointExtension></extensions></trkpt>
      <trkpt lat="42.6963700" lon="-71.8919783"><ele>555.0</ele><time>2025-11-22T16:12:38.000Z</time><extensions><gpxtpx:TrackPointExtension><gpxtpx:hr>124</gpxtpx:hr><gpxtpx:cad>62</gpxtpx:cad><gpxtpx:atemp>13.4</gpxtpx:atemp></gpxtpx:TrackPointExtension></extensions></trkpt>
      <trkpt lat="42.6963467" lon="-71.8919583"><ele>554.6</ele><time>2025-11-22T16:12:40.000Z</time><extensions><gpxtpx:TrackPointExtension><gpxtpx:hr>124</gpxtpx:hr><gpxtpx:cad>62</gpxtpx:cad><gpxtpx:atemp>13.4</gpxtpx:atemp></gpxtpx:TrackPointExtension></extensions></trkpt>
      <trkpt lat="42.6963317" lon="-71.8919317"><ele>554.4</ele><time>2025-11-22T16:12:42.000Z</time><extensions><gpxtpx:TrackPointExtension><gpxtpx:hr>125</gpxtpx:hr><gpxtpx:cad>61</gpxtpx:cad><gpxtpx:atemp>13.4</gpxtpx:atemp></gpxtpx:TrackPointExtension></extensions></trkpt>
      <trkpt lat="42.6963183" lon="-71.8919033"><ele>554.2</ele><time>2025-11-22T16:12:44.000Z</time><extensions><gpxtpx:TrackPointExtension><gpxtpx:hr>126</gpxtpx:hr><gpxtpx:cad>59</gpxtpx:cad><gpxtpx:atemp>13.4</gpxtpx:atemp></gpxtpx:TrackPointExtension></extensions></trkpt>
      <trkpt lat="42.6963017" lon="-71.8918800"><ele>554.0</ele><time>2025-11-22T16:12:46.000Z</time><extensions><gpxtpx:TrackPointExtension><gpxtpx:hr>127</gpxtpx:hr><gpxtpx:cad>59</gpxtpx:cad><gpxtpx:atemp>13.4</gpxtpx:atemp></gpxtpx:TrackPointExtension></extensions></trkpt>
      <trkpt lat="42.6962933" lon="-71.8918517"><ele>553.8</ele><time>2025-11-22T16:12:48.000Z</time><extensions><gpxtpx:TrackPointExtension><gpxtpx:hr>128</gpxtpx:hr><gpxtpx:cad>59</gpxtpx:cad><gpxtpx:atemp>13.4</gpxtpx:atemp></gpxtpx:TrackPointExtension></extensions></trkpt>
      <trkpt lat="42.6962833" lon="-71.8918167"><ele>553.6</ele><time>2025-11-22T16:12:50.000Z</time><extensions><gpxtpx:TrackPointExtension><gpxtpx:hr>129</gpxtpx:hr><gpxtpx:cad>54</gpxtpx:cad><gpxtpx:atemp>13.4</gpxtpx:atemp></gpxtpx:TrackPointExtension></extensions></trkpt>
      <trkpt lat="42.6962717" lon="-71.8917917"><ele>553.6</ele><time>2025-11-22T16:12:52.000Z</time><extensions><gpxtpx:TrackPointExtension><gpxtpx:hr>131</gpxtpx:hr><gpxtpx:cad>60</gpxtpx:cad><gpxtpx:atemp>13.4</gpxtpx:atemp></gpxtpx:TrackPointExtension></extensions></trkpt>
      <trkpt lat="42.6962583" lon="-71.8917617"><ele>553.4</ele><time>2025-11-22T16:12:54.000Z</time><extensions><gpxtpx:TrackPointExtension><gpxtpx:hr>133</gpxtpx:hr><gpxtpx:cad>62</gpxtpx:cad><gpxtpx:atemp>13.3</gpxtpx:atemp></gpxtpx:TrackPointExtension></extensions></trkpt>
      <trkpt lat="42.6962500" lon="-71.8917300"><ele>553.6</ele><time>2025-11-22T16:12:56.000Z</time><extensions><gpxtpx:TrackPointExtension><gpxtpx:hr>133</gpxtpx:hr><gpxtpx:cad>62</gpxtpx:cad><gpxtpx:atemp>13.4</gpxtpx:atemp></gpxtpx:TrackPointExtension></extensions></trkpt>
      <trkpt lat="42.6962417" lon="-71.8916983"><ele>553.6</ele><time>2025-11-22T16:12:58.000Z</time><extensions><gpxtpx:TrackPointExtension><gpxtpx:hr>136</gpxtpx:hr><gpxtpx:cad>62</gpxtpx:cad><gpxtpx:atemp>13.3</gpxtpx:atemp></gpxtpx:TrackPointExtension></extensions></trkpt>
      <trkpt lat="42.6962283" lon="-71.8916733"><ele>553.8</ele><time>2025-11-22T16:13:00.000Z</time><extensions><gpxtpx:TrackPointExtension><gpxtpx:hr>137</gpxtpx:hr><gpxtpx:cad>62</gpxtpx:cad><gpxtpx:atemp>13.3</gpxtpx:atemp></gpxtpx:TrackPointExtension></extensions></trkpt>
      <trkpt lat="42.6962133" lon="-71.8916500"><ele>553.8</ele><time>2025-11-22T16:13:02.000Z</time><extensions><gpxtpx:TrackPointExtension><gpxtpx:hr>137</gpxtpx:hr><gpxtpx:cad>61</gpxtpx:cad><gpxtpx:atemp>13.3</gpxtpx:atemp></gpxtpx:TrackPointExtension></extensions></trkpt>
      <trkpt lat="42.6962033" lon="-71.8916267"><ele>554.0</ele><time>2025-11-22T16:13:04.000Z</time><extensions><gpxtpx:TrackPointExtension><gpxtpx:hr>137</gpxtpx:hr><gpxtpx:cad>57</gpxtpx:cad><gpxtpx:atemp>13.3</gpxtpx:atemp></gpxtpx:TrackPointExtension></extensions></trkpt>
      <trkpt lat="42.6961967" lon="-71.8915983"><ele>554.0</ele><time>2025-11-22T16:13:06.000Z</time><extensions><gpxtpx:TrackPointExtension><gpxtpx:hr>137</gpxtpx:hr><gpxtpx:cad>56</gpxtpx:cad><gpxtpx:atemp>13.3</gpxtpx:atemp></gpxtpx:TrackPointExtension></extensions></trkpt>
      <trkpt lat="42.6961883" lon="-71.8915683"><ele>554.0</ele><time>2025-11-22T16:13:08.000Z</time><extensions><gpxtpx:TrackPointExtension><gpxtpx:hr>137</gpxtpx:hr><gpxtpx:cad>56</gpxtpx:cad><gpxtpx:atemp>13.3</gpxtpx:atemp></gpxtpx:TrackPointExtension></extensions></trkpt>
      <trkpt lat="42.6961717" lon="-71.8915433"><ele>554.2</ele><time>2025-11-22T16:13:10.000Z</time><extensions><gpxtpx:TrackPointExtension><gpxtpx:hr>137</gpxtpx:hr><gpxtpx:cad>56</gpxtpx:cad><gpxtpx:atemp>13.3</gpxtpx:atemp></gpxtpx:TrackPointExtension></extensions></trkpt>
      <trkpt lat="42.6961567" lon="-71.8915183"><ele>554.2</ele><time>2025-11-22T16:13:12.000Z</time><extensions><gpxtpx:TrackPointExtension><gpxtpx:hr>138</gpxtpx:hr><gpxtpx:cad>56</gpxtpx:cad><gpxtpx:atemp>13.3</gpxtpx:atemp></gpxtpx:TrackPointExtension></extensions></trkpt>
      <trkpt lat="42.6961383" lon="-71.8914967"><ele>554.2</ele><time>2025-11-22T16:13:14.000Z</time><extensions><gpxtpx:TrackPointExtension><gpxtpx:hr>137</gpxtpx:hr><gpxtpx:cad>57</gpxtpx:cad><gpxtpx:atemp>13.3</gpxtpx:atemp></gpxtpx:TrackPointExtension></extensions></trkpt>
      <trkpt lat="42.6961233" lon="-71.8914817"><ele>554.4</ele><time>2025-11-22T16:13:16.000Z</time><extensions><gpxtpx:TrackPointExtension><gpxtpx:hr>137</gpxtpx:hr><gpxtpx:cad>58</gpxtpx:cad><gpxtpx:atemp>13.3</gpxtpx:atemp></gpxtpx:TrackPointExtension></extensions></trkpt>
      <trkpt lat="42.6961033" lon="-71.8914667"><ele>554.6</ele><time>2025-11-22T16:13:18.000Z</time><extensions><gpxtpx:TrackPointExtension><gpxtpx:hr>136</gpxtpx:hr><gpxtpx:cad>58</gpxtpx:cad><gpxtpx:atemp>13.3</gpxtpx:atemp></gpxtpx:TrackPointExtension></extensions></trkpt>
      <trkpt lat="42.6960850" lon="-71.8914483"><ele>554.6</ele><time>2025-11-22T16:13:20.000Z</time><extensions><gpxtpx:TrackPointExtension><gpxtpx:hr>137</gpxtpx:hr><gpxtpx:cad>57</gpxtpx:cad><gpxtpx:atemp>13.3</gpxtpx:atemp></gpxtpx:TrackPointExtension></extensions></trkpt>
      <trkpt lat="42.6960717" lon="-71.8914200"><ele>554.8</ele><time>2025-11-22T16:13:22.000Z</time><extensions><gpxtpx:TrackPointExtension><gpxtpx:hr>137</gpxtpx:hr><gpxtpx:cad>59</gpxtpx:cad><gpxtpx:atemp>13.3</gpxtpx:atemp></gpxtpx:TrackPointExtension></extensions></trkpt>
      <trkpt lat="42.6960533" lon="-71.8913967"><ele>555.0</ele><time>2025-11-22T16:13:24.000Z</time><extensions><gpxtpx:TrackPointExtension><gpxtpx:hr>137</gpxtpx:hr><gpxtpx:cad>58</gpxtpx:cad><gpxtpx:atemp>13.3</gpxtpx:atemp></gpxtpx:TrackPointExtension></extensions></trkpt>
      <trkpt lat="42.6960417" lon="-71.8913750"><ele>555.4</ele><time>2025-11-22T16:13:26.000Z</time><extensions><gpxtpx:TrackPointExtension><gpxtpx:hr>138</gpxtpx:hr><gpxtpx:cad>57</gpxtpx:cad><gpxtpx:atemp>13.3</gpxtpx:atemp></gpxtpx:TrackPointExtension></extensions></trkpt>
      <trkpt lat="42.6960283" lon="-71.8913517"><ele>555.8</ele><time>2025-11-22T16:13:28.000Z</time><extensions><gpxtpx:TrackPointExtension><gpxtpx:hr>138</gpxtpx:hr><gpxtpx:cad>57</gpxtpx:cad><gpxtpx:atemp>13.3</gpxtpx:atemp></gpxtpx:TrackPointExtension></extensions></trkpt>
      <trkpt lat="42.6960150" lon="-71.8913383"><ele>556.0</ele><time>2025-11-22T16:13:30.000Z</time><extensions><gpxtpx:TrackPointExtension><gpxtpx:hr>137</gpxtpx:hr><gpxtpx:cad>57</gpxtpx:cad><gpxtpx:atemp>13.3</gpxtpx:atemp></gpxtpx:TrackPointExtension></extensions></trkpt>
      <trkpt lat="42.6959933" lon="-71.8913183"><ele>556.4</ele><time>2025-11-22T16:13:33.000Z</time><extensions><gpxtpx:TrackPointExtension><gpxtpx:hr>136</gpxtpx:hr><gpxtpx:cad>51</gpxtpx:cad><gpxtpx:atemp>13.3</gpxtpx:atemp></gpxtpx:TrackPointExtension></extensions></trkpt>
      <trkpt lat="42.6959817" lon="-71.8912883"><ele>556.6</ele><time>2025-11-22T16:13:36.000Z</time><extensions><gpxtpx:TrackPointExtension><gpxtpx:hr>135</gpxtpx:hr><gpxtpx:cad>51</gpxtpx:cad><gpxtpx:atemp>13.3</gpxtpx:atemp></gpxtpx:TrackPointExtension></extensions></trkpt>
      <trkpt lat="42.6959683" lon="-71.8912700"><ele>556.8</ele><time>2025-11-22T16:13:38.000Z</time><extensions><gpxtpx:TrackPointExtension><gpxtpx:hr>135</gpxtpx:hr><gpxtpx:cad>51</gpxtpx:cad><gpxtpx:atemp>13.3</gpxtpx:atemp></gpxtpx:TrackPointExtension></extensions></trkpt>
      <trkpt lat="42.6959800" lon="-71.8912900"><ele>557.2</ele><time>2025-11-22T16:13:52.000Z</time><extensions><gpxtpx:TrackPointExtension><gpxtpx:hr>132</gpxtpx:hr><gpxtpx:cad>53</gpxtpx:cad><gpxtpx:atemp>13.4</gpxtpx:atemp></gpxtpx:TrackPointExtension></extensions></trkpt>
      <trkpt lat="42.6959900" lon="-71.8913117"><ele>557.4</ele><time>2025-11-22T16:14:17.000Z</time><extensions><gpxtpx:TrackPointExtension><gpxtpx:hr>116</gpxtpx:hr><gpxtpx:cad>0</gpxtpx:cad><gpxtpx:atemp>13.5</gpxtpx:atemp></gpxtpx:TrackPointExtension></extensions></trkpt>
      <trkpt lat="42.6960000" lon="-71.8913383"><ele>557.4</ele><time>2025-11-22T16:14:20.000Z</time><extensions><gpxtpx:TrackPointExtension><gpxtpx:hr>117</gpxtpx:hr><gpxtpx:cad>0</gpxtpx:cad><gpxtpx:atemp>13.6</gpxtpx:atemp></gpxtpx:TrackPointExtension></extensions></trkpt>
      <trkpt lat="42.6960167" lon="-71.8913617"><ele>557.4</ele><time>2025-11-22T16:14:22.000Z</time><extensions><gpxtpx:TrackPointExtension><gpxtpx:hr>117</gpxtpx:hr><gpxtpx:cad>45</gpxtpx:cad><gpxtpx:atemp>13.6</gpxtpx:atemp></gpxtpx:TrackPointExtension></extensions></trkpt>
      <trkpt lat="42.6960367" lon="-71.8913783"><ele>557.4</ele><time>2025-11-22T16:14:24.000Z</time><extensions><gpxtpx:TrackPointExtension><gpxtpx:hr>118</gpxtpx:hr><gpxtpx:cad>60</gpxtpx:cad><gpxtpx:atemp>13.6</gpxtpx:atemp></gpxtpx:TrackPointExtension></extensions></trkpt>
      <trkpt lat="42.6960500" lon="-71.8913983"><ele>557.2</ele><time>2025-11-22T16:14:26.000Z</time><extensions><gpxtpx:TrackPointExtension><gpxtpx:hr>119</gpxtpx:hr><gpxtpx:cad>60</gpxtpx:cad><gpxtpx:atemp>13.6</gpxtpx:atemp></gpxtpx:TrackPointExtension></extensions></trkpt>
      <trkpt lat="42.6960683" lon="-71.8914250"><ele>557.2</ele><time>2025-11-22T16:14:28.000Z</time><extensions><gpxtpx:TrackPointExtension><gpxtpx:hr>118</gpxtpx:hr><gpxtpx:cad>60</gpxtpx:cad><gpxtpx:atemp>13.6</gpxtpx:atemp></gpxtpx:TrackPointExtension></extensions></trkpt>
      <trkpt lat="42.6960867" lon="-71.8914533"><ele>557.0</ele><time>2025-11-22T16:14:30.000Z</time><extensions><gpxtpx:TrackPointExtension><gpxtpx:hr>118</gpxtpx:hr><gpxtpx:cad>60</gpxtpx:cad><gpxtpx:atemp>13.6</gpxtpx:atemp></gpxtpx:TrackPointExtension></extensions></trkpt>
      <trkpt lat="42.6961033" lon="-71.8914700"><ele>556.8</ele><time>2025-11-22T16:14:32.000Z</time><extensions><gpxtpx:TrackPointExtension><gpxtpx:hr>120</gpxtpx:hr><gpxtpx:cad>59</gpxtpx:cad><gpxtpx:atemp>13.6</gpxtpx:atemp></gpxtpx:TrackPointExtension></extensions></trkpt>
      <trkpt lat="42.6961217" lon="-71.8914867"><ele>556.8</ele><time>2025-11-22T16:14:34.000Z</time><extensions><gpxtpx:TrackPointExtension><gpxtpx:hr>121</gpxtpx:hr><gpxtpx:cad>59</gpxtpx:cad><gpxtpx:atemp>13.6</gpxtpx:atemp></gpxtpx:TrackPointExtension></extensions></trkpt>
      <trkpt lat="42.6961400" lon="-71.8915000"><ele>556.6</ele><time>2025-11-22T16:14:36.000Z</time><extensions><gpxtpx:TrackPointExtension><gpxtpx:hr>119</gpxtpx:hr><gpxtpx:cad>59</gpxtpx:cad><gpxtpx:atemp>13.6</gpxtpx:atemp></gpxtpx:TrackPointExtension></extensions></trkpt>
      <trkpt lat="42.6961517" lon="-71.8915233"><ele>556.4</ele><time>2025-11-22T16:14:38.000Z</time><extensions><gpxtpx:TrackPointExtension><gpxtpx:hr>119</gpxtpx:hr><gpxtpx:cad>61</gpxtpx:cad><gpxtpx:atemp>13.6</gpxtpx:atemp></gpxtpx:TrackPointExtension></extensions></trkpt>
      <trkpt lat="42.6961617" lon="-71.8915517"><ele>556.2</ele><time>2025-11-22T16:14:40.000Z</time><extensions><gpxtpx:TrackPointExtension><gpxtpx:hr>120</gpxtpx:hr><gpxtpx:cad>61</gpxtpx:cad><gpxtpx:atemp>13.6</gpxtpx:atemp></gpxtpx:TrackPointExtension></extensions></trkpt>
      <trkpt lat="42.6961717" lon="-71.8915800"><ele>556.0</ele><time>2025-11-22T16:14:42.000Z</time><extensions><gpxtpx:TrackPointExtension><gpxtpx:hr>119</gpxtpx:hr><gpxtpx:cad>61</gpxtpx:cad><gpxtpx:atemp>13.5</gpxtpx:atemp></gpxtpx:TrackPointExtension></extensions></trkpt>
      <trkpt lat="42.6961883" lon="-71.8916000"><ele>555.8</ele><time>2025-11-22T16:14:44.000Z</time><extensions><gpxtpx:TrackPointExtension><gpxtpx:hr>119</gpxtpx:hr><gpxtpx:cad>61</gpxtpx:cad><gpxtpx:atemp>13.5</gpxtpx:atemp></gpxtpx:TrackPointExtension></extensions></trkpt>
      <trkpt lat="42.6962017" lon="-71.8916250"><ele>555.4</ele><time>2025-11-22T16:14:46.000Z</time><extensions><gpxtpx:TrackPointExtension><gpxtpx:hr>120</gpxtpx:hr><gpxtpx:cad>61</gpxtpx:cad><gpxtpx:atemp>13.5</gpxtpx:atemp></gpxtpx:TrackPointExtension></extensions></trkpt>
      <trkpt lat="42.6962100" lon="-71.8916500"><ele>555.4</ele><time>2025-11-22T16:14:48.000Z</time><extensions><gpxtpx:TrackPointExtension><gpxtpx:hr>120</gpxtpx:hr><gpxtpx:cad>62</gpxtpx:cad><gpxtpx:atemp>13.5</gpxtpx:atemp></gpxtpx:TrackPointExtension></extensions></trkpt>
      <trkpt lat="42.6962133" lon="-71.8916750"><ele>555.2</ele><time>2025-11-22T16:14:50.000Z</time><extensions><gpxtpx:TrackPointExtension><gpxtpx:hr>119</gpxtpx:hr><gpxtpx:cad>62</gpxtpx:cad><gpxtpx:atemp>13.5</gpxtpx:atemp></gpxtpx:TrackPointExtension></extensions></trkpt>
      <trkpt lat="42.6962167" lon="-71.8917067"><ele>555.0</ele><time>2025-11-22T16:14:52.000Z</time><extensions><gpxtpx:TrackPointExtension><gpxtpx:hr>117</gpxtpx:hr><gpxtpx:cad>62</gpxtpx:cad><gpxtpx:atemp>13.5</gpxtpx:atemp></gpxtpx:TrackPointExtension></extensions></trkpt>
      <trkpt lat="42.6962283" lon="-71.8917317"><ele>554.8</ele><time>2025-11-22T16:14:54.000Z</time><extensions><gpxtpx:TrackPointExtension><gpxtpx:hr>118</gpxtpx:hr><gpxtpx:cad>62</gpxtpx:cad><gpxtpx:atemp>13.5</gpxtpx:atemp></gpxtpx:TrackPointExtension></extensions></trkpt>
      <trkpt lat="42.6962350" lon="-71.8917617"><ele>554.8</ele><time>2025-11-22T16:14:56.000Z</time><extensions><gpxtpx:TrackPointExtension><gpxtpx:hr>117</gpxtpx:hr><gpxtpx:cad>61</gpxtpx:cad><gpxtpx:atemp>13.4</gpxtpx:atemp></gpxtpx:TrackPointExtension></extensions></trkpt>
      <trkpt lat="42.6962500" lon="-71.8917867"><ele>554.6</ele><time>2025-11-22T16:14:58.000Z</time><extensions><gpxtpx:TrackPointExtension><gpxtpx:hr>115</gpxtpx:hr><gpxtpx:cad>61</gpxtpx:cad><gpxtpx:atemp>13.4</gpxtpx:atemp></gpxtpx:TrackPointExtension></extensions></trkpt>
      <trkpt lat="42.6962633" lon="-71.8918100"><ele>554.6</ele><time>2025-11-22T16:15:00.000Z</time><extensions><gpxtpx:TrackPointExtension><gpxtpx:hr>115</gpxtpx:hr><gpxtpx:cad>62</gpxtpx:cad><gpxtpx:atemp>13.4</gpxtpx:atemp></gpxtpx:TrackPointExtension></extensions></trkpt>
      <trkpt lat="42.6962700" lon="-71.8918317"><ele>554.4</ele><time>2025-11-22T16:15:02.000Z</time><extensions><gpxtpx:TrackPointExtension><gpxtpx:hr>117</gpxtpx:hr><gpxtpx:cad>62</gpxtpx:cad><gpxtpx:atemp>13.4</gpxtpx:atemp></gpxtpx:TrackPointExtension></extensions></trkpt>
      <trkpt lat="42.6962817" lon="-71.8918600"><ele>554.0</ele><time>2025-11-22T16:15:05.000Z</time><extensions><gpxtpx:TrackPointExtension><gpxtpx:hr>116</gpxtpx:hr><gpxtpx:cad>62</gpxtpx:cad><gpxtpx:atemp>13.3</gpxtpx:atemp></gpxtpx:TrackPointExtension></extensions></trkpt>
      <trkpt lat="42.6962933" lon="-71.8918833"><ele>553.8</ele><time>2025-11-22T16:15:07.000Z</time><extensions><gpxtpx:TrackPointExtension><gpxtpx:hr>115</gpxtpx:hr><gpxtpx:cad>58</gpxtpx:cad><gpxtpx:atemp>13.3</gpxtpx:atemp></gpxtpx:TrackPointExtension></extensions></trkpt>
      <trkpt lat="42.6963033" lon="-71.8919083"><ele>553.8</ele><time>2025-11-22T16:15:09.000Z</time><extensions><gpxtpx:TrackPointExtension><gpxtpx:hr>117</gpxtpx:hr><gpxtpx:cad>58</gpxtpx:cad><gpxtpx:atemp>13.3</gpxtpx:atemp></gpxtpx:TrackPointExtension></extensions></trkpt>
      <trkpt lat="42.6963117" lon="-71.8919383"><ele>553.6</ele><time>2025-11-22T16:15:11.000Z</time><extensions><gpxtpx:TrackPointExtension><gpxtpx:hr>117</gpxtpx:hr><gpxtpx:cad>58</gpxtpx:cad><gpxtpx:atemp>13.3</gpxtpx:atemp></gpxtpx:TrackPointExtension></extensions></trkpt>
      <trkpt lat="42.6963267" lon="-71.8919650"><ele>553.4</ele><time>2025-11-22T16:15:13.000Z</time><extensions><gpxtpx:TrackPointExtension><gpxtpx:hr>117</gpxtpx:hr><gpxtpx:cad>58</gpxtpx:cad><gpxtpx:atemp>13.2</gpxtpx:atemp></gpxtpx:TrackPointExtension></extensions></trkpt>
      <trkpt lat="42.6963417" lon="-71.8919850"><ele>553.2</ele><time>2025-11-22T16:15:15.000Z</time><extensions><gpxtpx:TrackPointExtension><gpxtpx:hr>117</gpxtpx:hr><gpxtpx:cad>58</gpxtpx:cad><gpxtpx:atemp>13.2</gpxtpx:atemp></gpxtpx:TrackPointExtension></extensions></trkpt>
      <trkpt lat="42.6963650" lon="-71.8920000"><ele>553.0</ele><time>2025-11-22T16:15:17.000Z</time><extensions><gpxtpx:TrackPointExtension><gpxtpx:hr>119</gpxtpx:hr><gpxtpx:cad>63</gpxtpx:cad><gpxtpx:atemp>13.2</gpxtpx:atemp></gpxtpx:TrackPointExtension></extensions></trkpt>
      <trkpt lat="42.6963883" lon="-71.8920183"><ele>552.8</ele><time>2025-11-22T16:15:19.000Z</time><extensions><gpxtpx:TrackPointExtension><gpxtpx:hr>123</gpxtpx:hr><gpxtpx:cad>63</gpxtpx:cad><gpxtpx:atemp>13.2</gpxtpx:atemp></gpxtpx:TrackPointExtension></extensions></trkpt>
      <trkpt lat="42.6964167" lon="-71.8920283"><ele>552.8</ele><time>2025-11-22T16:15:21.000Z</time><extensions><gpxtpx:TrackPointExtension><gpxtpx:hr>125</gpxtpx:hr><gpxtpx:cad>67</gpxtpx:cad><gpxtpx:atemp>13.2</gpxtpx:atemp></gpxtpx:TrackPointExtension></extensions></trkpt>
      <trkpt lat="42.6964383" lon="-71.8920250"><ele>552.8</ele><time>2025-11-22T16:15:23.000Z</time><extensions><gpxtpx:TrackPointExtension><gpxtpx:hr>126</gpxtpx:hr><gpxtpx:cad>64</gpxtpx:cad><gpxtpx:atemp>13.2</gpxtpx:atemp></gpxtpx:TrackPointExtension></extensions></trkpt>
      <trkpt lat="42.6964633" lon="-71.8920300"><ele>552.8</ele><time>2025-11-22T16:15:25.000Z</time><extensions><gpxtpx:TrackPointExtension><gpxtpx:hr>126</gpxtpx:hr><gpxtpx:cad>64</gpxtpx:cad><gpxtpx:atemp>13.2</gpxtpx:atemp></gpxtpx:TrackPointExtension></extensions></trkpt>
      <trkpt lat="42.6964883" lon="-71.8920383"><ele>552.8</ele><time>2025-11-22T16:15:27.000Z</time><extensions><gpxtpx:TrackPointExtension><gpxtpx:hr>125</gpxtpx:hr><gpxtpx:cad>64</gpxtpx:cad><gpxtpx:atemp>13.2</gpxtpx:atemp></gpxtpx:TrackPointExtension></extensions></trkpt>
      <trkpt lat="42.6965117" lon="-71.8920550"><ele>553.0</ele><time>2025-11-22T16:15:29.000Z</time><extensions><gpxtpx:TrackPointExtension><gpxtpx:hr>125</gpxtpx:hr><gpxtpx:cad>63</gpxtpx:cad><gpxtpx:atemp>13.2</gpxtpx:atemp></gpxtpx:TrackPointExtension></extensions></trkpt>
      <trkpt lat="42.6965300" lon="-71.8920700"><ele>553.0</ele><time>2025-11-22T16:15:31.000Z</time><extensions><gpxtpx:TrackPointExtension><gpxtpx:hr>126</gpxtpx:hr><gpxtpx:cad>63</gpxtpx:cad><gpxtpx:atemp>13.1</gpxtpx:atemp></gpxtpx:TrackPointExtension></extensions></trkpt>
      <trkpt lat="42.6965517" lon="-71.8920933"><ele>553.0</ele><time>2025-11-22T16:15:34.000Z</time><extensions><gpxtpx:TrackPointExtension><gpxtpx:hr>127</gpxtpx:hr><gpxtpx:cad>63</gpxtpx:cad><gpxtpx:atemp>13.2</gpxtpx:atemp></gpxtpx:TrackPointExtension></extensions></trkpt>
      <trkpt lat="42.6965667" lon="-71.8921033"><ele>553.0</ele><time>2025-11-22T16:15:36.000Z</time><extensions><gpxtpx:TrackPointExtension><gpxtpx:hr>127</gpxtpx:hr><gpxtpx:cad>63</gpxtpx:cad><gpxtpx:atemp>13.2</gpxtpx:atemp></gpxtpx:TrackPointExtension></extensions></trkpt>
      <trkpt lat="42.6965850" lon="-71.8921200"><ele>553.2</ele><time>2025-11-22T16:15:38.000Z</time><extensions><gpxtpx:TrackPointExtension><gpxtpx:hr>129</gpxtpx:hr><gpxtpx:cad>59</gpxtpx:cad><gpxtpx:atemp>13.2</gpxtpx:atemp></gpxtpx:TrackPointExtension></extensions></trkpt>
      <trkpt lat="42.6966017" lon="-71.8921367"><ele>553.4</ele><time>2025-11-22T16:15:40.000Z</time><extensions><gpxtpx:TrackPointExtension><gpxtpx:hr>133</gpxtpx:hr><gpxtpx:cad>52</gpxtpx:cad><gpxtpx:atemp>13.2</gpxtpx:atemp></gpxtpx:TrackPointExtension></extensions></trkpt>
      <trkpt lat="42.6966183" lon="-71.8921500"><ele>553.4</ele><time>2025-11-22T16:15:42.000Z</time><extensions><gpxtpx:TrackPointExtension><gpxtpx:hr>136</gpxtpx:hr><gpxtpx:cad>46</gpxtpx:cad><gpxtpx:atemp>13.2</gpxtpx:atemp></gpxtpx:TrackPointExtension></extensions></trkpt>
      <trkpt lat="42.6966333" lon="-71.8921633"><ele>553.6</ele><time>2025-11-22T16:15:44.000Z</time><extensions><gpxtpx:TrackPointExtension><gpxtpx:hr>138</gpxtpx:hr><gpxtpx:cad>44</gpxtpx:cad><gpxtpx:atemp>13.2</gpxtpx:atemp></gpxtpx:TrackPointExtension></extensions></trkpt>
      <trkpt lat="42.6966517" lon="-71.8921817"><ele>553.8</ele><time>2025-11-22T16:15:46.000Z</time><extensions><gpxtpx:TrackPointExtension><gpxtpx:hr>139</gpxtpx:hr><gpxtpx:cad>42</gpxtpx:cad><gpxtpx:atemp>13.2</gpxtpx:atemp></gpxtpx:TrackPointExtension></extensions></trkpt>
      <trkpt lat="42.6966733" lon="-71.8921733"><ele>554.2</ele><time>2025-11-22T16:15:48.000Z</time><extensions><gpxtpx:TrackPointExtension><gpxtpx:hr>140</gpxtpx:hr><gpxtpx:cad>44</gpxtpx:cad><gpxtpx:atemp>13.2</gpxtpx:atemp></gpxtpx:TrackPointExtension></extensions></trkpt>
      <trkpt lat="42.6966950" lon="-71.8921700"><ele>554.4</ele><time>2025-11-22T16:15:50.000Z</time><extensions><gpxtpx:TrackPointExtension><gpxtpx:hr>139</gpxtpx:hr><gpxtpx:cad>47</gpxtpx:cad><gpxtpx:atemp>13.2</gpxtpx:atemp></gpxtpx:TrackPointExtension></extensions></trkpt>
      <trkpt lat="42.6967233" lon="-71.8921717"><ele>554.6</ele><time>2025-11-22T16:15:52.000Z</time><extensions><gpxtpx:TrackPointExtension><gpxtpx:hr>140</gpxtpx:hr><gpxtpx:cad>49</gpxtpx:cad><gpxtpx:atemp>13.2</gpxtpx:atemp></gpxtpx:TrackPointExtension></extensions></trkpt>
      <trkpt lat="42.6967483" lon="-71.8921833"><ele>555.0</ele><time>2025-11-22T16:15:54.000Z</time><extensions><gpxtpx:TrackPointExtension><gpxtpx:hr>140</gpxtpx:hr><gpxtpx:cad>56</gpxtpx:cad><gpxtpx:atemp>13.2</gpxtpx:atemp></gpxtpx:TrackPointExtension></extensions></trkpt>
      <trkpt lat="42.6967717" lon="-71.8922067"><ele>555.2</ele><time>2025-11-22T16:15:56.000Z</time><extensions><gpxtpx:TrackPointExtension><gpxtpx:hr>141</gpxtpx:hr><gpxtpx:cad>57</gpxtpx:cad><gpxtpx:atemp>13.2</gpxtpx:atemp></gpxtpx:TrackPointExtension></extensions></trkpt>
      <trkpt lat="42.6967917" lon="-71.8922267"><ele>555.6</ele><time>2025-11-22T16:15:58.000Z</time><extensions><gpxtpx:TrackPointExtension><gpxtpx:hr>143</gpxtpx:hr><gpxtpx:cad>59</gpxtpx:cad><gpxtpx:atemp>13.2</gpxtpx:atemp></gpxtpx:TrackPointExtension></extensions></trkpt>
      <trkpt lat="42.6968100" lon="-71.8922533"><ele>556.0</ele><time>2025-11-22T16:16:00.000Z</time><extensions><gpxtpx:TrackPointExtension><gpxtpx:hr>145</gpxtpx:hr><gpxtpx:cad>59</gpxtpx:cad><gpxtpx:atemp>13.2</gpxtpx:atemp></gpxtpx:TrackPointExtension></extensions></trkpt>
      <trkpt lat="42.6968217" lon="-71.8922750"><ele>556.2</ele><time>2025-11-22T16:16:01.000Z</time><extensions><gpxtpx:TrackPointExtension><gpxtpx:hr>146</gpxtpx:hr><gpxtpx:cad>59</gpxtpx:cad><gpxtpx:atemp>13.2</gpxtpx:atemp></gpxtpx:TrackPointExtension></extensions></trkpt>
      <trkpt lat="42.6968317" lon="-71.8922950"><ele>556.4</ele><time>2025-11-22T16:16:02.000Z</time><extensions><gpxtpx:TrackPointExtension><gpxtpx:hr>147</gpxtpx:hr><gpxtpx:cad>59</gpxtpx:cad><gpxtpx:atemp>13.2</gpxtpx:atemp></gpxtpx:TrackPointExtension></extensions></trkpt>
      <trkpt lat="42.6968433" lon="-71.8923200"><ele>557.0</ele><time>2025-11-22T16:16:04.000Z</time><extensions><gpxtpx:TrackPointExtension><gpxtpx:hr>148</gpxtpx:hr><gpxtpx:cad>59</gpxtpx:cad><gpxtpx:atemp>13.2</gpxtpx:atemp></gpxtpx:TrackPointExtension></extensions></trkpt>
      <trkpt lat="42.6968500" lon="-71.8923450"><ele>557.4</ele><time>2025-11-22T16:16:06.000Z</time><extensions><gpxtpx:TrackPointExtension><gpxtpx:hr>151</gpxtpx:hr><gpxtpx:cad>59</gpxtpx:cad><gpxtpx:atemp>13.2</gpxtpx:atemp></gpxtpx:TrackPointExtension></extensions></trkpt>
      <trkpt lat="42.6968467" lon="-71.8923767"><ele>557.8</ele><time>2025-11-22T16:16:08.000Z</time><extensions><gpxtpx:TrackPointExtension><gpxtpx:hr>153</gpxtpx:hr><gpxtpx:cad>59</gpxtpx:cad><gpxtpx:atemp>13.2</gpxtpx:atemp></gpxtpx:TrackPointExtension></extensions></trkpt>
      <trkpt lat="42.6968350" lon="-71.8923967"><ele>558.4</ele><time>2025-11-22T16:16:10.000Z</time><extensions><gpxtpx:TrackPointExtension><gpxtpx:hr>154</gpxtpx:hr><gpxtpx:cad>58</gpxtpx:cad><gpxtpx:atemp>13.2</gpxtpx:atemp></gpxtpx:TrackPointExtension></extensions></trkpt>
      <trkpt lat="42.6968183" lon="-71.8924317"><ele>558.8</ele><time>2025-11-22T16:16:12.000Z</time><extensions><gpxtpx:TrackPointExtension><gpxtpx:hr>156</gpxtpx:hr><gpxtpx:cad>53</gpxtpx:cad><gpxtpx:atemp>13.2</gpxtpx:atemp></gpxtpx:TrackPointExtension></extensions></trkpt>
      <trkpt lat="42.6968017" lon="-71.8924617"><ele>559.2</ele><time>2025-11-22T16:16:14.000Z</time><extensions><gpxtpx:TrackPointExtension><gpxtpx:hr>157</gpxtpx:hr><gpxtpx:cad>60</gpxtpx:cad><gpxtpx:atemp>13.1</gpxtpx:atemp></gpxtpx:TrackPointExtension></extensions></trkpt>
      <trkpt lat="42.6967900" lon="-71.8924967"><ele>559.8</ele><time>2025-11-22T16:16:16.000Z</time><extensions><gpxtpx:TrackPointExtension><gpxtpx:hr>158</gpxtpx:hr><gpxtpx:cad>62</gpxtpx:cad><gpxtpx:atemp>13.2</gpxtpx:atemp></gpxtpx:TrackPointExtension></extensions></trkpt>
      <trkpt lat="42.6967850" lon="-71.8925267"><ele>560.2</ele><time>2025-11-22T16:16:18.000Z</time><extensions><gpxtpx:TrackPointExtension><gpxtpx:hr>160</gpxtpx:hr><gpxtpx:cad>62</gpxtpx:cad><gpxtpx:atemp>13.1</gpxtpx:atemp></gpxtpx:TrackPointExtension></extensions></trkpt>
      <trkpt lat="42.6967900" lon="-71.8925500"><ele>560.6</ele><time>2025-11-22T16:16:20.000Z</time><extensions><gpxtpx:TrackPointExtension><gpxtpx:hr>158</gpxtpx:hr><gpxtpx:cad>62</gpxtpx:cad><gpxtpx:atemp>13.1</gpxtpx:atemp></gpxtpx:TrackPointExtension></extensions></trkpt>
      <trkpt lat="42.6967867" lon="-71.8925817"><ele>560.8</ele><time>2025-11-22T16:16:22.000Z</time><extensions><gpxtpx:TrackPointExtension><gpxtpx:hr>158</gpxtpx:hr><gpxtpx:cad>62</gpxtpx:cad><gpxtpx:atemp>13.1</gpxtpx:atemp></gpxtpx:TrackPointExtension></extensions></trkpt>
      <trkpt lat="42.6968033" lon="-71.8926100"><ele>561.2</ele><time>2025-11-22T16:16:24.000Z</time><extensions><gpxtpx:TrackPointExtension><gpxtpx:hr>158</gpxtpx:hr><gpxtpx:cad>57</gpxtpx:cad><gpxtpx:atemp>13.1</gpxtpx:atemp></gpxtpx:TrackPointExtension></extensions></trkpt>
      <trkpt lat="42.6968217" lon="-71.8926150"><ele>561.4</ele><time>2025-11-22T16:16:26.000Z</time><extensions><gpxtpx:TrackPointExtension><gpxtpx:hr>157</gpxtpx:hr><gpxtpx:cad>53</gpxtpx:cad><gpxtpx:atemp>13.1</gpxtpx:atemp></gpxtpx:TrackPointExtension></extensions></trkpt>
      <trkpt lat="42.6968283" lon="-71.8926483"><ele>561.4</ele><time>2025-11-22T16:16:29.000Z</time><extensions><gpxtpx:TrackPointExtension><gpxtpx:hr>157</gpxtpx:hr><gpxtpx:cad>51</gpxtpx:cad><gpxtpx:atemp>13.1</gpxtpx:atemp></gpxtpx:TrackPointExtension></extensions></trkpt>
      <trkpt lat="42.6968317" lon="-71.8926783"><ele>561.6</ele><time>2025-11-22T16:16:31.000Z</time><extensions><gpxtpx:TrackPointExtension><gpxtpx:hr>156</gpxtpx:hr><gpxtpx:cad>51</gpxtpx:cad><gpxtpx:atemp>13.0</gpxtpx:atemp></gpxtpx:TrackPointExtension></extensions></trkpt>
      <trkpt lat="42.6968383" lon="-71.8927067"><ele>561.4</ele><time>2025-11-22T16:16:33.000Z</time><extensions><gpxtpx:TrackPointExtension><gpxtpx:hr>157</gpxtpx:hr><gpxtpx:cad>59</gpxtpx:cad><gpxtpx:atemp>13.0</gpxtpx:atemp></gpxtpx:TrackPointExtension></extensions></trkpt>
      <trkpt lat="42.6968550" lon="-71.8927417"><ele>561.4</ele><time>2025-11-22T16:16:35.000Z</time><extensions><gpxtpx:TrackPointExtension><gpxtpx:hr>157</gpxtpx:hr><gpxtpx:cad>61</gpxtpx:cad><gpxtpx:atemp>13.0</gpxtpx:atemp></gpxtpx:TrackPointExtension></extensions></trkpt>
      <trkpt lat="42.6968767" lon="-71.8927933"><ele>561.2</ele><time>2025-11-22T16:16:38.000Z</time><extensions><gpxtpx:TrackPointExtension><gpxtpx:hr>158</gpxtpx:hr><gpxtpx:cad>75</gpxtpx:cad><gpxtpx:atemp>13.0</gpxtpx:atemp></gpxtpx:TrackPointExtension></extensions></trkpt>
      <trkpt lat="42.6968933" lon="-71.8928133"><ele>561.2</ele><time>2025-11-22T16:16:39.000Z</time><extensions><gpxtpx:TrackPointExtension><gpxtpx:hr>159</gpxtpx:hr><gpxtpx:cad>78</gpxtpx:cad><gpxtpx:atemp>13.0</gpxtpx:atemp></gpxtpx:TrackPointExtension></extensions></trkpt>
      <trkpt lat="42.6969083" lon="-71.8928367"><ele>561.2</ele><time>2025-11-22T16:16:40.000Z</time><extensions><gpxtpx:TrackPointExtension><gpxtpx:hr>160</gpxtpx:hr><gpxtpx:cad>79</gpxtpx:cad><gpxtpx:atemp>13.0</gpxtpx:atemp></gpxtpx:TrackPointExtension></extensions></trkpt>
      <trkpt lat="42.6969150" lon="-71.8928600"><ele>561.0</ele><time>2025-11-22T16:16:41.000Z</time><extensions><gpxtpx:TrackPointExtension><gpxtpx:hr>160</gpxtpx:hr><gpxtpx:cad>82</gpxtpx:cad><gpxtpx:atemp>13.0</gpxtpx:atemp></gpxtpx:TrackPointExtension></extensions></trkpt>
      <trkpt lat="42.6969133" lon="-71.8928883"><ele>561.0</ele><time>2025-11-22T16:16:42.000Z</time><extensions><gpxtpx:TrackPointExtension><gpxtpx:hr>160</gpxtpx:hr><gpxtpx:cad>82</gpxtpx:cad><gpxtpx:atemp>13.0</gpxtpx:atemp></gpxtpx:TrackPointExtension></extensions></trkpt>
      <trkpt lat="42.6969117" lon="-71.8929133"><ele>560.8</ele><time>2025-11-22T16:16:43.000Z</time><extensions><gpxtpx:TrackPointExtension><gpxtpx:hr>161</gpxtpx:hr><gpxtpx:cad>83</gpxtpx:cad><gpxtpx:atemp>12.9</gpxtpx:atemp></gpxtpx:TrackPointExtension></extensions></trkpt>
      <trkpt lat="42.6969117" lon="-71.8929433"><ele>560.8</ele><time>2025-11-22T16:16:44.000Z</time><extensions><gpxtpx:TrackPointExtension><gpxtpx:hr>163</gpxtpx:hr><gpxtpx:cad>84</gpxtpx:cad><gpxtpx:atemp>12.9</gpxtpx:atemp></gpxtpx:TrackPointExtension></extensions></trkpt>
      <trkpt lat="42.6969117" lon="-71.8929683"><ele>560.8</ele><time>2025-11-22T16:16:45.000Z</time><extensions><gpxtpx:TrackPointExtension><gpxtpx:hr>164</gpxtpx:hr><gpxtpx:cad>84</gpxtpx:cad><gpxtpx:atemp>12.9</gpxtpx:atemp></gpxtpx:TrackPointExtension></extensions></trkpt>
      <trkpt lat="42.6969067" lon="-71.8929967"><ele>560.6</ele><time>2025-11-22T16:16:46.000Z</time><extensions><gpxtpx:TrackPointExtension><gpxtpx:hr>163</gpxtpx:hr><gpxtpx:cad>84</gpxtpx:cad><gpxtpx:atemp>12.9</gpxtpx:atemp></gpxtpx:TrackPointExtension></extensions></trkpt>
      <trkpt lat="42.6968933" lon="-71.8930217"><ele>560.6</ele><time>2025-11-22T16:16:47.000Z</time><extensions><gpxtpx:TrackPointExtension><gpxtpx:hr>163</gpxtpx:hr><gpxtpx:cad>85</gpxtpx:cad><gpxtpx:atemp>12.9</gpxtpx:atemp></gpxtpx:TrackPointExtension></extensions></trkpt>
      <trkpt lat="42.6968767" lon="-71.8930450"><ele>560.6</ele><time>2025-11-22T16:16:48.000Z</time><extensions><gpxtpx:TrackPointExtension><gpxtpx:hr>162</gpxtpx:hr><gpxtpx:cad>85</gpxtpx:cad><gpxtpx:atemp>12.9</gpxtpx:atemp></gpxtpx:TrackPointExtension></extensions></trkpt>
      <trkpt lat="42.6968600" lon="-71.8930667"><ele>560.4</ele><time>2025-11-22T16:16:49.000Z</time><extensions><gpxtpx:TrackPointExtension><gpxtpx:hr>162</gpxtpx:hr><gpxtpx:cad>85</gpxtpx:cad><gpxtpx:atemp>12.9</gpxtpx:atemp></gpxtpx:TrackPointExtension></extensions></trkpt>
      <trkpt lat="42.6968417" lon="-71.8930817"><ele>560.4</ele><time>2025-11-22T16:16:50.000Z</time><extensions><gpxtpx:TrackPointExtension><gpxtpx:hr>163</gpxtpx:hr><gpxtpx:cad>85</gpxtpx:cad><gpxtpx:atemp>12.9</gpxtpx:atemp></gpxtpx:TrackPointExtension></extensions></trkpt>
      <trkpt lat="42.6968233" lon="-71.8930983"><ele>560.4</ele><time>2025-11-22T16:16:51.000Z</time><extensions><gpxtpx:TrackPointExtension><gpxtpx:hr>163</gpxtpx:hr><gpxtpx:cad>85</gpxtpx:cad><gpxtpx:atemp>12.9</gpxtpx:atemp></gpxtpx:TrackPointExtension></extensions></trkpt>
      <trkpt lat="42.6968100" lon="-71.8931183"><ele>560.4</ele><time>2025-11-22T16:16:52.000Z</time><extensions><gpxtpx:TrackPointExtension><gpxtpx:hr>162</gpxtpx:hr><gpxtpx:cad>85</gpxtpx:cad><gpxtpx:atemp>12.9</gpxtpx:atemp></gpxtpx:TrackPointExtension></extensions></trkpt>
      <trkpt lat="42.6968000" lon="-71.8931583"><ele>560.4</ele><time>2025-11-22T16:16:54.000Z</time><extensions><gpxtpx:TrackPointExtension><gpxtpx:hr>161</gpxtpx:hr><gpxtpx:cad>85</gpxtpx:cad><gpxtpx:atemp>12.9</gpxtpx:atemp></gpxtpx:TrackPointExtension></extensions></trkpt>
      <trkpt lat="42.6967800" lon="-71.8931950"><ele>560.2</ele><time>2025-11-22T16:16:56.000Z</time><extensions><gpxtpx:TrackPointExtension><gpxtpx:hr>161</gpxtpx:hr><gpxtpx:cad>85</gpxtpx:cad><gpxtpx:atemp>12.9</gpxtpx:atemp></gpxtpx:TrackPointExtension></extensions></trkpt>
      <trkpt lat="42.6967717" lon="-71.8932250"><ele>560.2</ele><time>2025-11-22T16:16:58.000Z</time><extensions><gpxtpx:TrackPointExtension><gpxtpx:hr>161</gpxtpx:hr><gpxtpx:cad>86</gpxtpx:cad><gpxtpx:atemp>12.9</gpxtpx:atemp></gpxtpx:TrackPointExtension></extensions></trkpt>
      <trkpt lat="42.6967633" lon="-71.8932517"><ele>560.2</ele><time>2025-11-22T16:17:00.000Z</time><extensions><gpxtpx:TrackPointExtension><gpxtpx:hr>161</gpxtpx:hr><gpxtpx:cad>88</gpxtpx:cad><gpxtpx:atemp>12.8</gpxtpx:atemp></gpxtpx:TrackPointExtension></extensions></trkpt>
      <trkpt lat="42.6967433" lon="-71.8932783"><ele>560.0</ele><time>2025-11-22T16:17:03.000Z</time><extensions><gpxtpx:TrackPointExtension><gpxtpx:hr>160</gpxtpx:hr><gpxtpx:cad>88</gpxtpx:cad><gpxtpx:atemp>12.8</gpxtpx:atemp></gpxtpx:TrackPointExtension></extensions></trkpt>
      <trkpt lat="42.6967367" lon="-71.8933183"><ele>560.0</ele><time>2025-11-22T16:17:05.000Z</time><extensions><gpxtpx:TrackPointExtension><gpxtpx:hr>159</gpxtpx:hr><gpxtpx:cad>84</gpxtpx:cad><gpxtpx:atemp>12.8</gpxtpx:atemp></gpxtpx:TrackPointExtension></extensions></trkpt>
      <trkpt lat="42.6967300" lon="-71.8933417"><ele>559.8</ele><time>2025-11-22T16:17:06.000Z</time><extensions><gpxtpx:TrackPointExtension><gpxtpx:hr>160</gpxtpx:hr><gpxtpx:cad>85</gpxtpx:cad><gpxtpx:atemp>12.8</gpxtpx:atemp></gpxtpx:TrackPointExtension></extensions></trkpt>
      <trkpt lat="42.6967233" lon="-71.8933667"><ele>559.8</ele><time>2025-11-22T16:17:07.000Z</time><extensions><gpxtpx:TrackPointExtension><gpxtpx:hr>159</gpxtpx:hr><gpxtpx:cad>87</gpxtpx:cad><gpxtpx:atemp>12.8</gpxtpx:atemp></gpxtpx:TrackPointExtension></extensions></trkpt>
      <trkpt lat="42.6967133" lon="-71.8933883"><ele>559.8</ele><time>2025-11-22T16:17:08.000Z</time><extensions><gpxtpx:TrackPointExtension><gpxtpx:hr>159</gpxtpx:hr><gpxtpx:cad>88</gpxtpx:cad><gpxtpx:atemp>12.8</gpxtpx:atemp></gpxtpx:TrackPointExtension></extensions></trkpt>
      <trkpt lat="42.6967050" lon="-71.8934150"><ele>559.6</ele><time>2025-11-22T16:17:09.000Z</time><extensions><gpxtpx:TrackPointExtension><gpxtpx:hr>158</gpxtpx:hr><gpxtpx:cad>88</gpxtpx:cad><gpxtpx:atemp>12.8</gpxtpx:atemp></gpxtpx:TrackPointExtension></extensions></trkpt>
      <trkpt lat="42.6966950" lon="-71.8934400"><ele>559.6</ele><time>2025-11-22T16:17:10.000Z</time><extensions><gpxtpx:TrackPointExtension><gpxtpx:hr>158</gpxtpx:hr><gpxtpx:cad>88</gpxtpx:cad><gpxtpx:atemp>12.8</gpxtpx:atemp></gpxtpx:TrackPointExtension></extensions></trkpt>
      <trkpt lat="42.6966850" lon="-71.8934667"><ele>559.6</ele><time>2025-11-22T16:17:11.000Z</time><extensions><gpxtpx:TrackPointExtension><gpxtpx:hr>158</gpxtpx:hr><gpxtpx:cad>87</gpxtpx:cad><gpxtpx:atemp>12.8</gpxtpx:atemp></gpxtpx:TrackPointExtension></extensions></trkpt>
      <trkpt lat="42.6966750" lon="-71.8934950"><ele>559.4</ele><time>2025-11-22T16:17:12.000Z</time><extensions><gpxtpx:TrackPointExtension><gpxtpx:hr>158</gpxtpx:hr><gpxtpx:cad>87</gpxtpx:cad><gpxtpx:atemp>12.8</gpxtpx:atemp></gpxtpx:TrackPointExtension></extensions></trkpt>
      <trkpt lat="42.6966700" lon="-71.8935233"><ele>559.4</ele><time>2025-11-22T16:17:13.000Z</time><extensions><gpxtpx:TrackPointExtension><gpxtpx:hr>158</gpxtpx:hr><gpxtpx:cad>86</gpxtpx:cad><gpxtpx:atemp>12.8</gpxtpx:atemp></gpxtpx:TrackPointExtension></extensions></trkpt>
      <trkpt lat="42.6966633" lon="-71.8935517"><ele>559.2</ele><time>2025-11-22T16:17:14.000Z</time><extensions><gpxtpx:TrackPointExtension><gpxtpx:hr>158</gpxtpx:hr><gpxtpx:cad>86</gpxtpx:cad><gpxtpx:atemp>12.8</gpxtpx:atemp></gpxtpx:TrackPointExtension></extensions></trkpt>
      <trkpt lat="42.6966600" lon="-71.8935767"><ele>559.2</ele><time>2025-11-22T16:17:15.000Z</time><extensions><gpxtpx:TrackPointExtension><gpxtpx:hr>160</gpxtpx:hr><gpxtpx:cad>86</gpxtpx:cad><gpxtpx:atemp>12.8</gpxtpx:atemp></gpxtpx:TrackPointExtension></extensions></trkpt>
      <trkpt lat="42.6966567" lon="-71.8936067"><ele>559.0</ele><time>2025-11-22T16:17:16.000Z</time><extensions><gpxtpx:TrackPointExtension><gpxtpx:hr>160</gpxtpx:hr><gpxtpx:cad>86</gpxtpx:cad><gpxtpx:atemp>12.8</gpxtpx:atemp></gpxtpx:TrackPointExtension></extensions></trkpt>
      <trkpt lat="42.6966550" lon="-71.8936333"><ele>559.0</ele><time>2025-11-22T16:17:17.000Z</time><extensions><gpxtpx:TrackPointExtension><gpxtpx:hr>160</gpxtpx:hr><gpxtpx:cad>86</gpxtpx:cad><gpxtpx:atemp>12.7</gpxtpx:atemp></gpxtpx:TrackPointExtension></extensions></trkpt>
      <trkpt lat="42.6966500" lon="-71.8936583"><ele>558.8</ele><time>2025-11-22T16:17:18.000Z</time><extensions><gpxtpx:TrackPointExtension><gpxtpx:hr>161</gpxtpx:hr><gpxtpx:cad>86</gpxtpx:cad><gpxtpx:atemp>12.8</gpxtpx:atemp></gpxtpx:TrackPointExtension></extensions></trkpt>
      <trkpt lat="42.6966317" lon="-71.8937000"><ele>558.6</ele><time>2025-11-22T16:17:20.000Z</time><extensions><gpxtpx:TrackPointExtension><gpxtpx:hr>160</gpxtpx:hr><gpxtpx:cad>87</gpxtpx:cad><gpxtpx:atemp>12.7</gpxtpx:atemp></gpxtpx:TrackPointExtension></extensions></trkpt>
      <trkpt lat="42.6966300" lon="-71.8937500"><ele>558.4</ele><time>2025-11-22T16:17:22.000Z</time><extensions><gpxtpx:TrackPointExtension><gpxtpx:hr>161</gpxtpx:hr><gpxtpx:cad>89</gpxtpx:cad><gpxtpx:atemp>12.8</gpxtpx:atemp></gpxtpx:TrackPointExtension></extensions></trkpt>
      <trkpt lat="42.6966317" lon="-71.8937767"><ele>558.2</ele><time>2025-11-22T16:17:23.000Z</time><extensions><gpxtpx:TrackPointExtension><gpxtpx:hr>160</gpxtpx:hr><gpxtpx:cad>89</gpxtpx:cad><gpxtpx:atemp>12.7</gpxtpx:atemp></gpxtpx:TrackPointExtension></extensions></trkpt>
      <trkpt lat="42.6966317" lon="-71.8938083"><ele>558.0</ele><time>2025-11-22T16:17:24.000Z</time><extensions><gpxtpx:TrackPointExtension><gpxtpx:hr>159</gpxtpx:hr><gpxtpx:cad>89</gpxtpx:cad><gpxtpx:atemp>12.7</gpxtpx:atemp></gpxtpx:TrackPointExtension></extensions></trkpt>
      <trkpt lat="42.6966367" lon="-71.8938383"><ele>557.8</ele><time>2025-11-22T16:17:25.000Z</time><extensions><gpxtpx:TrackPointExtension><gpxtpx:hr>158</gpxtpx:hr><gpxtpx:cad>89</gpxtpx:cad><gpxtpx:atemp>12.7</gpxtpx:atemp></gpxtpx:TrackPointExtension></extensions></trkpt>
      <trkpt lat="42.6966467" lon="-71.8938617"><ele>557.8</ele><time>2025-11-22T16:17:26.000Z</time><extensions><gpxtpx:TrackPointExtension><gpxtpx:hr>158</gpxtpx:hr><gpxtpx:cad>87</gpxtpx:cad><gpxtpx:atemp>12.7</gpxtpx:atemp></gpxtpx:TrackPointExtension></extensions></trkpt>
      <trkpt lat="42.6966600" lon="-71.8938783"><ele>557.6</ele><time>2025-11-22T16:17:27.000Z</time><extensions><gpxtpx:TrackPointExtension><gpxtpx:hr>159</gpxtpx:hr><gpxtpx:cad>87</gpxtpx:cad><gpxtpx:atemp>12.7</gpxtpx:atemp></gpxtpx:TrackPointExtension></extensions></trkpt>
      <trkpt lat="42.6966817" lon="-71.8939133"><ele>557.4</ele><time>2025-11-22T16:17:29.000Z</time><extensions><gpxtpx:TrackPointExtension><gpxtpx:hr>159</gpxtpx:hr><gpxtpx:cad>87</gpxtpx:cad><gpxtpx:atemp>12.7</gpxtpx:atemp></gpxtpx:TrackPointExtension></extensions></trkpt>
      <trkpt lat="42.6967067" lon="-71.8939350"><ele>557.2</ele><time>2025-11-22T16:17:31.000Z</time><extensions><gpxtpx:TrackPointExtension><gpxtpx:hr>159</gpxtpx:hr><gpxtpx:cad>87</gpxtpx:cad><gpxtpx:atemp>12.7</gpxtpx:atemp></gpxtpx:TrackPointExtension></extensions></trkpt>
      <trkpt lat="42.6967300" lon="-71.8939600"><ele>556.8</ele><time>2025-11-22T16:17:33.000Z</time><extensions><gpxtpx:TrackPointExtension><gpxtpx:hr>158</gpxtpx:hr><gpxtpx:cad>86</gpxtpx:cad><gpxtpx:atemp>12.7</gpxtpx:atemp></gpxtpx:TrackPointExtension></extensions></trkpt>
      <trkpt lat="42.6967550" lon="-71.8939583"><ele>556.6</ele><time>2025-11-22T16:17:35.000Z</time><extensions><gpxtpx:TrackPointExtension><gpxtpx:hr>158</gpxtpx:hr><gpxtpx:cad>85</gpxtpx:cad><gpxtpx:atemp>12.6</gpxtpx:atemp></gpxtpx:TrackPointExtension></extensions></trkpt>
      <trkpt lat="42.6967850" lon="-71.8939483"><ele>556.4</ele><time>2025-11-22T16:17:37.000Z</time><extensions><gpxtpx:TrackPointExtension><gpxtpx:hr>157</gpxtpx:hr><gpxtpx:cad>83</gpxtpx:cad><gpxtpx:atemp>12.7</gpxtpx:atemp></gpxtpx:TrackPointExtension></extensions></trkpt>
      <trkpt lat="42.6968017" lon="-71.8939300"><ele>556.2</ele><time>2025-11-22T16:17:39.000Z</time><extensions><gpxtpx:TrackPointExtension><gpxtpx:hr>157</gpxtpx:hr><gpxtpx:cad>81</gpxtpx:cad><gpxtpx:atemp>12.7</gpxtpx:atemp></gpxtpx:TrackPointExtension></extensions></trkpt>
      <trkpt lat="42.6968233" lon="-71.8939233"><ele>556.0</ele><time>2025-11-22T16:17:41.000Z</time><extensions><gpxtpx:TrackPointExtension><gpxtpx:hr>158</gpxtpx:hr><gpxtpx:cad>76</gpxtpx:cad><gpxtpx:atemp>12.6</gpxtpx:atemp></gpxtpx:TrackPointExtension></extensions></trkpt>
      <trkpt lat="42.6968517" lon="-71.8939333"><ele>555.8</ele><time>2025-11-22T16:17:43.000Z</time><extensions><gpxtpx:TrackPointExtension><gpxtpx:hr>155</gpxtpx:hr><gpxtpx:cad>75</gpxtpx:cad><gpxtpx:atemp>12.6</gpxtpx:atemp></gpxtpx:TrackPointExtension></extensions></trkpt>
      <trkpt lat="42.6968683" lon="-71.8939517"><ele>555.6</ele><time>2025-11-22T16:17:45.000Z</time><extensions><gpxtpx:TrackPointExtension><gpxtpx:hr>154</gpxtpx:hr><gpxtpx:cad>77</gpxtpx:cad><gpxtpx:atemp>12.6</gpxtpx:atemp></gpxtpx:TrackPointExtension></extensions></trkpt>
      <trkpt lat="42.6968633" lon="-71.8939750"><ele>555.4</ele><time>2025-11-22T16:17:47.000Z</time><extensions><gpxtpx:TrackPointExtension><gpxtpx:hr>154</gpxtpx:hr><gpxtpx:cad>77</gpxtpx:cad><gpxtpx:atemp>12.6</gpxtpx:atemp></gpxtpx:TrackPointExtension></extensions></trkpt>
      <trkpt lat="42.6968583" lon="-71.8940067"><ele>555.0</ele><time>2025-11-22T16:17:49.000Z</time><extensions><gpxtpx:TrackPointExtension><gpxtpx:hr>153</gpxtpx:hr><gpxtpx:cad>77</gpxtpx:cad><gpxtpx:atemp>12.6</gpxtpx:atemp></gpxtpx:TrackPointExtension></extensions></trkpt>
      <trkpt lat="42.6968583" lon="-71.8940350"><ele>554.4</ele><time>2025-11-22T16:17:52.000Z</time><extensions><gpxtpx:TrackPointExtension><gpxtpx:hr>152</gpxtpx:hr><gpxtpx:cad>80</gpxtpx:cad><gpxtpx:atemp>12.6</gpxtpx:atemp></gpxtpx:TrackPointExtension></extensions></trkpt>
      <trkpt lat="42.6968717" lon="-71.8940517"><ele>553.8</ele><time>2025-11-22T16:17:56.000Z</time><extensions><gpxtpx:TrackPointExtension><gpxtpx:hr>149</gpxtpx:hr><gpxtpx:cad>74</gpxtpx:cad><gpxtpx:atemp>12.5</gpxtpx:atemp></gpxtpx:TrackPointExtension></extensions></trkpt>
      <trkpt lat="42.6968933" lon="-71.8940633"><ele>553.0</ele><time>2025-11-22T16:17:59.000Z</time><extensions><gpxtpx:TrackPointExtension><gpxtpx:hr>145</gpxtpx:hr><gpxtpx:cad>64</gpxtpx:cad><gpxtpx:atemp>12.6</gpxtpx:atemp></gpxtpx:TrackPointExtension></extensions></trkpt>
      <trkpt lat="42.6969117" lon="-71.8940783"><ele>552.4</ele><time>2025-11-22T16:18:02.000Z</time><extensions><gpxtpx:TrackPointExtension><gpxtpx:hr>143</gpxtpx:hr><gpxtpx:cad>64</gpxtpx:cad><gpxtpx:atemp>12.5</gpxtpx:atemp></gpxtpx:TrackPointExtension></extensions></trkpt>
      <trkpt lat="42.6969083" lon="-71.8941033"><ele>551.8</ele><time>2025-11-22T16:18:05.000Z</time><extensions><gpxtpx:TrackPointExtension><gpxtpx:hr>141</gpxtpx:hr><gpxtpx:cad>70</gpxtpx:cad><gpxtpx:atemp>12.5</gpxtpx:atemp></gpxtpx:TrackPointExtension></extensions></trkpt>
      <trkpt lat="42.6969067" lon="-71.8941300"><ele>551.6</ele><time>2025-11-22T16:18:07.000Z</time><extensions><gpxtpx:TrackPointExtension><gpxtpx:hr>141</gpxtpx:hr><gpxtpx:cad>69</gpxtpx:cad><gpxtpx:atemp>12.5</gpxtpx:atemp></gpxtpx:TrackPointExtension></extensions></trkpt>
      <trkpt lat="42.6969083" lon="-71.8941667"><ele>550.8</ele><time>2025-11-22T16:18:10.000Z</time><extensions><gpxtpx:TrackPointExtension><gpxtpx:hr>139</gpxtpx:hr><gpxtpx:cad>69</gpxtpx:cad><gpxtpx:atemp>12.5</gpxtpx:atemp></gpxtpx:TrackPointExtension></extensions></trkpt>
      <trkpt lat="42.6969200" lon="-71.8941867"><ele>550.4</ele><time>2025-11-22T16:18:12.000Z</time><extensions><gpxtpx:TrackPointExtension><gpxtpx:hr>138</gpxtpx:hr><gpxtpx:cad>69</gpxtpx:cad><gpxtpx:atemp>12.4</gpxtpx:atemp></gpxtpx:TrackPointExtension></extensions></trkpt>
      <trkpt lat="42.6969200" lon="-71.8942167"><ele>549.4</ele><time>2025-11-22T16:18:17.000Z</time><extensions><gpxtpx:TrackPointExtension><gpxtpx:hr>137</gpxtpx:hr><gpxtpx:cad>68</gpxtpx:cad><gpxtpx:atemp>12.4</gpxtpx:atemp></gpxtpx:TrackPointExtension></extensions></trkpt>
      <trkpt lat="42.6969283" lon="-71.8942433"><ele>549.0</ele><time>2025-11-22T16:18:19.000Z</time><extensions><gpxtpx:TrackPointExtension><gpxtpx:hr>136</gpxtpx:hr><gpxtpx:cad>67</gpxtpx:cad><gpxtpx:atemp>12.4</gpxtpx:atemp></gpxtpx:TrackPointExtension></extensions></trkpt>
      <trkpt lat="42.6969467" lon="-71.8942750"><ele>548.6</ele><time>2025-11-22T16:18:21.000Z</time><extensions><gpxtpx:TrackPointExtension><gpxtpx:hr>135</gpxtpx:hr><gpxtpx:cad>67</gpxtpx:cad><gpxtpx:atemp>12.4</gpxtpx:atemp></gpxtpx:TrackPointExtension></extensions></trkpt>
      <trkpt lat="42.6969583" lon="-71.8942967"><ele>548.2</ele><time>2025-11-22T16:18:23.000Z</time><extensions><gpxtpx:TrackPointExtension><gpxtpx:hr>133</gpxtpx:hr><gpxtpx:cad>68</gpxtpx:cad><gpxtpx:atemp>12.4</gpxtpx:atemp></gpxtpx:TrackPointExtension></extensions></trkpt>
      <trkpt lat="42.6969717" lon="-71.8943133"><ele>548.0</ele><time>2025-11-22T16:18:24.000Z</time><extensions><gpxtpx:TrackPointExtension><gpxtpx:hr>134</gpxtpx:hr><gpxtpx:cad>68</gpxtpx:cad><gpxtpx:atemp>12.4</gpxtpx:atemp></gpxtpx:TrackPointExtension></extensions></trkpt>
      <trkpt lat="42.6969967" lon="-71.8943233"><ele>547.8</ele><time>2025-11-22T16:18:26.000Z</time><extensions><gpxtpx:TrackPointExtension><gpxtpx:hr>134</gpxtpx:hr><gpxtpx:cad>68</gpxtpx:cad><gpxtpx:atemp>12.4</gpxtpx:atemp></gpxtpx:TrackPointExtension></extensions></trkpt>
      <trkpt lat="42.6970283" lon="-71.8943217"><ele>547.6</ele><time>2025-11-22T16:18:28.000Z</time><extensions><gpxtpx:TrackPointExtension><gpxtpx:hr>135</gpxtpx:hr><gpxtpx:cad>65</gpxtpx:cad><gpxtpx:atemp>12.3</gpxtpx:atemp></gpxtpx:TrackPointExtension></extensions></trkpt>
      <trkpt lat="42.6970500" lon="-71.8943200"><ele>547.6</ele><time>2025-11-22T16:18:29.000Z</time><extensions><gpxtpx:TrackPointExtension><gpxtpx:hr>135</gpxtpx:hr><gpxtpx:cad>63</gpxtpx:cad><gpxtpx:atemp>12.3</gpxtpx:atemp></gpxtpx:TrackPointExtension></extensions></trkpt>
      <trkpt lat="42.6970733" lon="-71.8943183"><ele>547.4</ele><time>2025-11-22T16:18:30.000Z</time><extensions><gpxtpx:TrackPointExtension><gpxtpx:hr>136</gpxtpx:hr><gpxtpx:cad>64</gpxtpx:cad><gpxtpx:atemp>12.3</gpxtpx:atemp></gpxtpx:TrackPointExtension></extensions></trkpt>
      <trkpt lat="42.6971083" lon="-71.8943233"><ele>547.2</ele><time>2025-11-22T16:18:32.000Z</time><extensions><gpxtpx:TrackPointExtension><gpxtpx:hr>137</gpxtpx:hr><gpxtpx:cad>76</gpxtpx:cad><gpxtpx:atemp>12.3</gpxtpx:atemp></gpxtpx:TrackPointExtension></extensions></trkpt>
      <trkpt lat="42.6971267" lon="-71.8943283"><ele>547.2</ele><time>2025-11-22T16:18:33.000Z</time><extensions><gpxtpx:TrackPointExtension><gpxtpx:hr>138</gpxtpx:hr><gpxtpx:cad>77</gpxtpx:cad><gpxtpx:atemp>12.3</gpxtpx:atemp></gpxtpx:TrackPointExtension></extensions></trkpt>
      <trkpt lat="42.6971450" lon="-71.8943367"><ele>547.0</ele><time>2025-11-22T16:18:34.000Z</time><extensions><gpxtpx:TrackPointExtension><gpxtpx:hr>139</gpxtpx:hr><gpxtpx:cad>80</gpxtpx:cad><gpxtpx:atemp>12.3</gpxtpx:atemp></gpxtpx:TrackPointExtension></extensions></trkpt>
      <trkpt lat="42.6971633" lon="-71.8943467"><ele>547.0</ele><time>2025-11-22T16:18:35.000Z</time><extensions><gpxtpx:TrackPointExtension><gpxtpx:hr>138</gpxtpx:hr><gpxtpx:cad>81</gpxtpx:cad><gpxtpx:atemp>12.3</gpxtpx:atemp></gpxtpx:TrackPointExtension></extensions></trkpt>
      <trkpt lat="42.6971900" lon="-71.8943600"><ele>546.8</ele><time>2025-11-22T16:18:37.000Z</time><extensions><gpxtpx:TrackPointExtension><gpxtpx:hr>139</gpxtpx:hr><gpxtpx:cad>81</gpxtpx:cad><gpxtpx:atemp>12.3</gpxtpx:atemp></gpxtpx:TrackPointExtension></extensions></trkpt>
      <trkpt lat="42.6972067" lon="-71.8943917"><ele>546.6</ele><time>2025-11-22T16:18:39.000Z</time><extensions><gpxtpx:TrackPointExtension><gpxtpx:hr>138</gpxtpx:hr><gpxtpx:cad>88</gpxtpx:cad><gpxtpx:atemp>12.3</gpxtpx:atemp></gpxtpx:TrackPointExtension></extensions></trkpt>
      <trkpt lat="42.6972350" lon="-71.8944050"><ele>546.2</ele><time>2025-11-22T16:18:41.000Z</time><extensions><gpxtpx:TrackPointExtension><gpxtpx:hr>140</gpxtpx:hr><gpxtpx:cad>89</gpxtpx:cad><gpxtpx:atemp>12.3</gpxtpx:atemp></gpxtpx:TrackPointExtension></extensions></trkpt>
      <trkpt lat="42.6972650" lon="-71.8944083"><ele>545.8</ele><time>2025-11-22T16:18:43.000Z</time><extensions><gpxtpx:TrackPointExtension><gpxtpx:hr>141</gpxtpx:hr><gpxtpx:cad>89</gpxtpx:cad><gpxtpx:atemp>12.3</gpxtpx:atemp></gpxtpx:TrackPointExtension></extensions></trkpt>
      <trkpt lat="42.6972833" lon="-71.8944017"><ele>545.6</ele><time>2025-11-22T16:18:44.000Z</time><extensions><gpxtpx:TrackPointExtension><gpxtpx:hr>140</gpxtpx:hr><gpxtpx:cad>86</gpxtpx:cad><gpxtpx:atemp>12.3</gpxtpx:atemp></gpxtpx:TrackPointExtension></extensions></trkpt>
      <trkpt lat="42.6973117" lon="-71.8943850"><ele>545.2</ele><time>2025-11-22T16:18:46.000Z</time><extensions><gpxtpx:TrackPointExtension><gpxtpx:hr>138</gpxtpx:hr><gpxtpx:cad>82</gpxtpx:cad><gpxtpx:atemp>12.2</gpxtpx:atemp></gpxtpx:TrackPointExtension></extensions></trkpt>
      <trkpt lat="42.6973417" lon="-71.8943933"><ele>545.0</ele><time>2025-11-22T16:18:48.000Z</time><extensions><gpxtpx:TrackPointExtension><gpxtpx:hr>138</gpxtpx:hr><gpxtpx:cad>82</gpxtpx:cad><gpxtpx:atemp>12.3</gpxtpx:atemp></gpxtpx:TrackPointExtension></extensions></trkpt>
      <trkpt lat="42.6973583" lon="-71.8944033"><ele>544.8</ele><time>2025-11-22T16:18:49.000Z</time><extensions><gpxtpx:TrackPointExtension><gpxtpx:hr>140</gpxtpx:hr><gpxtpx:cad>82</gpxtpx:cad><gpxtpx:atemp>12.3</gpxtpx:atemp></gpxtpx:TrackPointExtension></extensions></trkpt>
      <trkpt lat="42.6973750" lon="-71.8944133"><ele>544.6</ele><time>2025-11-22T16:18:50.000Z</time><extensions><gpxtpx:TrackPointExtension><gpxtpx:hr>140</gpxtpx:hr><gpxtpx:cad>83</gpxtpx:cad><gpxtpx:atemp>12.3</gpxtpx:atemp></gpxtpx:TrackPointExtension></extensions></trkpt>
      <trkpt lat="42.6974017" lon="-71.8944267"><ele>544.4</ele><time>2025-11-22T16:18:52.000Z</time><extensions><gpxtpx:TrackPointExtension><gpxtpx:hr>143</gpxtpx:hr><gpxtpx:cad>87</gpxtpx:cad><gpxtpx:atemp>12.3</gpxtpx:atemp></gpxtpx:TrackPointExtension></extensions></trkpt>
      <trkpt lat="42.6974267" lon="-71.8944400"><ele>544.0</ele><time>2025-11-22T16:18:54.000Z</time><extensions><gpxtpx:TrackPointExtension><gpxtpx:hr>143</gpxtpx:hr><gpxtpx:cad>88</gpxtpx:cad><gpxtpx:atemp>12.3</gpxtpx:atemp></gpxtpx:TrackPointExtension></extensions></trkpt>
      <trkpt lat="42.6974517" lon="-71.8944333"><ele>543.8</ele><time>2025-11-22T16:18:56.000Z</time><extensions><gpxtpx:TrackPointExtension><gpxtpx:hr>143</gpxtpx:hr><gpxtpx:cad>87</gpxtpx:cad><gpxtpx:atemp>12.3</gpxtpx:atemp></gpxtpx:TrackPointExtension></extensions></trkpt>
      <trkpt lat="42.6974817" lon="-71.8944233"><ele>543.6</ele><time>2025-11-22T16:18:58.000Z</time><extensions><gpxtpx:TrackPointExtension><gpxtpx:hr>143</gpxtpx:hr><gpxtpx:cad>85</gpxtpx:cad><gpxtpx:atemp>12.3</gpxtpx:atemp></gpxtpx:TrackPointExtension></extensions></trkpt>
      <trkpt lat="42.6975067" lon="-71.8944183"><ele>543.2</ele><time>2025-11-22T16:19:00.000Z</time><extensions><gpxtpx:TrackPointExtension><gpxtpx:hr>143</gpxtpx:hr><gpxtpx:cad>85</gpxtpx:cad><gpxtpx:atemp>12.3</gpxtpx:atemp></gpxtpx:TrackPointExtension></extensions></trkpt>
      <trkpt lat="42.6975350" lon="-71.8944317"><ele>543.0</ele><time>2025-11-22T16:19:02.000Z</time><extensions><gpxtpx:TrackPointExtension><gpxtpx:hr>143</gpxtpx:hr><gpxtpx:cad>86</gpxtpx:cad><gpxtpx:atemp>12.3</gpxtpx:atemp></gpxtpx:TrackPointExtension></extensions></trkpt>
      <trkpt lat="42.6975583" lon="-71.8944433"><ele>542.8</ele><time>2025-11-22T16:19:04.000Z</time><extensions><gpxtpx:TrackPointExtension><gpxtpx:hr>141</gpxtpx:hr><gpxtpx:cad>88</gpxtpx:cad><gpxtpx:atemp>12.3</gpxtpx:atemp></gpxtpx:TrackPointExtension></extensions></trkpt>
      <trkpt lat="42.6975817" lon="-71.8944450"><ele>542.4</ele><time>2025-11-22T16:19:06.000Z</time><extensions><gpxtpx:TrackPointExtension><gpxtpx:hr>139</gpxtpx:hr><gpxtpx:cad>89</gpxtpx:cad><gpxtpx:atemp>12.3</gpxtpx:atemp></gpxtpx:TrackPointExtension></extensions></trkpt>
      <trkpt lat="42.6976067" lon="-71.8944700"><ele>542.2</ele><time>2025-11-22T16:19:08.000Z</time><extensions><gpxtpx:TrackPointExtension><gpxtpx:hr>138</gpxtpx:hr><gpxtpx:cad>88</gpxtpx:cad><gpxtpx:atemp>12.3</gpxtpx:atemp></gpxtpx:TrackPointExtension></extensions></trkpt>
      <trkpt lat="42.6976250" lon="-71.8944767"><ele>542.0</ele><time>2025-11-22T16:19:09.000Z</time><extensions><gpxtpx:TrackPointExtension><gpxtpx:hr>139</gpxtpx:hr><gpxtpx:cad>83</gpxtpx:cad><gpxtpx:atemp>12.3</gpxtpx:atemp></gpxtpx:TrackPointExtension></extensions></trkpt>
      <trkpt lat="42.6976433" lon="-71.8944767"><ele>541.8</ele><time>2025-11-22T16:19:10.000Z</time><extensions><gpxtpx:TrackPointExtension><gpxtpx:hr>139</gpxtpx:hr><gpxtpx:cad>83</gpxtpx:cad><gpxtpx:atemp>12.3</gpxtpx:atemp></gpxtpx:TrackPointExtension></extensions></trkpt>
      <trkpt lat="42.6976733" lon="-71.8944733"><ele>541.4</ele><time>2025-11-22T16:19:12.000Z</time><extensions><gpxtpx:TrackPointExtension><gpxtpx:hr>139</gpxtpx:hr><gpxtpx:cad>81</gpxtpx:cad><gpxtpx:atemp>12.3</gpxtpx:atemp></gpxtpx:TrackPointExtension></extensions></trkpt>
      <trkpt lat="42.6976933" lon="-71.8944667"><ele>541.0</ele><time>2025-11-22T16:19:15.000Z</time><extensions><gpxtpx:TrackPointExtension><gpxtpx:hr>136</gpxtpx:hr><gpxtpx:cad>81</gpxtpx:cad><gpxtpx:atemp>12.3</gpxtpx:atemp></gpxtpx:TrackPointExtension></extensions></trkpt>
      <trkpt lat="42.6977167" lon="-71.8944700"><ele>540.6</ele><time>2025-11-22T16:19:18.000Z</time><extensions><gpxtpx:TrackPointExtension><gpxtpx:hr>136</gpxtpx:hr><gpxtpx:cad>80</gpxtpx:cad><gpxtpx:atemp>12.3</gpxtpx:atemp></gpxtpx:TrackPointExtension></extensions></trkpt>
      <trkpt lat="42.6977383" lon="-71.8944733"><ele>540.2</ele><time>2025-11-22T16:19:20.000Z</time><extensions><gpxtpx:TrackPointExtension><gpxtpx:hr>138</gpxtpx:hr><gpxtpx:cad>74</gpxtpx:cad><gpxtpx:atemp>12.3</gpxtpx:atemp></gpxtpx:TrackPointExtension></extensions></trkpt>
      <trkpt lat="42.6977583" lon="-71.8944883"><ele>540.0</ele><time>2025-11-22T16:19:22.000Z</time><extensions><gpxtpx:TrackPointExtension><gpxtpx:hr>135</gpxtpx:hr><gpxtpx:cad>60</gpxtpx:cad><gpxtpx:atemp>12.3</gpxtpx:atemp></gpxtpx:TrackPointExtension></extensions></trkpt>
      <trkpt lat="42.6977783" lon="-71.8945150"><ele>539.6</ele><time>2025-11-22T16:19:24.000Z</time><extensions><gpxtpx:TrackPointExtension><gpxtpx:hr>139</gpxtpx:hr><gpxtpx:cad>60</gpxtpx:cad><gpxtpx:atemp>12.3</gpxtpx:atemp></gpxtpx:TrackPointExtension></extensions></trkpt>
      <trkpt lat="42.6977967" lon="-71.8945333"><ele>539.2</ele><time>2025-11-22T16:19:26.000Z</time><extensions><gpxtpx:TrackPointExtension><gpxtpx:hr>143</gpxtpx:hr><gpxtpx:cad>84</gpxtpx:cad><gpxtpx:atemp>12.3</gpxtpx:atemp></gpxtpx:TrackPointExtension></extensions></trkpt>
      <trkpt lat="42.6978183" lon="-71.8945650"><ele>538.6</ele><time>2025-11-22T16:19:28.000Z</time><extensions><gpxtpx:TrackPointExtension><gpxtpx:hr>141</gpxtpx:hr><gpxtpx:cad>84</gpxtpx:cad><gpxtpx:atemp>12.3</gpxtpx:atemp></gpxtpx:TrackPointExtension></extensions></trkpt>
      <trkpt lat="42.6978383" lon="-71.8945833"><ele>538.2</ele><time>2025-11-22T16:19:30.000Z</time><extensions><gpxtpx:TrackPointExtension><gpxtpx:hr>141</gpxtpx:hr><gpxtpx:cad>83</gpxtpx:cad><gpxtpx:atemp>12.3</gpxtpx:atemp></gpxtpx:TrackPointExtension></extensions></trkpt>
      <trkpt lat="42.6978583" lon="-71.8946017"><ele>537.8</ele><time>2025-11-22T16:19:32.000Z</time><extensions><gpxtpx:TrackPointExtension><gpxtpx:hr>139</gpxtpx:hr><gpxtpx:cad>83</gpxtpx:cad><gpxtpx:atemp>12.3</gpxtpx:atemp></gpxtpx:TrackPointExtension></extensions></trkpt>
      <trkpt lat="42.6978750" lon="-71.8946233"><ele>537.6</ele><time>2025-11-22T16:19:34.000Z</time><extensions><gpxtpx:TrackPointExtension><gpxtpx:hr>145</gpxtpx:hr><gpxtpx:cad>83</gpxtpx:cad><gpxtpx:atemp>12.3</gpxtpx:atemp></gpxtpx:TrackPointExtension></extensions></trkpt>
      <trkpt lat="42.6978867" lon="-71.8946550"><ele>537.0</ele><time>2025-11-22T16:19:37.000Z</time><extensions><gpxtpx:TrackPointExtension><gpxtpx:hr>138</gpxtpx:hr><gpxtpx:cad>82</gpxtpx:cad><gpxtpx:atemp>12.3</gpxtpx:atemp></gpxtpx:TrackPointExtension></extensions></trkpt>
      <trkpt lat="42.6978833" lon="-71.8946800"><ele>536.6</ele><time>2025-11-22T16:19:39.000Z</time><extensions><gpxtpx:TrackPointExtension><gpxtpx:hr>135</gpxtpx:hr><gpxtpx:cad>74</gpxtpx:cad><gpxtpx:atemp>12.3</gpxtpx:atemp></gpxtpx:TrackPointExtension></extensions></trkpt>
      <trkpt lat="42.6978883" lon="-71.8947033"><ele>536.2</ele><time>2025-11-22T16:19:41.000Z</time><extensions><gpxtpx:TrackPointExtension><gpxtpx:hr>133</gpxtpx:hr><gpxtpx:cad>72</gpxtpx:cad><gpxtpx:atemp>12.3</gpxtpx:atemp></gpxtpx:TrackPointExtension></extensions></trkpt>
      <trkpt lat="42.6979050" lon="-71.8947233"><ele>535.6</ele><time>2025-11-22T16:19:44.000Z</time><extensions><gpxtpx:TrackPointExtension><gpxtpx:hr>132</gpxtpx:hr><gpxtpx:cad>64</gpxtpx:cad><gpxtpx:atemp>12.3</gpxtpx:atemp></gpxtpx:TrackPointExtension></extensions></trkpt>
      <trkpt lat="42.6979133" lon="-71.8947450"><ele>535.2</ele><time>2025-11-22T16:19:47.000Z</time><extensions><gpxtpx:TrackPointExtension><gpxtpx:hr>131</gpxtpx:hr><gpxtpx:cad>64</gpxtpx:cad><gpxtpx:atemp>12.3</gpxtpx:atemp></gpxtpx:TrackPointExtension></extensions></trkpt>
      <trkpt lat="42.6979117" lon="-71.8947733"><ele>534.8</ele><time>2025-11-22T16:19:50.000Z</time><extensions><gpxtpx:TrackPointExtension><gpxtpx:hr>128</gpxtpx:hr><gpxtpx:cad>64</gpxtpx:cad><gpxtpx:atemp>12.2</gpxtpx:atemp></gpxtpx:TrackPointExtension></extensions></trkpt>
      <trkpt lat="42.6979250" lon="-71.8947933"><ele>534.4</ele><time>2025-11-22T16:19:53.000Z</time><extensions><gpxtpx:TrackPointExtension><gpxtpx:hr>128</gpxtpx:hr><gpxtpx:cad>64</gpxtpx:cad><gpxtpx:atemp>12.2</gpxtpx:atemp></gpxtpx:TrackPointExtension></extensions></trkpt>
      <trkpt lat="42.6979350" lon="-71.8948133"><ele>533.8</ele><time>2025-11-22T16:19:56.000Z</time><extensions><gpxtpx:TrackPointExtension><gpxtpx:hr>127</gpxtpx:hr><gpxtpx:cad>60</gpxtpx:cad><gpxtpx:atemp>12.2</gpxtpx:atemp></gpxtpx:TrackPointExtension></extensions></trkpt>
      <trkpt lat="42.6979250" lon="-71.8948450"><ele>532.2</ele><time>2025-11-22T16:20:09.000Z</time><extensions><gpxtpx:TrackPointExtension><gpxtpx:hr>123</gpxtpx:hr><gpxtpx:cad>56</gpxtpx:cad><gpxtpx:atemp>12.2</gpxtpx:atemp></gpxtpx:TrackPointExtension></extensions></trkpt>
      <trkpt lat="42.6979083" lon="-71.8948667"><ele>531.4</ele><time>2025-11-22T16:20:14.000Z</time><extensions><gpxtpx:TrackPointExtension><gpxtpx:hr>121</gpxtpx:hr><gpxtpx:cad>59</gpxtpx:cad><gpxtpx:atemp>12.2</gpxtpx:atemp></gpxtpx:TrackPointExtension></extensions></trkpt>
      <trkpt lat="42.6978950" lon="-71.8948867"><ele>530.8</ele><time>2025-11-22T16:20:18.000Z</time><extensions><gpxtpx:TrackPointExtension><gpxtpx:hr>122</gpxtpx:hr><gpxtpx:cad>58</gpxtpx:cad><gpxtpx:atemp>12.2</gpxtpx:atemp></gpxtpx:TrackPointExtension></extensions></trkpt>
      <trkpt lat="42.6978750" lon="-71.8949100"><ele>530.4</ele><time>2025-11-22T16:20:20.000Z</time><extensions><gpxtpx:TrackPointExtension><gpxtpx:hr>120</gpxtpx:hr><gpxtpx:cad>57</gpxtpx:cad><gpxtpx:atemp>12.2</gpxtpx:atemp></gpxtpx:TrackPointExtension></extensions></trkpt>
      <trkpt lat="42.6978567" lon="-71.8949300"><ele>530.0</ele><time>2025-11-22T16:20:22.000Z</time><extensions><gpxtpx:TrackPointExtension><gpxtpx:hr>119</gpxtpx:hr><gpxtpx:cad>55</gpxtpx:cad><gpxtpx:atemp>12.2</gpxtpx:atemp></gpxtpx:TrackPointExtension></extensions></trkpt>
      <trkpt lat="42.6978383" lon="-71.8949450"><ele>529.2</ele><time>2025-11-22T16:20:25.000Z</time><extensions><gpxtpx:TrackPointExtension><gpxtpx:hr>117</gpxtpx:hr><gpxtpx:cad>54</gpxtpx:cad><gpxtpx:atemp>12.2</gpxtpx:atemp></gpxtpx:TrackPointExtension></extensions></trkpt>
      <trkpt lat="42.6978217" lon="-71.8949617"><ele>528.4</ele><time>2025-11-22T16:20:28.000Z</time><extensions><gpxtpx:TrackPointExtension><gpxtpx:hr>116</gpxtpx:hr><gpxtpx:cad>55</gpxtpx:cad><gpxtpx:atemp>12.1</gpxtpx:atemp></gpxtpx:TrackPointExtension></extensions></trkpt>
      <trkpt lat="42.6978117" lon="-71.8949867"><ele>528.0</ele><time>2025-11-22T16:20:30.000Z</time><extensions><gpxtpx:TrackPointExtension><gpxtpx:hr>116</gpxtpx:hr><gpxtpx:cad>57</gpxtpx:cad><gpxtpx:atemp>12.2</gpxtpx:atemp></gpxtpx:TrackPointExtension></extensions></trkpt>
      <trkpt lat="42.6978133" lon="-71.8950167"><ele>527.2</ele><time>2025-11-22T16:20:33.000Z</time><extensions><gpxtpx:TrackPointExtension><gpxtpx:hr>116</gpxtpx:hr><gpxtpx:cad>56</gpxtpx:cad><gpxtpx:atemp>12.1</gpxtpx:atemp></gpxtpx:TrackPointExtension></extensions></trkpt>
      <trkpt lat="42.6978000" lon="-71.8950350"><ele>526.4</ele><time>2025-11-22T16:20:37.000Z</time><extensions><gpxtpx:TrackPointExtension><gpxtpx:hr>118</gpxtpx:hr><gpxtpx:cad>54</gpxtpx:cad><gpxtpx:atemp>12.1</gpxtpx:atemp></gpxtpx:TrackPointExtension></extensions></trkpt>
      <trkpt lat="42.6977817" lon="-71.8950433"><ele>525.6</ele><time>2025-11-22T16:20:40.000Z</time><extensions><gpxtpx:TrackPointExtension><gpxtpx:hr>117</gpxtpx:hr><gpxtpx:cad>52</gpxtpx:cad><gpxtpx:atemp>12.1</gpxtpx:atemp></gpxtpx:TrackPointExtension></extensions></trkpt>
      <trkpt lat="42.6977750" lon="-71.8950750"><ele>524.8</ele><time>2025-11-22T16:20:43.000Z</time><extensions><gpxtpx:TrackPointExtension><gpxtpx:hr>119</gpxtpx:hr><gpxtpx:cad>52</gpxtpx:cad><gpxtpx:atemp>12.1</gpxtpx:atemp></gpxtpx:TrackPointExtension></extensions></trkpt>
      <trkpt lat="42.6977850" lon="-71.8950983"><ele>524.4</ele><time>2025-11-22T16:20:45.000Z</time><extensions><gpxtpx:TrackPointExtension><gpxtpx:hr>117</gpxtpx:hr><gpxtpx:cad>52</gpxtpx:cad><gpxtpx:atemp>12.1</gpxtpx:atemp></gpxtpx:TrackPointExtension></extensions></trkpt>
      <trkpt lat="42.6978067" lon="-71.8951150"><ele>523.6</ele><time>2025-11-22T16:20:47.000Z</time><extensions><gpxtpx:TrackPointExtension><gpxtpx:hr>114</gpxtpx:hr><gpxtpx:cad>52</gpxtpx:cad><gpxtpx:atemp>12.1</gpxtpx:atemp></gpxtpx:TrackPointExtension></extensions></trkpt>
      <trkpt lat="42.6978250" lon="-71.8951300"><ele>523.2</ele><time>2025-11-22T16:20:49.000Z</time><extensions><gpxtpx:TrackPointExtension><gpxtpx:hr>115</gpxtpx:hr><gpxtpx:cad>56</gpxtpx:cad><gpxtpx:atemp>12.1</gpxtpx:atemp></gpxtpx:TrackPointExtension></extensions></trkpt>
      <trkpt lat="42.6978333" lon="-71.8951633"><ele>522.6</ele><time>2025-11-22T16:20:51.000Z</time><extensions><gpxtpx:TrackPointExtension><gpxtpx:hr>115</gpxtpx:hr><gpxtpx:cad>58</gpxtpx:cad><gpxtpx:atemp>12.1</gpxtpx:atemp></gpxtpx:TrackPointExtension></extensions></trkpt>
      <trkpt lat="42.6978450" lon="-71.8952017"><ele>522.0</ele><time>2025-11-22T16:20:53.000Z</time><extensions><gpxtpx:TrackPointExtension><gpxtpx:hr>112</gpxtpx:hr><gpxtpx:cad>58</gpxtpx:cad><gpxtpx:atemp>12.1</gpxtpx:atemp></gpxtpx:TrackPointExtension></extensions></trkpt>
      <trkpt lat="42.6978633" lon="-71.8952300"><ele>521.6</ele><time>2025-11-22T16:20:55.000Z</time><extensions><gpxtpx:TrackPointExtension><gpxtpx:hr>112</gpxtpx:hr><gpxtpx:cad>59</gpxtpx:cad><gpxtpx:atemp>12.1</gpxtpx:atemp></gpxtpx:TrackPointExtension></extensions></trkpt>
      <trkpt lat="42.6978750" lon="-71.8952517"><ele>521.4</ele><time>2025-11-22T16:20:56.000Z</time><extensions><gpxtpx:TrackPointExtension><gpxtpx:hr>113</gpxtpx:hr><gpxtpx:cad>63</gpxtpx:cad><gpxtpx:atemp>12.1</gpxtpx:atemp></gpxtpx:TrackPointExtension></extensions></trkpt>
      <trkpt lat="42.6978917" lon="-71.8952900"><ele>521.0</ele><time>2025-11-22T16:20:58.000Z</time><extensions><gpxtpx:TrackPointExtension><gpxtpx:hr>116</gpxtpx:hr><gpxtpx:cad>75</gpxtpx:cad><gpxtpx:atemp>12.1</gpxtpx:atemp></gpxtpx:TrackPointExtension></extensions></trkpt>
      <trkpt lat="42.6979017" lon="-71.8953283"><ele>520.8</ele><time>2025-11-22T16:21:00.000Z</time><extensions><gpxtpx:TrackPointExtension><gpxtpx:hr>119</gpxtpx:hr><gpxtpx:cad>75</gpxtpx:cad><gpxtpx:atemp>12.1</gpxtpx:atemp></gpxtpx:TrackPointExtension></extensions></trkpt>
      <trkpt lat="42.6978950" lon="-71.8953533"><ele>520.8</ele><time>2025-11-22T16:21:02.000Z</time><extensions><gpxtpx:TrackPointExtension><gpxtpx:hr>121</gpxtpx:hr><gpxtpx:cad>76</gpxtpx:cad><gpxtpx:atemp>12.1</gpxtpx:atemp></gpxtpx:TrackPointExtension></extensions></trkpt>
      <trkpt lat="42.6978867" lon="-71.8953767"><ele>520.6</ele><time>2025-11-22T16:21:04.000Z</time><extensions><gpxtpx:TrackPointExtension><gpxtpx:hr>123</gpxtpx:hr><gpxtpx:cad>76</gpxtpx:cad><gpxtpx:atemp>12.0</gpxtpx:atemp></gpxtpx:TrackPointExtension></extensions></trkpt>
      <trkpt lat="42.6979017" lon="-71.8953967"><ele>520.6</ele><time>2025-11-22T16:21:07.000Z</time><extensions><gpxtpx:TrackPointExtension><gpxtpx:hr>126</gpxtpx:hr><gpxtpx:cad>69</gpxtpx:cad><gpxtpx:atemp>12.0</gpxtpx:atemp></gpxtpx:TrackPointExtension></extensions></trkpt>
      <trkpt lat="42.6979117" lon="-71.8954267"><ele>520.4</ele><time>2025-11-22T16:21:10.000Z</time><extensions><gpxtpx:TrackPointExtension><gpxtpx:hr>125</gpxtpx:hr><gpxtpx:cad>59</gpxtpx:cad><gpxtpx:atemp>12.0</gpxtpx:atemp></gpxtpx:TrackPointExtension></extensions></trkpt>
      <trkpt lat="42.6979200" lon="-71.8954517"><ele>520.2</ele><time>2025-11-22T16:21:12.000Z</time><extensions><gpxtpx:TrackPointExtension><gpxtpx:hr>122</gpxtpx:hr><gpxtpx:cad>59</gpxtpx:cad><gpxtpx:atemp>12.0</gpxtpx:atemp></gpxtpx:TrackPointExtension></extensions></trkpt>
      <trkpt lat="42.6979200" lon="-71.8954750"><ele>520.0</ele><time>2025-11-22T16:21:14.000Z</time><extensions><gpxtpx:TrackPointExtension><gpxtpx:hr>122</gpxtpx:hr><gpxtpx:cad>59</gpxtpx:cad><gpxtpx:atemp>12.0</gpxtpx:atemp></gpxtpx:TrackPointExtension></extensions></trkpt>
      <trkpt lat="42.6979150" lon="-71.8955033"><ele>520.0</ele><time>2025-11-22T16:21:16.000Z</time><extensions><gpxtpx:TrackPointExtension><gpxtpx:hr>122</gpxtpx:hr><gpxtpx:cad>62</gpxtpx:cad><gpxtpx:atemp>12.0</gpxtpx:atemp></gpxtpx:TrackPointExtension></extensions></trkpt>
      <trkpt lat="42.6979133" lon="-71.8955300"><ele>519.8</ele><time>2025-11-22T16:21:18.000Z</time><extensions><gpxtpx:TrackPointExtension><gpxtpx:hr>121</gpxtpx:hr><gpxtpx:cad>64</gpxtpx:cad><gpxtpx:atemp>12.0</gpxtpx:atemp></gpxtpx:TrackPointExtension></extensions></trkpt>
      <trkpt lat="42.6979117" lon="-71.8955600"><ele>519.6</ele><time>2025-11-22T16:21:22.000Z</time><extensions><gpxtpx:TrackPointExtension><gpxtpx:hr>120</gpxtpx:hr><gpxtpx:cad>64</gpxtpx:cad><gpxtpx:atemp>12.0</gpxtpx:atemp></gpxtpx:TrackPointExtension></extensions></trkpt>
      <trkpt lat="42.6979200" lon="-71.8955900"><ele>519.4</ele><time>2025-11-22T16:21:25.000Z</time><extensions><gpxtpx:TrackPointExtension><gpxtpx:hr>122</gpxtpx:hr><gpxtpx:cad>64</gpxtpx:cad><gpxtpx:atemp>12.0</gpxtpx:atemp></gpxtpx:TrackPointExtension></extensions></trkpt>
      <trkpt lat="42.6979217" lon="-71.8956133"><ele>519.2</ele><time>2025-11-22T16:21:27.000Z</time><extensions><gpxtpx:TrackPointExtension><gpxtpx:hr>119</gpxtpx:hr><gpxtpx:cad>64</gpxtpx:cad><gpxtpx:atemp>12.0</gpxtpx:atemp></gpxtpx:TrackPointExtension></extensions></trkpt>
      <trkpt lat="42.6979400" lon="-71.8956333"><ele>519.0</ele><time>2025-11-22T16:21:29.000Z</time><extensions><gpxtpx:TrackPointExtension><gpxtpx:hr>119</gpxtpx:hr><gpxtpx:cad>63</gpxtpx:cad><gpxtpx:atemp>12.0</gpxtpx:atemp></gpxtpx:TrackPointExtension></extensions></trkpt>
      <trkpt lat="42.6979567" lon="-71.8956483"><ele>518.6</ele><time>2025-11-22T16:21:31.000Z</time><extensions><gpxtpx:TrackPointExtension><gpxtpx:hr>122</gpxtpx:hr><gpxtpx:cad>64</gpxtpx:cad><gpxtpx:atemp>12.0</gpxtpx:atemp></gpxtpx:TrackPointExtension></extensions></trkpt>
      <trkpt lat="42.6979733" lon="-71.8956683"><ele>518.4</ele><time>2025-11-22T16:21:33.000Z</time><extensions><gpxtpx:TrackPointExtension><gpxtpx:hr>121</gpxtpx:hr><gpxtpx:cad>65</gpxtpx:cad><gpxtpx:atemp>11.9</gpxtpx:atemp></gpxtpx:TrackPointExtension></extensions></trkpt>
      <trkpt lat="42.6979917" lon="-71.8956867"><ele>518.0</ele><time>2025-11-22T16:21:35.000Z</time><extensions><gpxtpx:TrackPointExtension><gpxtpx:hr>119</gpxtpx:hr><gpxtpx:cad>65</gpxtpx:cad><gpxtpx:atemp>12.0</gpxtpx:atemp></gpxtpx:TrackPointExtension></extensions></trkpt>
      <trkpt lat="42.6980133" lon="-71.8957067"><ele>517.8</ele><time>2025-11-22T16:21:37.000Z</time><extensions><gpxtpx:TrackPointExtension><gpxtpx:hr>117</gpxtpx:hr><gpxtpx:cad>61</gpxtpx:cad><gpxtpx:atemp>12.0</gpxtpx:atemp></gpxtpx:TrackPointExtension></extensions></trkpt>
      <trkpt lat="42.6980417" lon="-71.8957233"><ele>517.4</ele><time>2025-11-22T16:21:39.000Z</time><extensions><gpxtpx:TrackPointExtension><gpxtpx:hr>120</gpxtpx:hr><gpxtpx:cad>61</gpxtpx:cad><gpxtpx:atemp>12.0</gpxtpx:atemp></gpxtpx:TrackPointExtension></extensions></trkpt>
      <trkpt lat="42.6980600" lon="-71.8957367"><ele>517.4</ele><time>2025-11-22T16:21:40.000Z</time><extensions><gpxtpx:TrackPointExtension><gpxtpx:hr>121</gpxtpx:hr><gpxtpx:cad>61</gpxtpx:cad><gpxtpx:atemp>12.0</gpxtpx:atemp></gpxtpx:TrackPointExtension></extensions></trkpt>
      <trkpt lat="42.6980867" lon="-71.8957650"><ele>517.0</ele><time>2025-11-22T16:21:42.000Z</time><extensions><gpxtpx:TrackPointExtension><gpxtpx:hr>121</gpxtpx:hr><gpxtpx:cad>73</gpxtpx:cad><gpxtpx:atemp>12.0</gpxtpx:atemp></gpxtpx:TrackPointExtension></extensions></trkpt>
      <trkpt lat="42.6981033" lon="-71.8957917"><ele>516.6</ele><time>2025-11-22T16:21:45.000Z</time><extensions><gpxtpx:TrackPointExtension><gpxtpx:hr>125</gpxtpx:hr><gpxtpx:cad>79</gpxtpx:cad><gpxtpx:atemp>12.0</gpxtpx:atemp></gpxtpx:TrackPointExtension></extensions></trkpt>
      <trkpt lat="42.6981250" lon="-71.8958083"><ele>516.4</ele><time>2025-11-22T16:21:47.000Z</time><extensions><gpxtpx:TrackPointExtension><gpxtpx:hr>127</gpxtpx:hr><gpxtpx:cad>79</gpxtpx:cad><gpxtpx:atemp>12.0</gpxtpx:atemp></gpxtpx:TrackPointExtension></extensions></trkpt>
      <trkpt lat="42.6981483" lon="-71.8958300"><ele>516.2</ele><time>2025-11-22T16:21:49.000Z</time><extensions><gpxtpx:TrackPointExtension><gpxtpx:hr>126</gpxtpx:hr><gpxtpx:cad>84</gpxtpx:cad><gpxtpx:atemp>12.0</gpxtpx:atemp></gpxtpx:TrackPointExtension></extensions></trkpt>
      <trkpt lat="42.6981700" lon="-71.8958533"><ele>516.0</ele><time>2025-11-22T16:21:51.000Z</time><extensions><gpxtpx:TrackPointExtension><gpxtpx:hr>128</gpxtpx:hr><gpxtpx:cad>88</gpxtpx:cad><gpxtpx:atemp>12.0</gpxtpx:atemp></gpxtpx:TrackPointExtension></extensions></trkpt>
      <trkpt lat="42.6981833" lon="-71.8958817"><ele>515.6</ele><time>2025-11-22T16:21:53.000Z</time><extensions><gpxtpx:TrackPointExtension><gpxtpx:hr>127</gpxtpx:hr><gpxtpx:cad>89</gpxtpx:cad><gpxtpx:atemp>12.1</gpxtpx:atemp></gpxtpx:TrackPointExtension></extensions></trkpt>
      <trkpt lat="42.6981983" lon="-71.8959067"><ele>515.2</ele><time>2025-11-22T16:21:55.000Z</time><extensions><gpxtpx:TrackPointExtension><gpxtpx:hr>127</gpxtpx:hr><gpxtpx:cad>86</gpxtpx:cad><gpxtpx:atemp>12.1</gpxtpx:atemp></gpxtpx:TrackPointExtension></extensions></trkpt>
      <trkpt lat="42.6982017" lon="-71.8959367"><ele>514.8</ele><time>2025-11-22T16:21:57.000Z</time><extensions><gpxtpx:TrackPointExtension><gpxtpx:hr>127</gpxtpx:hr><gpxtpx:cad>86</gpxtpx:cad><gpxtpx:atemp>12.1</gpxtpx:atemp></gpxtpx:TrackPointExtension></extensions></trkpt>
      <trkpt lat="42.6982117" lon="-71.8959733"><ele>514.4</ele><time>2025-11-22T16:21:59.000Z</time><extensions><gpxtpx:TrackPointExtension><gpxtpx:hr>129</gpxtpx:hr><gpxtpx:cad>78</gpxtpx:cad><gpxtpx:atemp>12.1</gpxtpx:atemp></gpxtpx:TrackPointExtension></extensions></trkpt>
      <trkpt lat="42.6982300" lon="-71.8960050"><ele>514.2</ele><time>2025-11-22T16:22:01.000Z</time><extensions><gpxtpx:TrackPointExtension><gpxtpx:hr>130</gpxtpx:hr><gpxtpx:cad>72</gpxtpx:cad><gpxtpx:atemp>12.1</gpxtpx:atemp></gpxtpx:TrackPointExtension></extensions></trkpt>
      <trkpt lat="42.6982567" lon="-71.8960383"><ele>513.8</ele><time>2025-11-22T16:22:03.000Z</time><extensions><gpxtpx:TrackPointExtension><gpxtpx:hr>131</gpxtpx:hr><gpxtpx:cad>71</gpxtpx:cad><gpxtpx:atemp>12.1</gpxtpx:atemp></gpxtpx:TrackPointExtension></extensions></trkpt>
      <trkpt lat="42.6982750" lon="-71.8960717"><ele>513.4</ele><time>2025-11-22T16:22:05.000Z</time><extensions><gpxtpx:TrackPointExtension><gpxtpx:hr>133</gpxtpx:hr><gpxtpx:cad>73</gpxtpx:cad><gpxtpx:atemp>12.1</gpxtpx:atemp></gpxtpx:TrackPointExtension></extensions></trkpt>
      <trkpt lat="42.6982733" lon="-71.8961100"><ele>513.2</ele><time>2025-11-22T16:22:07.000Z</time><extensions><gpxtpx:TrackPointExtension><gpxtpx:hr>132</gpxtpx:hr><gpxtpx:cad>77</gpxtpx:cad><gpxtpx:atemp>12.1</gpxtpx:atemp></gpxtpx:TrackPointExtension></extensions></trkpt>
      <trkpt lat="42.6982567" lon="-71.8961317"><ele>513.0</ele><time>2025-11-22T16:22:09.000Z</time><extensions><gpxtpx:TrackPointExtension><gpxtpx:hr>131</gpxtpx:hr><gpxtpx:cad>78</gpxtpx:cad><gpxtpx:atemp>12.1</gpxtpx:atemp></gpxtpx:TrackPointExtension></extensions></trkpt>
      <trkpt lat="42.6982300" lon="-71.8961567"><ele>512.6</ele><time>2025-11-22T16:22:12.000Z</time><extensions><gpxtpx:TrackPointExtension><gpxtpx:hr>130</gpxtpx:hr><gpxtpx:cad>79</gpxtpx:cad><gpxtpx:atemp>12.1</gpxtpx:atemp></gpxtpx:TrackPointExtension></extensions></trkpt>
      <trkpt lat="42.6982100" lon="-71.8961983"><ele>512.2</ele><time>2025-11-22T16:22:14.000Z</time><extensions><gpxtpx:TrackPointExtension><gpxtpx:hr>133</gpxtpx:hr><gpxtpx:cad>86</gpxtpx:cad><gpxtpx:atemp>12.1</gpxtpx:atemp></gpxtpx:TrackPointExtension></extensions></trkpt>
      <trkpt lat="42.6981983" lon="-71.8962217"><ele>512.0</ele><time>2025-11-22T16:22:15.000Z</time><extensions><gpxtpx:TrackPointExtension><gpxtpx:hr>131</gpxtpx:hr><gpxtpx:cad>87</gpxtpx:cad><gpxtpx:atemp>12.1</gpxtpx:atemp></gpxtpx:TrackPointExtension></extensions></trkpt>
      <trkpt lat="42.6981917" lon="-71.8962483"><ele>511.8</ele><time>2025-11-22T16:22:16.000Z</time><extensions><gpxtpx:TrackPointExtension><gpxtpx:hr>132</gpxtpx:hr><gpxtpx:cad>88</gpxtpx:cad><gpxtpx:atemp>12.1</gpxtpx:atemp></gpxtpx:TrackPointExtension></extensions></trkpt>
      <trkpt lat="42.6981883" lon="-71.8962767"><ele>511.6</ele><time>2025-11-22T16:22:17.000Z</time><extensions><gpxtpx:TrackPointExtension><gpxtpx:hr>131</gpxtpx:hr><gpxtpx:cad>88</gpxtpx:cad><gpxtpx:atemp>12.1</gpxtpx:atemp></gpxtpx:TrackPointExtension></extensions></trkpt>
      <trkpt lat="42.6981883" lon="-71.8963067"><ele>511.4</ele><time>2025-11-22T16:22:18.000Z</time><extensions><gpxtpx:TrackPointExtension><gpxtpx:hr>130</gpxtpx:hr><gpxtpx:cad>88</gpxtpx:cad><gpxtpx:atemp>12.1</gpxtpx:atemp></gpxtpx:TrackPointExtension></extensions></trkpt>
      <trkpt lat="42.6981900" lon="-71.8963383"><ele>511.2</ele><time>2025-11-22T16:22:19.000Z</time><extensions><gpxtpx:TrackPointExtension><gpxtpx:hr>130</gpxtpx:hr><gpxtpx:cad>88</gpxtpx:cad><gpxtpx:atemp>12.1</gpxtpx:atemp></gpxtpx:TrackPointExtension></extensions></trkpt>
      <trkpt lat="42.6981833" lon="-71.8963667"><ele>511.0</ele><time>2025-11-22T16:22:20.000Z</time><extensions><gpxtpx:TrackPointExtension><gpxtpx:hr>130</gpxtpx:hr><gpxtpx:cad>88</gpxtpx:cad><gpxtpx:atemp>12.2</gpxtpx:atemp></gpxtpx:TrackPointExtension></extensions></trkpt>
      <trkpt lat="42.6981783" lon="-71.8963917"><ele>510.8</ele><time>2025-11-22T16:22:21.000Z</time><extensions><gpxtpx:TrackPointExtension><gpxtpx:hr>131</gpxtpx:hr><gpxtpx:cad>88</gpxtpx:cad><gpxtpx:atemp>12.1</gpxtpx:atemp></gpxtpx:TrackPointExtension></extensions></trkpt>
      <trkpt lat="42.6981700" lon="-71.8964167"><ele>510.6</ele><time>2025-11-22T16:22:22.000Z</time><extensions><gpxtpx:TrackPointExtension><gpxtpx:hr>131</gpxtpx:hr><gpxtpx:cad>88</gpxtpx:cad><gpxtpx:atemp>12.1</gpxtpx:atemp></gpxtpx:TrackPointExtension></extensions></trkpt>
      <trkpt lat="42.6981633" lon="-71.8964617"><ele>510.4</ele><time>2025-11-22T16:22:24.000Z</time><extensions><gpxtpx:TrackPointExtension><gpxtpx:hr>135</gpxtpx:hr><gpxtpx:cad>87</gpxtpx:cad><gpxtpx:atemp>12.1</gpxtpx:atemp></gpxtpx:TrackPointExtension></extensions></trkpt>
      <trkpt lat="42.6981550" lon="-71.8964850"><ele>510.2</ele><time>2025-11-22T16:22:25.000Z</time><extensions><gpxtpx:TrackPointExtension><gpxtpx:hr>134</gpxtpx:hr><gpxtpx:cad>86</gpxtpx:cad><gpxtpx:atemp>12.1</gpxtpx:atemp></gpxtpx:TrackPointExtension></extensions></trkpt>
      <trkpt lat="42.6981417" lon="-71.8965050"><ele>510.0</ele><time>2025-11-22T16:22:26.000Z</time><extensions><gpxtpx:TrackPointExtension><gpxtpx:hr>132</gpxtpx:hr><gpxtpx:cad>85</gpxtpx:cad><gpxtpx:atemp>12.1</gpxtpx:atemp></gpxtpx:TrackPointExtension></extensions></trkpt>
      <trkpt lat="42.6981200" lon="-71.8965250"><ele>509.8</ele><time>2025-11-22T16:22:28.000Z</time><extensions><gpxtpx:TrackPointExtension><gpxtpx:hr>131</gpxtpx:hr><gpxtpx:cad>81</gpxtpx:cad><gpxtpx:atemp>12.1</gpxtpx:atemp></gpxtpx:TrackPointExtension></extensions></trkpt>
      <trkpt lat="42.6980967" lon="-71.8965333"><ele>509.4</ele><time>2025-11-22T16:22:30.000Z</time><extensions><gpxtpx:TrackPointExtension><gpxtpx:hr>132</gpxtpx:hr><gpxtpx:cad>78</gpxtpx:cad><gpxtpx:atemp>12.1</gpxtpx:atemp></gpxtpx:TrackPointExtension></extensions></trkpt>
      <trkpt lat="42.6980650" lon="-71.8965433"><ele>509.0</ele><time>2025-11-22T16:22:32.000Z</time><extensions><gpxtpx:TrackPointExtension><gpxtpx:hr>141</gpxtpx:hr><gpxtpx:cad>69</gpxtpx:cad><gpxtpx:atemp>12.1</gpxtpx:atemp></gpxtpx:TrackPointExtension></extensions></trkpt>
      <trkpt lat="42.6980333" lon="-71.8965617"><ele>508.6</ele><time>2025-11-22T16:22:34.000Z</time><extensions><gpxtpx:TrackPointExtension><gpxtpx:hr>142</gpxtpx:hr><gpxtpx:cad>68</gpxtpx:cad><gpxtpx:atemp>12.1</gpxtpx:atemp></gpxtpx:TrackPointExtension></extensions></trkpt>
      <trkpt lat="42.6980200" lon="-71.8965817"><ele>508.4</ele><time>2025-11-22T16:22:35.000Z</time><extensions><gpxtpx:TrackPointExtension><gpxtpx:hr>144</gpxtpx:hr><gpxtpx:cad>68</gpxtpx:cad><gpxtpx:atemp>12.1</gpxtpx:atemp></gpxtpx:TrackPointExtension></extensions></trkpt>
      <trkpt lat="42.6980083" lon="-71.8966000"><ele>508.4</ele><time>2025-11-22T16:22:36.000Z</time><extensions><gpxtpx:TrackPointExtension><gpxtpx:hr>144</gpxtpx:hr><gpxtpx:cad>68</gpxtpx:cad><gpxtpx:atemp>12.1</gpxtpx:atemp></gpxtpx:TrackPointExtension></extensions></trkpt>
      <trkpt lat="42.6979983" lon="-71.8966233"><ele>508.2</ele><time>2025-11-22T16:22:37.000Z</time><extensions><gpxtpx:TrackPointExtension><gpxtpx:hr>143</gpxtpx:hr><gpxtpx:cad>74</gpxtpx:cad><gpxtpx:atemp>12.1</gpxtpx:atemp></gpxtpx:TrackPointExtension></extensions></trkpt>
      <trkpt lat="42.6979950" lon="-71.8966517"><ele>508.0</ele><time>2025-11-22T16:22:38.000Z</time><extensions><gpxtpx:TrackPointExtension><gpxtpx:hr>144</gpxtpx:hr><gpxtpx:cad>77</gpxtpx:cad><gpxtpx:atemp>12.1</gpxtpx:atemp></gpxtpx:TrackPointExtension></extensions></trkpt>
      <trkpt lat="42.6979867" lon="-71.8966817"><ele>508.0</ele><time>2025-11-22T16:22:39.000Z</time><extensions><gpxtpx:TrackPointExtension><gpxtpx:hr>145</gpxtpx:hr><gpxtpx:cad>79</gpxtpx:cad><gpxtpx:atemp>12.1</gpxtpx:atemp></gpxtpx:TrackPointExtension></extensions></trkpt>
      <trkpt lat="42.6979767" lon="-71.8967133"><ele>507.8</ele><time>2025-11-22T16:22:40.000Z</time><extensions><gpxtpx:TrackPointExtension><gpxtpx:hr>145</gpxtpx:hr><gpxtpx:cad>80</gpxtpx:cad><gpxtpx:atemp>12.1</gpxtpx:atemp></gpxtpx:TrackPointExtension></extensions></trkpt>
      <trkpt lat="42.6979733" lon="-71.8967467"><ele>507.8</ele><time>2025-11-22T16:22:41.000Z</time><extensions><gpxtpx:TrackPointExtension><gpxtpx:hr>145</gpxtpx:hr><gpxtpx:cad>81</gpxtpx:cad><gpxtpx:atemp>12.1</gpxtpx:atemp></gpxtpx:TrackPointExtension></extensions></trkpt>
      <trkpt lat="42.6979667" lon="-71.8967700"><ele>507.6</ele><time>2025-11-22T16:22:42.000Z</time><extensions><gpxtpx:TrackPointExtension><gpxtpx:hr>147</gpxtpx:hr><gpxtpx:cad>81</gpxtpx:cad><gpxtpx:atemp>12.1</gpxtpx:atemp></gpxtpx:TrackPointExtension></extensions></trkpt>
      <trkpt lat="42.6979617" lon="-71.8967950"><ele>507.6</ele><time>2025-11-22T16:22:43.000Z</time><extensions><gpxtpx:TrackPointExtension><gpxtpx:hr>148</gpxtpx:hr><gpxtpx:cad>80</gpxtpx:cad><gpxtpx:atemp>12.1</gpxtpx:atemp></gpxtpx:TrackPointExtension></extensions></trkpt>
      <trkpt lat="42.6979450" lon="-71.8968217"><ele>507.4</ele><time>2025-11-22T16:22:45.000Z</time><extensions><gpxtpx:TrackPointExtension><gpxtpx:hr>152</gpxtpx:hr><gpxtpx:cad>80</gpxtpx:cad><gpxtpx:atemp>12.0</gpxtpx:atemp></gpxtpx:TrackPointExtension></extensions></trkpt>
      <trkpt lat="42.6979267" lon="-71.8968533"><ele>507.2</ele><time>2025-11-22T16:22:47.000Z</time><extensions><gpxtpx:TrackPointExtension><gpxtpx:hr>155</gpxtpx:hr><gpxtpx:cad>81</gpxtpx:cad><gpxtpx:atemp>12.0</gpxtpx:atemp></gpxtpx:TrackPointExtension></extensions></trkpt>
      <trkpt lat="42.6979100" lon="-71.8968867"><ele>507.0</ele><time>2025-11-22T16:22:49.000Z</time><extensions><gpxtpx:TrackPointExtension><gpxtpx:hr>156</gpxtpx:hr><gpxtpx:cad>82</gpxtpx:cad><gpxtpx:atemp>12.0</gpxtpx:atemp></gpxtpx:TrackPointExtension></extensions></trkpt>
      <trkpt lat="42.6979033" lon="-71.8969100"><ele>507.0</ele><time>2025-11-22T16:22:50.000Z</time><extensions><gpxtpx:TrackPointExtension><gpxtpx:hr>156</gpxtpx:hr><gpxtpx:cad>82</gpxtpx:cad><gpxtpx:atemp>12.0</gpxtpx:atemp></gpxtpx:TrackPointExtension></extensions></trkpt>
      <trkpt lat="42.6978950" lon="-71.8969333"><ele>507.0</ele><time>2025-11-22T16:22:51.000Z</time><extensions><gpxtpx:TrackPointExtension><gpxtpx:hr>156</gpxtpx:hr><gpxtpx:cad>81</gpxtpx:cad><gpxtpx:atemp>12.0</gpxtpx:atemp></gpxtpx:TrackPointExtension></extensions></trkpt>
      <trkpt lat="42.6978867" lon="-71.8969600"><ele>507.0</ele><time>2025-11-22T16:22:52.000Z</time><extensions><gpxtpx:TrackPointExtension><gpxtpx:hr>155</gpxtpx:hr><gpxtpx:cad>81</gpxtpx:cad><gpxtpx:atemp>12.0</gpxtpx:atemp></gpxtpx:TrackPointExtension></extensions></trkpt>
      <trkpt lat="42.6978867" lon="-71.8969850"><ele>506.8</ele><time>2025-11-22T16:22:53.000Z</time><extensions><gpxtpx:TrackPointExtension><gpxtpx:hr>154</gpxtpx:hr><gpxtpx:cad>80</gpxtpx:cad><gpxtpx:atemp>12.0</gpxtpx:atemp></gpxtpx:TrackPointExtension></extensions></trkpt>
      <trkpt lat="42.6978850" lon="-71.8970100"><ele>506.8</ele><time>2025-11-22T16:22:54.000Z</time><extensions><gpxtpx:TrackPointExtension><gpxtpx:hr>154</gpxtpx:hr><gpxtpx:cad>78</gpxtpx:cad><gpxtpx:atemp>12.0</gpxtpx:atemp></gpxtpx:TrackPointExtension></extensions></trkpt>
      <trkpt lat="42.6978883" lon="-71.8970633"><ele>506.6</ele><time>2025-11-22T16:22:56.000Z</time><extensions><gpxtpx:TrackPointExtension><gpxtpx:hr>153</gpxtpx:hr><gpxtpx:cad>78</gpxtpx:cad><gpxtpx:atemp>12.0</gpxtpx:atemp></gpxtpx:TrackPointExtension></extensions></trkpt>
      <trkpt lat="42.6978967" lon="-71.8970900"><ele>506.6</ele><time>2025-11-22T16:22:57.000Z</time><extensions><gpxtpx:TrackPointExtension><gpxtpx:hr>154</gpxtpx:hr><gpxtpx:cad>78</gpxtpx:cad><gpxtpx:atemp>12.0</gpxtpx:atemp></gpxtpx:TrackPointExtension></extensions></trkpt>
      <trkpt lat="42.6979133" lon="-71.8971133"><ele>506.6</ele><time>2025-11-22T16:22:58.000Z</time><extensions><gpxtpx:TrackPointExtension><gpxtpx:hr>154</gpxtpx:hr><gpxtpx:cad>78</gpxtpx:cad><gpxtpx:atemp>11.9</gpxtpx:atemp></gpxtpx:TrackPointExtension></extensions></trkpt>
      <trkpt lat="42.6979333" lon="-71.8971317"><ele>506.4</ele><time>2025-11-22T16:22:59.000Z</time><extensions><gpxtpx:TrackPointExtension><gpxtpx:hr>155</gpxtpx:hr><gpxtpx:cad>78</gpxtpx:cad><gpxtpx:atemp>12.0</gpxtpx:atemp></gpxtpx:TrackPointExtension></extensions></trkpt>
      <trkpt lat="42.6979533" lon="-71.8971417"><ele>506.4</ele><time>2025-11-22T16:23:00.000Z</time><extensions><gpxtpx:TrackPointExtension><gpxtpx:hr>157</gpxtpx:hr><gpxtpx:cad>78</gpxtpx:cad><gpxtpx:atemp>11.9</gpxtpx:atemp></gpxtpx:TrackPointExtension></extensions></trkpt>
      <trkpt lat="42.6979733" lon="-71.8971417"><ele>506.4</ele><time>2025-11-22T16:23:01.000Z</time><extensions><gpxtpx:TrackPointExtension><gpxtpx:hr>158</gpxtpx:hr><gpxtpx:cad>80</gpxtpx:cad><gpxtpx:atemp>12.0</gpxtpx:atemp></gpxtpx:TrackPointExtension></extensions></trkpt>
      <trkpt lat="42.6979917" lon="-71.8971367"><ele>506.4</ele><time>2025-11-22T16:23:02.000Z</time><extensions><gpxtpx:TrackPointExtension><gpxtpx:hr>159</gpxtpx:hr><gpxtpx:cad>80</gpxtpx:cad><gpxtpx:atemp>12.0</gpxtpx:atemp></gpxtpx:TrackPointExtension></extensions></trkpt>
      <trkpt lat="42.6980117" lon="-71.8971400"><ele>506.4</ele><time>2025-11-22T16:23:03.000Z</time><extensions><gpxtpx:TrackPointExtension><gpxtpx:hr>161</gpxtpx:hr><gpxtpx:cad>80</gpxtpx:cad><gpxtpx:atemp>11.9</gpxtpx:atemp></gpxtpx:TrackPointExtension></extensions></trkpt>
      <trkpt lat="42.6980350" lon="-71.8971467"><ele>506.4</ele><time>2025-11-22T16:23:04.000Z</time><extensions><gpxtpx:TrackPointExtension><gpxtpx:hr>161</gpxtpx:hr><gpxtpx:cad>80</gpxtpx:cad><gpxtpx:atemp>11.9</gpxtpx:atemp></gpxtpx:TrackPointExtension></extensions></trkpt>
      <trkpt lat="42.6980567" lon="-71.8971583"><ele>506.4</ele><time>2025-11-22T16:23:05.000Z</time><extensions><gpxtpx:TrackPointExtension><gpxtpx:hr>162</gpxtpx:hr><gpxtpx:cad>80</gpxtpx:cad><gpxtpx:atemp>11.9</gpxtpx:atemp></gpxtpx:TrackPointExtension></extensions></trkpt>
      <trkpt lat="42.6980767" lon="-71.8971717"><ele>506.2</ele><time>2025-11-22T16:23:06.000Z</time><extensions><gpxtpx:TrackPointExtension><gpxtpx:hr>162</gpxtpx:hr><gpxtpx:cad>80</gpxtpx:cad><gpxtpx:atemp>11.9</gpxtpx:atemp></gpxtpx:TrackPointExtension></extensions></trkpt>
      <trkpt lat="42.6980967" lon="-71.8971867"><ele>506.2</ele><time>2025-11-22T16:23:07.000Z</time><extensions><gpxtpx:TrackPointExtension><gpxtpx:hr>163</gpxtpx:hr><gpxtpx:cad>80</gpxtpx:cad><gpxtpx:atemp>11.9</gpxtpx:atemp></gpxtpx:TrackPointExtension></extensions></trkpt>
      <trkpt lat="42.6981167" lon="-71.8972017"><ele>506.0</ele><time>2025-11-22T16:23:08.000Z</time><extensions><gpxtpx:TrackPointExtension><gpxtpx:hr>165</gpxtpx:hr><gpxtpx:cad>80</gpxtpx:cad><gpxtpx:atemp>11.9</gpxtpx:atemp></gpxtpx:TrackPointExtension></extensions></trkpt>
      <trkpt lat="42.6981300" lon="-71.8972217"><ele>506.0</ele><time>2025-11-22T16:23:09.000Z</time><extensions><gpxtpx:TrackPointExtension><gpxtpx:hr>165</gpxtpx:hr><gpxtpx:cad>80</gpxtpx:cad><gpxtpx:atemp>11.9</gpxtpx:atemp></gpxtpx:TrackPointExtension></extensions></trkpt>
      <trkpt lat="42.6981450" lon="-71.8972467"><ele>505.8</ele><time>2025-11-22T16:23:10.000Z</time><extensions><gpxtpx:TrackPointExtension><gpxtpx:hr>167</gpxtpx:hr><gpxtpx:cad>80</gpxtpx:cad><gpxtpx:atemp>11.9</gpxtpx:atemp></gpxtpx:TrackPointExtension></extensions></trkpt>
      <trkpt lat="42.6981600" lon="-71.8972650"><ele>505.8</ele><time>2025-11-22T16:23:11.000Z</time><extensions><gpxtpx:TrackPointExtension><gpxtpx:hr>166</gpxtpx:hr><gpxtpx:cad>80</gpxtpx:cad><gpxtpx:atemp>11.9</gpxtpx:atemp></gpxtpx:TrackPointExtension></extensions></trkpt>
      <trkpt lat="42.6981767" lon="-71.8972833"><ele>505.6</ele><time>2025-11-22T16:23:12.000Z</time><extensions><gpxtpx:TrackPointExtension><gpxtpx:hr>167</gpxtpx:hr><gpxtpx:cad>80</gpxtpx:cad><gpxtpx:atemp>11.9</gpxtpx:atemp></gpxtpx:TrackPointExtension></extensions></trkpt>
      <trkpt lat="42.6981983" lon="-71.8972983"><ele>505.6</ele><time>2025-11-22T16:23:13.000Z</time><extensions><gpxtpx:TrackPointExtension><gpxtpx:hr>167</gpxtpx:hr><gpxtpx:cad>80</gpxtpx:cad><gpxtpx:atemp>11.9</gpxtpx:atemp></gpxtpx:TrackPointExtension></extensions></trkpt>
      <trkpt lat="42.6982217" lon="-71.8973067"><ele>505.4</ele><time>2025-11-22T16:23:14.000Z</time><extensions><gpxtpx:TrackPointExtension><gpxtpx:hr>167</gpxtpx:hr><gpxtpx:cad>81</gpxtpx:cad><gpxtpx:atemp>11.9</gpxtpx:atemp></gpxtpx:TrackPointExtension></extensions></trkpt>
      <trkpt lat="42.6982417" lon="-71.8973167"><ele>505.4</ele><time>2025-11-22T16:23:15.000Z</time><extensions><gpxtpx:TrackPointExtension><gpxtpx:hr>168</gpxtpx:hr><gpxtpx:cad>82</gpxtpx:cad><gpxtpx:atemp>11.9</gpxtpx:atemp></gpxtpx:TrackPointExtension></extensions></trkpt>
      <trkpt lat="42.6982633" lon="-71.8973267"><ele>505.4</ele><time>2025-11-22T16:23:16.000Z</time><extensions><gpxtpx:TrackPointExtension><gpxtpx:hr>168</gpxtpx:hr><gpxtpx:cad>82</gpxtpx:cad><gpxtpx:atemp>11.9</gpxtpx:atemp></gpxtpx:TrackPointExtension></extensions></trkpt>
      <trkpt lat="42.6982833" lon="-71.8973350"><ele>505.2</ele><time>2025-11-22T16:23:17.000Z</time><extensions><gpxtpx:TrackPointExtension><gpxtpx:hr>168</gpxtpx:hr><gpxtpx:cad>83</gpxtpx:cad><gpxtpx:atemp>11.9</gpxtpx:atemp></gpxtpx:TrackPointExtension></extensions></trkpt>
      <trkpt lat="42.6983067" lon="-71.8973433"><ele>505.2</ele><time>2025-11-22T16:23:18.000Z</time><extensions><gpxtpx:TrackPointExtension><gpxtpx:hr>169</gpxtpx:hr><gpxtpx:cad>83</gpxtpx:cad><gpxtpx:atemp>11.9</gpxtpx:atemp></gpxtpx:TrackPointExtension></extensions></trkpt>
      <trkpt lat="42.6983300" lon="-71.8973550"><ele>505.0</ele><time>2025-11-22T16:23:19.000Z</time><extensions><gpxtpx:TrackPointExtension><gpxtpx:hr>171</gpxtpx:hr><gpxtpx:cad>83</gpxtpx:cad><gpxtpx:atemp>11.9</gpxtpx:atemp></gpxtpx:TrackPointExtension></extensions></trkpt>
      <trkpt lat="42.6983500" lon="-71.8973700"><ele>505.0</ele><time>2025-11-22T16:23:20.000Z</time><extensions><gpxtpx:TrackPointExtension><gpxtpx:hr>169</gpxtpx:hr><gpxtpx:cad>83</gpxtpx:cad><gpxtpx:atemp>11.9</gpxtpx:atemp></gpxtpx:TrackPointExtension></extensions></trkpt>
      <trkpt lat="42.6983683" lon="-71.8973850"><ele>505.0</ele><time>2025-11-22T16:23:21.000Z</time><extensions><gpxtpx:TrackPointExtension><gpxtpx:hr>170</gpxtpx:hr><gpxtpx:cad>83</gpxtpx:cad><gpxtpx:atemp>11.9</gpxtpx:atemp></gpxtpx:TrackPointExtension></extensions></trkpt>
      <trkpt lat="42.6983867" lon="-71.8973917"><ele>504.8</ele><time>2025-11-22T16:23:22.000Z</time><extensions><gpxtpx:TrackPointExtension><gpxtpx:hr>169</gpxtpx:hr><gpxtpx:cad>83</gpxtpx:cad><gpxtpx:atemp>11.9</gpxtpx:atemp></gpxtpx:TrackPointExtension></extensions></trkpt>
      <trkpt lat="42.6984050" lon="-71.8973967"><ele>504.8</ele><time>2025-11-22T16:23:23.000Z</time><extensions><gpxtpx:TrackPointExtension><gpxtpx:hr>169</gpxtpx:hr><gpxtpx:cad>83</gpxtpx:cad><gpxtpx:atemp>11.9</gpxtpx:atemp></gpxtpx:TrackPointExtension></extensions></trkpt>
      <trkpt lat="42.6984267" lon="-71.8974067"><ele>504.8</ele><time>2025-11-22T16:23:24.000Z</time><extensions><gpxtpx:TrackPointExtension><gpxtpx:hr>169</gpxtpx:hr><gpxtpx:cad>83</gpxtpx:cad><gpxtpx:atemp>11.9</gpxtpx:atemp></gpxtpx:TrackPointExtension></extensions></trkpt>
      <trkpt lat="42.6984433" lon="-71.8974183"><ele>504.8</ele><time>2025-11-22T16:23:25.000Z</time><extensions><gpxtpx:TrackPointExtension><gpxtpx:hr>168</gpxtpx:hr><gpxtpx:cad>83</gpxtpx:cad><gpxtpx:atemp>11.9</gpxtpx:atemp></gpxtpx:TrackPointExtension></extensions></trkpt>
      <trkpt lat="42.6984783" lon="-71.8974417"><ele>504.8</ele><time>2025-11-22T16:23:27.000Z</time><extensions><gpxtpx:TrackPointExtension><gpxtpx:hr>168</gpxtpx:hr><gpxtpx:cad>83</gpxtpx:cad><gpxtpx:atemp>11.9</gpxtpx:atemp></gpxtpx:TrackPointExtension></extensions></trkpt>
      <trkpt lat="42.6984983" lon="-71.8974517"><ele>504.6</ele><time>2025-11-22T16:23:28.000Z</time><extensions><gpxtpx:TrackPointExtension><gpxtpx:hr>168</gpxtpx:hr><gpxtpx:cad>82</gpxtpx:cad><gpxtpx:atemp>11.9</gpxtpx:atemp></gpxtpx:TrackPointExtension></extensions></trkpt>
      <trkpt lat="42.6985217" lon="-71.8974450"><ele>504.8</ele><time>2025-11-22T16:23:29.000Z</time><extensions><gpxtpx:TrackPointExtension><gpxtpx:hr>168</gpxtpx:hr><gpxtpx:cad>81</gpxtpx:cad><gpxtpx:atemp>11.9</gpxtpx:atemp></gpxtpx:TrackPointExtension></extensions></trkpt>
      <trkpt lat="42.6985417" lon="-71.8974400"><ele>504.8</ele><time>2025-11-22T16:23:30.000Z</time><extensions><gpxtpx:TrackPointExtension><gpxtpx:hr>168</gpxtpx:hr><gpxtpx:cad>79</gpxtpx:cad><gpxtpx:atemp>11.9</gpxtpx:atemp></gpxtpx:TrackPointExtension></extensions></trkpt>
      <trkpt lat="42.6985600" lon="-71.8974300"><ele>504.8</ele><time>2025-11-22T16:23:31.000Z</time><extensions><gpxtpx:TrackPointExtension><gpxtpx:hr>169</gpxtpx:hr><gpxtpx:cad>79</gpxtpx:cad><gpxtpx:atemp>11.9</gpxtpx:atemp></gpxtpx:TrackPointExtension></extensions></trkpt>
      <trkpt lat="42.6985850" lon="-71.8974300"><ele>504.8</ele><time>2025-11-22T16:23:33.000Z</time><extensions><gpxtpx:TrackPointExtension><gpxtpx:hr>172</gpxtpx:hr><gpxtpx:cad>79</gpxtpx:cad><gpxtpx:atemp>11.9</gpxtpx:atemp></gpxtpx:TrackPointExtension></extensions></trkpt>
      <trkpt lat="42.6986100" lon="-71.8974400"><ele>505.0</ele><time>2025-11-22T16:23:35.000Z</time><extensions><gpxtpx:TrackPointExtension><gpxtpx:hr>172</gpxtpx:hr><gpxtpx:cad>77</gpxtpx:cad><gpxtpx:atemp>11.9</gpxtpx:atemp></gpxtpx:TrackPointExtension></extensions></trkpt>
      <trkpt lat="42.6986267" lon="-71.8974517"><ele>505.0</ele><time>2025-11-22T16:23:37.000Z</time><extensions><gpxtpx:TrackPointExtension><gpxtpx:hr>172</gpxtpx:hr><gpxtpx:cad>80</gpxtpx:cad><gpxtpx:atemp>11.8</gpxtpx:atemp></gpxtpx:TrackPointExtension></extensions></trkpt>
      <trkpt lat="42.6986483" lon="-71.8974667"><ele>505.2</ele><time>2025-11-22T16:23:39.000Z</time><extensions><gpxtpx:TrackPointExtension><gpxtpx:hr>172</gpxtpx:hr><gpxtpx:cad>75</gpxtpx:cad><gpxtpx:atemp>11.8</gpxtpx:atemp></gpxtpx:TrackPointExtension></extensions></trkpt>
      <trkpt lat="42.6986700" lon="-71.8974667"><ele>505.2</ele><time>2025-11-22T16:23:41.000Z</time><extensions><gpxtpx:TrackPointExtension><gpxtpx:hr>171</gpxtpx:hr><gpxtpx:cad>71</gpxtpx:cad><gpxtpx:atemp>11.8</gpxtpx:atemp></gpxtpx:TrackPointExtension></extensions></trkpt>
      <trkpt lat="42.6986867" lon="-71.8974767"><ele>505.4</ele><time>2025-11-22T16:23:43.000Z</time><extensions><gpxtpx:TrackPointExtension><gpxtpx:hr>169</gpxtpx:hr><gpxtpx:cad>63</gpxtpx:cad><gpxtpx:atemp>11.8</gpxtpx:atemp></gpxtpx:TrackPointExtension></extensions></trkpt>
      <trkpt lat="42.6987050" lon="-71.8974967"><ele>505.4</ele><time>2025-11-22T16:23:46.000Z</time><extensions><gpxtpx:TrackPointExtension><gpxtpx:hr>166</gpxtpx:hr><gpxtpx:cad>55</gpxtpx:cad><gpxtpx:atemp>11.8</gpxtpx:atemp></gpxtpx:TrackPointExtension></extensions></trkpt>
      <trkpt lat="42.6987200" lon="-71.8975150"><ele>505.2</ele><time>2025-11-22T16:23:48.000Z</time><extensions><gpxtpx:TrackPointExtension><gpxtpx:hr>164</gpxtpx:hr><gpxtpx:cad>55</gpxtpx:cad><gpxtpx:atemp>11.8</gpxtpx:atemp></gpxtpx:TrackPointExtension></extensions></trkpt>
      <trkpt lat="42.6987400" lon="-71.8975250"><ele>505.2</ele><time>2025-11-22T16:23:50.000Z</time><extensions><gpxtpx:TrackPointExtension><gpxtpx:hr>163</gpxtpx:hr><gpxtpx:cad>57</gpxtpx:cad><gpxtpx:atemp>11.8</gpxtpx:atemp></gpxtpx:TrackPointExtension></extensions></trkpt>
      <trkpt lat="42.6987633" lon="-71.8975333"><ele>505.2</ele><time>2025-11-22T16:23:52.000Z</time><extensions><gpxtpx:TrackPointExtension><gpxtpx:hr>162</gpxtpx:hr><gpxtpx:cad>57</gpxtpx:cad><gpxtpx:atemp>11.8</gpxtpx:atemp></gpxtpx:TrackPointExtension></extensions></trkpt>
      <trkpt lat="42.6987817" lon="-71.8975517"><ele>505.0</ele><time>2025-11-22T16:23:54.000Z</time><extensions><gpxtpx:TrackPointExtension><gpxtpx:hr>161</gpxtpx:hr><gpxtpx:cad>59</gpxtpx:cad><gpxtpx:atemp>11.8</gpxtpx:atemp></gpxtpx:TrackPointExtension></extensions></trkpt>
      <trkpt lat="42.6988000" lon="-71.8975700"><ele>504.8</ele><time>2025-11-22T16:23:57.000Z</time><extensions><gpxtpx:TrackPointExtension><gpxtpx:hr>160</gpxtpx:hr><gpxtpx:cad>59</gpxtpx:cad><gpxtpx:atemp>11.8</gpxtpx:atemp></gpxtpx:TrackPointExtension></extensions></trkpt>
      <trkpt lat="42.6988150" lon="-71.8975917"><ele>504.6</ele><time>2025-11-22T16:23:59.000Z</time><extensions><gpxtpx:TrackPointExtension><gpxtpx:hr>161</gpxtpx:hr><gpxtpx:cad>59</gpxtpx:cad><gpxtpx:atemp>11.7</gpxtpx:atemp></gpxtpx:TrackPointExtension></extensions></trkpt>
      <trkpt lat="42.6988350" lon="-71.8976033"><ele>504.6</ele><time>2025-11-22T16:24:01.000Z</time><extensions><gpxtpx:TrackPointExtension><gpxtpx:hr>158</gpxtpx:hr><gpxtpx:cad>55</gpxtpx:cad><gpxtpx:atemp>11.7</gpxtpx:atemp></gpxtpx:TrackPointExtension></extensions></trkpt>
      <trkpt lat="42.6988617" lon="-71.8976050"><ele>504.4</ele><time>2025-11-22T16:24:03.000Z</time><extensions><gpxtpx:TrackPointExtension><gpxtpx:hr>155</gpxtpx:hr><gpxtpx:cad>55</gpxtpx:cad><gpxtpx:atemp>11.7</gpxtpx:atemp></gpxtpx:TrackPointExtension></extensions></trkpt>
      <trkpt lat="42.6988817" lon="-71.8976083"><ele>504.4</ele><time>2025-11-22T16:24:05.000Z</time><extensions><gpxtpx:TrackPointExtension><gpxtpx:hr>154</gpxtpx:hr><gpxtpx:cad>55</gpxtpx:cad><gpxtpx:atemp>11.7</gpxtpx:atemp></gpxtpx:TrackPointExtension></extensions></trkpt>
      <trkpt lat="42.6989017" lon="-71.8976100"><ele>504.2</ele><time>2025-11-22T16:24:07.000Z</time><extensions><gpxtpx:TrackPointExtension><gpxtpx:hr>155</gpxtpx:hr><gpxtpx:cad>47</gpxtpx:cad><gpxtpx:atemp>11.7</gpxtpx:atemp></gpxtpx:TrackPointExtension></extensions></trkpt>
      <trkpt lat="42.6989300" lon="-71.8976083"><ele>504.2</ele><time>2025-11-22T16:24:09.000Z</time><extensions><gpxtpx:TrackPointExtension><gpxtpx:hr>157</gpxtpx:hr><gpxtpx:cad>58</gpxtpx:cad><gpxtpx:atemp>11.7</gpxtpx:atemp></gpxtpx:TrackPointExtension></extensions></trkpt>
      <trkpt lat="42.6989517" lon="-71.8976150"><ele>504.2</ele><time>2025-11-22T16:24:11.000Z</time><extensions><gpxtpx:TrackPointExtension><gpxtpx:hr>157</gpxtpx:hr><gpxtpx:cad>59</gpxtpx:cad><gpxtpx:atemp>11.7</gpxtpx:atemp></gpxtpx:TrackPointExtension></extensions></trkpt>
      <trkpt lat="42.6989800" lon="-71.8976067"><ele>504.2</ele><time>2025-11-22T16:24:13.000Z</time><extensions><gpxtpx:TrackPointExtension><gpxtpx:hr>155</gpxtpx:hr><gpxtpx:cad>59</gpxtpx:cad><gpxtpx:atemp>11.7</gpxtpx:atemp></gpxtpx:TrackPointExtension></extensions></trkpt>
      <trkpt lat="42.6990017" lon="-71.8976033"><ele>504.2</ele><time>2025-11-22T16:24:15.000Z</time><extensions><gpxtpx:TrackPointExtension><gpxtpx:hr>155</gpxtpx:hr><gpxtpx:cad>60</gpxtpx:cad><gpxtpx:atemp>11.7</gpxtpx:atemp></gpxtpx:TrackPointExtension></extensions></trkpt>
      <trkpt lat="42.6990267" lon="-71.8976183"><ele>504.0</ele><time>2025-11-22T16:24:18.000Z</time><extensions><gpxtpx:TrackPointExtension><gpxtpx:hr>154</gpxtpx:hr><gpxtpx:cad>61</gpxtpx:cad><gpxtpx:atemp>11.6</gpxtpx:atemp></gpxtpx:TrackPointExtension></extensions></trkpt>
      <trkpt lat="42.6990467" lon="-71.8976350"><ele>504.0</ele><time>2025-11-22T16:24:20.000Z</time><extensions><gpxtpx:TrackPointExtension><gpxtpx:hr>156</gpxtpx:hr><gpxtpx:cad>61</gpxtpx:cad><gpxtpx:atemp>11.6</gpxtpx:atemp></gpxtpx:TrackPointExtension></extensions></trkpt>
      <trkpt lat="42.6990750" lon="-71.8976467"><ele>503.8</ele><time>2025-11-22T16:24:23.000Z</time><extensions><gpxtpx:TrackPointExtension><gpxtpx:hr>154</gpxtpx:hr><gpxtpx:cad>46</gpxtpx:cad><gpxtpx:atemp>11.6</gpxtpx:atemp></gpxtpx:TrackPointExtension></extensions></trkpt>
      <trkpt lat="42.6991000" lon="-71.8976583"><ele>503.6</ele><time>2025-11-22T16:24:25.000Z</time><extensions><gpxtpx:TrackPointExtension><gpxtpx:hr>152</gpxtpx:hr><gpxtpx:cad>46</gpxtpx:cad><gpxtpx:atemp>11.6</gpxtpx:atemp></gpxtpx:TrackPointExtension></extensions></trkpt>
      <trkpt lat="42.6991250" lon="-71.8976567"><ele>503.4</ele><time>2025-11-22T16:24:27.000Z</time><extensions><gpxtpx:TrackPointExtension><gpxtpx:hr>151</gpxtpx:hr><gpxtpx:cad>53</gpxtpx:cad><gpxtpx:atemp>11.6</gpxtpx:atemp></gpxtpx:TrackPointExtension></extensions></trkpt>
      <trkpt lat="42.6991483" lon="-71.8976550"><ele>503.2</ele><time>2025-11-22T16:24:29.000Z</time><extensions><gpxtpx:TrackPointExtension><gpxtpx:hr>149</gpxtpx:hr><gpxtpx:cad>58</gpxtpx:cad><gpxtpx:atemp>11.6</gpxtpx:atemp></gpxtpx:TrackPointExtension></extensions></trkpt>
      <trkpt lat="42.6991683" lon="-71.8976600"><ele>503.0</ele><time>2025-11-22T16:24:32.000Z</time><extensions><gpxtpx:TrackPointExtension><gpxtpx:hr>146</gpxtpx:hr><gpxtpx:cad>58</gpxtpx:cad><gpxtpx:atemp>11.6</gpxtpx:atemp></gpxtpx:TrackPointExtension></extensions></trkpt>
      <trkpt lat="42.6991817" lon="-71.8976800"><ele>502.6</ele><time>2025-11-22T16:24:36.000Z</time><extensions><gpxtpx:TrackPointExtension><gpxtpx:hr>145</gpxtpx:hr><gpxtpx:cad>58</gpxtpx:cad><gpxtpx:atemp>11.6</gpxtpx:atemp></gpxtpx:TrackPointExtension></extensions></trkpt>
      <trkpt lat="42.6991967" lon="-71.8976967"><ele>502.2</ele><time>2025-11-22T16:24:39.000Z</time><extensions><gpxtpx:TrackPointExtension><gpxtpx:hr>144</gpxtpx:hr><gpxtpx:cad>58</gpxtpx:cad><gpxtpx:atemp>11.6</gpxtpx:atemp></gpxtpx:TrackPointExtension></extensions></trkpt>
      <trkpt lat="42.6992217" lon="-71.8977050"><ele>502.0</ele><time>2025-11-22T16:24:41.000Z</time><extensions><gpxtpx:TrackPointExtension><gpxtpx:hr>143</gpxtpx:hr><gpxtpx:cad>59</gpxtpx:cad><gpxtpx:atemp>11.6</gpxtpx:atemp></gpxtpx:TrackPointExtension></extensions></trkpt>
      <trkpt lat="42.6992400" lon="-71.8977117"><ele>501.8</ele><time>2025-11-22T16:24:43.000Z</time><extensions><gpxtpx:TrackPointExtension><gpxtpx:hr>141</gpxtpx:hr><gpxtpx:cad>59</gpxtpx:cad><gpxtpx:atemp>11.6</gpxtpx:atemp></gpxtpx:TrackPointExtension></extensions></trkpt>
      <trkpt lat="42.6992583" lon="-71.8977150"><ele>501.6</ele><time>2025-11-22T16:24:45.000Z</time><extensions><gpxtpx:TrackPointExtension><gpxtpx:hr>139</gpxtpx:hr><gpxtpx:cad>59</gpxtpx:cad><gpxtpx:atemp>11.6</gpxtpx:atemp></gpxtpx:TrackPointExtension></extensions></trkpt>
      <trkpt lat="42.6992767" lon="-71.8977033"><ele>501.4</ele><time>2025-11-22T16:24:47.000Z</time><extensions><gpxtpx:TrackPointExtension><gpxtpx:hr>139</gpxtpx:hr><gpxtpx:cad>59</gpxtpx:cad><gpxtpx:atemp>11.6</gpxtpx:atemp></gpxtpx:TrackPointExtension></extensions></trkpt>
      <trkpt lat="42.6992950" lon="-71.8976883"><ele>501.2</ele><time>2025-11-22T16:24:49.000Z</time><extensions><gpxtpx:TrackPointExtension><gpxtpx:hr>138</gpxtpx:hr><gpxtpx:cad>59</gpxtpx:cad><gpxtpx:atemp>11.6</gpxtpx:atemp></gpxtpx:TrackPointExtension></extensions></trkpt>
      <trkpt lat="42.6993067" lon="-71.8976683"><ele>501.0</ele><time>2025-11-22T16:24:51.000Z</time><extensions><gpxtpx:TrackPointExtension><gpxtpx:hr>138</gpxtpx:hr><gpxtpx:cad>55</gpxtpx:cad><gpxtpx:atemp>11.6</gpxtpx:atemp></gpxtpx:TrackPointExtension></extensions></trkpt>
      <trkpt lat="42.6993200" lon="-71.8976867"><ele>500.6</ele><time>2025-11-22T16:24:57.000Z</time><extensions><gpxtpx:TrackPointExtension><gpxtpx:hr>139</gpxtpx:hr><gpxtpx:cad>46</gpxtpx:cad><gpxtpx:atemp>11.6</gpxtpx:atemp></gpxtpx:TrackPointExtension></extensions></trkpt>
      <trkpt lat="42.6993417" lon="-71.8976867"><ele>500.2</ele><time>2025-11-22T16:25:00.000Z</time><extensions><gpxtpx:TrackPointExtension><gpxtpx:hr>138</gpxtpx:hr><gpxtpx:cad>49</gpxtpx:cad><gpxtpx:atemp>11.6</gpxtpx:atemp></gpxtpx:TrackPointExtension></extensions></trkpt>
      <trkpt lat="42.6993600" lon="-71.8976967"><ele>499.8</ele><time>2025-11-22T16:25:04.000Z</time><extensions><gpxtpx:TrackPointExtension><gpxtpx:hr>134</gpxtpx:hr><gpxtpx:cad>49</gpxtpx:cad><gpxtpx:atemp>11.7</gpxtpx:atemp></gpxtpx:TrackPointExtension></extensions></trkpt>
      <trkpt lat="42.6993800" lon="-71.8976883"><ele>499.4</ele><time>2025-11-22T16:25:07.000Z</time><extensions><gpxtpx:TrackPointExtension><gpxtpx:hr>133</gpxtpx:hr><gpxtpx:cad>50</gpxtpx:cad><gpxtpx:atemp>11.7</gpxtpx:atemp></gpxtpx:TrackPointExtension></extensions></trkpt>
      <trkpt lat="42.6994000" lon="-71.8977100"><ele>499.0</ele><time>2025-11-22T16:25:10.000Z</time><extensions><gpxtpx:TrackPointExtension><gpxtpx:hr>132</gpxtpx:hr><gpxtpx:cad>48</gpxtpx:cad><gpxtpx:atemp>11.7</gpxtpx:atemp></gpxtpx:TrackPointExtension></extensions></trkpt>
      <trkpt lat="42.6994133" lon="-71.8977333"><ele>498.8</ele><time>2025-11-22T16:25:12.000Z</time><extensions><gpxtpx:TrackPointExtension><gpxtpx:hr>131</gpxtpx:hr><gpxtpx:cad>51</gpxtpx:cad><gpxtpx:atemp>11.7</gpxtpx:atemp></gpxtpx:TrackPointExtension></extensions></trkpt>
      <trkpt lat="42.6994250" lon="-71.8977500"><ele>498.6</ele><time>2025-11-22T16:25:14.000Z</time><extensions><gpxtpx:TrackPointExtension><gpxtpx:hr>130</gpxtpx:hr><gpxtpx:cad>53</gpxtpx:cad><gpxtpx:atemp>11.7</gpxtpx:atemp></gpxtpx:TrackPointExtension></extensions></trkpt>
      <trkpt lat="42.6994450" lon="-71.8977600"><ele>498.4</ele><time>2025-11-22T16:25:17.000Z</time><extensions><gpxtpx:TrackPointExtension><gpxtpx:hr>131</gpxtpx:hr><gpxtpx:cad>54</gpxtpx:cad><gpxtpx:atemp>11.7</gpxtpx:atemp></gpxtpx:TrackPointExtension></extensions></trkpt>
      <trkpt lat="42.6994667" lon="-71.8977617"><ele>498.2</ele><time>2025-11-22T16:25:20.000Z</time><extensions><gpxtpx:TrackPointExtension><gpxtpx:hr>129</gpxtpx:hr><gpxtpx:cad>54</gpxtpx:cad><gpxtpx:atemp>11.7</gpxtpx:atemp></gpxtpx:TrackPointExtension></extensions></trkpt>
      <trkpt lat="42.6994883" lon="-71.8977667"><ele>498.0</ele><time>2025-11-22T16:25:23.000Z</time><extensions><gpxtpx:TrackPointExtension><gpxtpx:hr>130</gpxtpx:hr><gpxtpx:cad>54</gpxtpx:cad><gpxtpx:atemp>11.8</gpxtpx:atemp></gpxtpx:TrackPointExtension></extensions></trkpt>
      <trkpt lat="42.6995083" lon="-71.8977800"><ele>497.8</ele><time>2025-11-22T16:25:27.000Z</time><extensions><gpxtpx:TrackPointExtension><gpxtpx:hr>127</gpxtpx:hr><gpxtpx:cad>54</gpxtpx:cad><gpxtpx:atemp>11.8</gpxtpx:atemp></gpxtpx:TrackPointExtension></extensions></trkpt>
      <trkpt lat="42.6995267" lon="-71.8978050"><ele>497.4</ele><time>2025-11-22T16:25:31.000Z</time><extensions><gpxtpx:TrackPointExtension><gpxtpx:hr>128</gpxtpx:hr><gpxtpx:cad>55</gpxtpx:cad><gpxtpx:atemp>11.8</gpxtpx:atemp></gpxtpx:TrackPointExtension></extensions></trkpt>
      <trkpt lat="42.6995450" lon="-71.8978233"><ele>497.0</ele><time>2025-11-22T16:25:34.000Z</time><extensions><gpxtpx:TrackPointExtension><gpxtpx:hr>127</gpxtpx:hr><gpxtpx:cad>56</gpxtpx:cad><gpxtpx:atemp>11.8</gpxtpx:atemp></gpxtpx:TrackPointExtension></extensions></trkpt>
      <trkpt lat="42.6995567" lon="-71.8978400"><ele>496.4</ele><time>2025-11-22T16:25:36.000Z</time><extensions><gpxtpx:TrackPointExtension><gpxtpx:hr>127</gpxtpx:hr><gpxtpx:cad>58</gpxtpx:cad><gpxtpx:atemp>11.8</gpxtpx:atemp></gpxtpx:TrackPointExtension></extensions></trkpt>
      <trkpt lat="42.6995717" lon="-71.8978567"><ele>495.6</ele><time>2025-11-22T16:25:39.000Z</time><extensions><gpxtpx:TrackPointExtension><gpxtpx:hr>124</gpxtpx:hr><gpxtpx:cad>62</gpxtpx:cad><gpxtpx:atemp>11.8</gpxtpx:atemp></gpxtpx:TrackPointExtension></extensions></trkpt>
      <trkpt lat="42.6995583" lon="-71.8978750"><ele>494.8</ele><time>2025-11-22T16:25:42.000Z</time><extensions><gpxtpx:TrackPointExtension><gpxtpx:hr>124</gpxtpx:hr><gpxtpx:cad>64</gpxtpx:cad><gpxtpx:atemp>11.8</gpxtpx:atemp></gpxtpx:TrackPointExtension></extensions></trkpt>
      <trkpt lat="42.6995483" lon="-71.8978917"><ele>494.4</ele><time>2025-11-22T16:25:44.000Z</time><extensions><gpxtpx:TrackPointExtension><gpxtpx:hr>124</gpxtpx:hr><gpxtpx:cad>64</gpxtpx:cad><gpxtpx:atemp>11.8</gpxtpx:atemp></gpxtpx:TrackPointExtension></extensions></trkpt>
      <trkpt lat="42.6995267" lon="-71.8979133"><ele>493.8</ele><time>2025-11-22T16:25:47.000Z</time><extensions><gpxtpx:TrackPointExtension><gpxtpx:hr>124</gpxtpx:hr><gpxtpx:cad>64</gpxtpx:cad><gpxtpx:atemp>11.8</gpxtpx:atemp></gpxtpx:TrackPointExtension></extensions></trkpt>
      <trkpt lat="42.6995100" lon="-71.8979250"><ele>493.4</ele><time>2025-11-22T16:25:49.000Z</time><extensions><gpxtpx:TrackPointExtension><gpxtpx:hr>124</gpxtpx:hr><gpxtpx:cad>62</gpxtpx:cad><gpxtpx:atemp>11.8</gpxtpx:atemp></gpxtpx:TrackPointExtension></extensions></trkpt>
      <trkpt lat="42.6994917" lon="-71.8979433"><ele>493.2</ele><time>2025-11-22T16:25:52.000Z</time><extensions><gpxtpx:TrackPointExtension><gpxtpx:hr>122</gpxtpx:hr><gpxtpx:cad>59</gpxtpx:cad><gpxtpx:atemp>11.9</gpxtpx:atemp></gpxtpx:TrackPointExtension></extensions></trkpt>
      <trkpt lat="42.6994683" lon="-71.8979633"><ele>493.0</ele><time>2025-11-22T16:25:54.000Z</time><extensions><gpxtpx:TrackPointExtension><gpxtpx:hr>123</gpxtpx:hr><gpxtpx:cad>58</gpxtpx:cad><gpxtpx:atemp>11.9</gpxtpx:atemp></gpxtpx:TrackPointExtension></extensions></trkpt>
      <trkpt lat="42.6994400" lon="-71.8979767"><ele>493.0</ele><time>2025-11-22T16:25:56.000Z</time><extensions><gpxtpx:TrackPointExtension><gpxtpx:hr>123</gpxtpx:hr><gpxtpx:cad>57</gpxtpx:cad><gpxtpx:atemp>11.9</gpxtpx:atemp></gpxtpx:TrackPointExtension></extensions></trkpt>
      <trkpt lat="42.6994217" lon="-71.8979883"><ele>492.8</ele><time>2025-11-22T16:25:57.000Z</time><extensions><gpxtpx:TrackPointExtension><gpxtpx:hr>123</gpxtpx:hr><gpxtpx:cad>57</gpxtpx:cad><gpxtpx:atemp>11.9</gpxtpx:atemp></gpxtpx:TrackPointExtension></extensions></trkpt>
      <trkpt lat="42.6994000" lon="-71.8980083"><ele>492.6</ele><time>2025-11-22T16:25:59.000Z</time><extensions><gpxtpx:TrackPointExtension><gpxtpx:hr>122</gpxtpx:hr><gpxtpx:cad>63</gpxtpx:cad><gpxtpx:atemp>11.9</gpxtpx:atemp></gpxtpx:TrackPointExtension></extensions></trkpt>
      <trkpt lat="42.6993800" lon="-71.8980217"><ele>492.4</ele><time>2025-11-22T16:26:02.000Z</time><extensions><gpxtpx:TrackPointExtension><gpxtpx:hr>120</gpxtpx:hr><gpxtpx:cad>69</gpxtpx:cad><gpxtpx:atemp>11.9</gpxtpx:atemp></gpxtpx:TrackPointExtension></extensions></trkpt>
      <trkpt lat="42.6993600" lon="-71.8980250"><ele>492.0</ele><time>2025-11-22T16:26:04.000Z</time><extensions><gpxtpx:TrackPointExtension><gpxtpx:hr>121</gpxtpx:hr><gpxtpx:cad>72</gpxtpx:cad><gpxtpx:atemp>11.9</gpxtpx:atemp></gpxtpx:TrackPointExtension></extensions></trkpt>
      <trkpt lat="42.6993400" lon="-71.8980467"><ele>491.8</ele><time>2025-11-22T16:26:06.000Z</time><extensions><gpxtpx:TrackPointExtension><gpxtpx:hr>123</gpxtpx:hr><gpxtpx:cad>74</gpxtpx:cad><gpxtpx:atemp>11.9</gpxtpx:atemp></gpxtpx:TrackPointExtension></extensions></trkpt>
      <trkpt lat="42.6993200" lon="-71.8980700"><ele>491.6</ele><time>2025-11-22T16:26:08.000Z</time><extensions><gpxtpx:TrackPointExtension><gpxtpx:hr>125</gpxtpx:hr><gpxtpx:cad>78</gpxtpx:cad><gpxtpx:atemp>11.9</gpxtpx:atemp></gpxtpx:TrackPointExtension></extensions></trkpt>
      <trkpt lat="42.6993000" lon="-71.8980850"><ele>491.2</ele><time>2025-11-22T16:26:10.000Z</time><extensions><gpxtpx:TrackPointExtension><gpxtpx:hr>122</gpxtpx:hr><gpxtpx:cad>80</gpxtpx:cad><gpxtpx:atemp>11.9</gpxtpx:atemp></gpxtpx:TrackPointExtension></extensions></trkpt>
      <trkpt lat="42.6992967" lon="-71.8981083"><ele>490.8</ele><time>2025-11-22T16:26:13.000Z</time><extensions><gpxtpx:TrackPointExtension><gpxtpx:hr>123</gpxtpx:hr><gpxtpx:cad>80</gpxtpx:cad><gpxtpx:atemp>11.9</gpxtpx:atemp></gpxtpx:TrackPointExtension></extensions></trkpt>
      <trkpt lat="42.6993083" lon="-71.8981317"><ele>490.2</ele><time>2025-11-22T16:26:16.000Z</time><extensions><gpxtpx:TrackPointExtension><gpxtpx:hr>123</gpxtpx:hr><gpxtpx:cad>76</gpxtpx:cad><gpxtpx:atemp>11.9</gpxtpx:atemp></gpxtpx:TrackPointExtension></extensions></trkpt>
      <trkpt lat="42.6993033" lon="-71.8981567"><ele>489.4</ele><time>2025-11-22T16:26:19.000Z</time><extensions><gpxtpx:TrackPointExtension><gpxtpx:hr>125</gpxtpx:hr><gpxtpx:cad>68</gpxtpx:cad><gpxtpx:atemp>11.9</gpxtpx:atemp></gpxtpx:TrackPointExtension></extensions></trkpt>
      <trkpt lat="42.6992833" lon="-71.8981833"><ele>488.6</ele><time>2025-11-22T16:26:22.000Z</time><extensions><gpxtpx:TrackPointExtension><gpxtpx:hr>121</gpxtpx:hr><gpxtpx:cad>65</gpxtpx:cad><gpxtpx:atemp>11.9</gpxtpx:atemp></gpxtpx:TrackPointExtension></extensions></trkpt>
      <trkpt lat="42.6992683" lon="-71.8981967"><ele>488.2</ele><time>2025-11-22T16:26:24.000Z</time><extensions><gpxtpx:TrackPointExtension><gpxtpx:hr>120</gpxtpx:hr><gpxtpx:cad>65</gpxtpx:cad><gpxtpx:atemp>11.9</gpxtpx:atemp></gpxtpx:TrackPointExtension></extensions></trkpt>
      <trkpt lat="42.6992533" lon="-71.8982233"><ele>487.6</ele><time>2025-11-22T16:26:27.000Z</time><extensions><gpxtpx:TrackPointExtension><gpxtpx:hr>120</gpxtpx:hr><gpxtpx:cad>64</gpxtpx:cad><gpxtpx:atemp>11.9</gpxtpx:atemp></gpxtpx:TrackPointExtension></extensions></trkpt>
      <trkpt lat="42.6992517" lon="-71.8982567"><ele>487.0</ele><time>2025-11-22T16:26:30.000Z</time><extensions><gpxtpx:TrackPointExtension><gpxtpx:hr>118</gpxtpx:hr><gpxtpx:cad>51</gpxtpx:cad><gpxtpx:atemp>11.9</gpxtpx:atemp></gpxtpx:TrackPointExtension></extensions></trkpt>
      <trkpt lat="42.6992383" lon="-71.8982867"><ele>486.4</ele><time>2025-11-22T16:26:33.000Z</time><extensions><gpxtpx:TrackPointExtension><gpxtpx:hr>119</gpxtpx:hr><gpxtpx:cad>51</gpxtpx:cad><gpxtpx:atemp>11.9</gpxtpx:atemp></gpxtpx:TrackPointExtension></extensions></trkpt>
      <trkpt lat="42.6992267" lon="-71.8983200"><ele>486.0</ele><time>2025-11-22T16:26:35.000Z</time><extensions><gpxtpx:TrackPointExtension><gpxtpx:hr>119</gpxtpx:hr><gpxtpx:cad>57</gpxtpx:cad><gpxtpx:atemp>11.9</gpxtpx:atemp></gpxtpx:TrackPointExtension></extensions></trkpt>
      <trkpt lat="42.6992100" lon="-71.8983450"><ele>485.6</ele><time>2025-11-22T16:26:37.000Z</time><extensions><gpxtpx:TrackPointExtension><gpxtpx:hr>119</gpxtpx:hr><gpxtpx:cad>66</gpxtpx:cad><gpxtpx:atemp>11.9</gpxtpx:atemp></gpxtpx:TrackPointExtension></extensions></trkpt>
      <trkpt lat="42.6992133" lon="-71.8983733"><ele>484.8</ele><time>2025-11-22T16:26:40.000Z</time><extensions><gpxtpx:TrackPointExtension><gpxtpx:hr>119</gpxtpx:hr><gpxtpx:cad>65</gpxtpx:cad><gpxtpx:atemp>11.9</gpxtpx:atemp></gpxtpx:TrackPointExtension></extensions></trkpt>
      <trkpt lat="42.6992050" lon="-71.8983967"><ele>484.4</ele><time>2025-11-22T16:26:42.000Z</time><extensions><gpxtpx:TrackPointExtension><gpxtpx:hr>120</gpxtpx:hr><gpxtpx:cad>65</gpxtpx:cad><gpxtpx:atemp>11.9</gpxtpx:atemp></gpxtpx:TrackPointExtension></extensions></trkpt>
      <trkpt lat="42.6991983" lon="-71.8984267"><ele>483.8</ele><time>2025-11-22T16:26:44.000Z</time><extensions><gpxtpx:TrackPointExtension><gpxtpx:hr>121</gpxtpx:hr><gpxtpx:cad>65</gpxtpx:cad><gpxtpx:atemp>11.8</gpxtpx:atemp></gpxtpx:TrackPointExtension></extensions></trkpt>
      <trkpt lat="42.6991883" lon="-71.8984550"><ele>483.4</ele><time>2025-11-22T16:26:46.000Z</time><extensions><gpxtpx:TrackPointExtension><gpxtpx:hr>120</gpxtpx:hr><gpxtpx:cad>64</gpxtpx:cad><gpxtpx:atemp>11.9</gpxtpx:atemp></gpxtpx:TrackPointExtension></extensions></trkpt>
      <trkpt lat="42.6991783" lon="-71.8984800"><ele>483.0</ele><time>2025-11-22T16:26:48.000Z</time><extensions><gpxtpx:TrackPointExtension><gpxtpx:hr>118</gpxtpx:hr><gpxtpx:cad>71</gpxtpx:cad><gpxtpx:atemp>11.8</gpxtpx:atemp></gpxtpx:TrackPointExtension></extensions></trkpt>
      <trkpt lat="42.6991683" lon="-71.8985167"><ele>482.6</ele><time>2025-11-22T16:26:50.000Z</time><extensions><gpxtpx:TrackPointExtension><gpxtpx:hr>120</gpxtpx:hr><gpxtpx:cad>78</gpxtpx:cad><gpxtpx:atemp>11.8</gpxtpx:atemp></gpxtpx:TrackPointExtension></extensions></trkpt>
      <trkpt lat="42.6991633" lon="-71.8985500"><ele>482.4</ele><time>2025-11-22T16:26:52.000Z</time><extensions><gpxtpx:TrackPointExtension><gpxtpx:hr>119</gpxtpx:hr><gpxtpx:cad>81</gpxtpx:cad><gpxtpx:atemp>11.8</gpxtpx:atemp></gpxtpx:TrackPointExtension></extensions></trkpt>
      <trkpt lat="42.6991567" lon="-71.8985733"><ele>482.2</ele><time>2025-11-22T16:26:53.000Z</time><extensions><gpxtpx:TrackPointExtension><gpxtpx:hr>121</gpxtpx:hr><gpxtpx:cad>81</gpxtpx:cad><gpxtpx:atemp>11.8</gpxtpx:atemp></gpxtpx:TrackPointExtension></extensions></trkpt>
      <trkpt lat="42.6991483" lon="-71.8986100"><ele>481.8</ele><time>2025-11-22T16:26:55.000Z</time><extensions><gpxtpx:TrackPointExtension><gpxtpx:hr>123</gpxtpx:hr><gpxtpx:cad>81</gpxtpx:cad><gpxtpx:atemp>11.8</gpxtpx:atemp></gpxtpx:TrackPointExtension></extensions></trkpt>
      <trkpt lat="42.6991433" lon="-71.8986450"><ele>481.2</ele><time>2025-11-22T16:26:57.000Z</time><extensions><gpxtpx:TrackPointExtension><gpxtpx:hr>125</gpxtpx:hr><gpxtpx:cad>81</gpxtpx:cad><gpxtpx:atemp>11.8</gpxtpx:atemp></gpxtpx:TrackPointExtension></extensions></trkpt>
      <trkpt lat="42.6991517" lon="-71.8986800"><ele>480.8</ele><time>2025-11-22T16:26:59.000Z</time><extensions><gpxtpx:TrackPointExtension><gpxtpx:hr>124</gpxtpx:hr><gpxtpx:cad>81</gpxtpx:cad><gpxtpx:atemp>11.8</gpxtpx:atemp></gpxtpx:TrackPointExtension></extensions></trkpt>
      <trkpt lat="42.6991467" lon="-71.8987033"><ele>480.2</ele><time>2025-11-22T16:27:01.000Z</time><extensions><gpxtpx:TrackPointExtension><gpxtpx:hr>124</gpxtpx:hr><gpxtpx:cad>78</gpxtpx:cad><gpxtpx:atemp>11.8</gpxtpx:atemp></gpxtpx:TrackPointExtension></extensions></trkpt>
      <trkpt lat="42.6991400" lon="-71.8987317"><ele>479.6</ele><time>2025-11-22T16:27:03.000Z</time><extensions><gpxtpx:TrackPointExtension><gpxtpx:hr>125</gpxtpx:hr><gpxtpx:cad>75</gpxtpx:cad><gpxtpx:atemp>11.8</gpxtpx:atemp></gpxtpx:TrackPointExtension></extensions></trkpt>
      <trkpt lat="42.6991300" lon="-71.8987633"><ele>478.8</ele><time>2025-11-22T16:27:06.000Z</time><extensions><gpxtpx:TrackPointExtension><gpxtpx:hr>123</gpxtpx:hr><gpxtpx:cad>66</gpxtpx:cad><gpxtpx:atemp>11.8</gpxtpx:atemp></gpxtpx:TrackPointExtension></extensions></trkpt>
      <trkpt lat="42.6991317" lon="-71.8987867"><ele>478.2</ele><time>2025-11-22T16:27:08.000Z</time><extensions><gpxtpx:TrackPointExtension><gpxtpx:hr>122</gpxtpx:hr><gpxtpx:cad>60</gpxtpx:cad><gpxtpx:atemp>11.8</gpxtpx:atemp></gpxtpx:TrackPointExtension></extensions></trkpt>
      <trkpt lat="42.6991300" lon="-71.8988217"><ele>477.6</ele><time>2025-11-22T16:27:11.000Z</time><extensions><gpxtpx:TrackPointExtension><gpxtpx:hr>121</gpxtpx:hr><gpxtpx:cad>59</gpxtpx:cad><gpxtpx:atemp>11.8</gpxtpx:atemp></gpxtpx:TrackPointExtension></extensions></trkpt>
      <trkpt lat="42.6991367" lon="-71.8988433"><ele>477.2</ele><time>2025-11-22T16:27:13.000Z</time><extensions><gpxtpx:TrackPointExtension><gpxtpx:hr>120</gpxtpx:hr><gpxtpx:cad>59</gpxtpx:cad><gpxtpx:atemp>11.8</gpxtpx:atemp></gpxtpx:TrackPointExtension></extensions></trkpt>
      <trkpt lat="42.6991367" lon="-71.8988783"><ele>476.6</ele><time>2025-11-22T16:27:16.000Z</time><extensions><gpxtpx:TrackPointExtension><gpxtpx:hr>120</gpxtpx:hr><gpxtpx:cad>61</gpxtpx:cad><gpxtpx:atemp>11.8</gpxtpx:atemp></gpxtpx:TrackPointExtension></extensions></trkpt>
      <trkpt lat="42.6991333" lon="-71.8989067"><ele>476.2</ele><time>2025-11-22T16:27:18.000Z</time><extensions><gpxtpx:TrackPointExtension><gpxtpx:hr>120</gpxtpx:hr><gpxtpx:cad>62</gpxtpx:cad><gpxtpx:atemp>11.8</gpxtpx:atemp></gpxtpx:TrackPointExtension></extensions></trkpt>
      <trkpt lat="42.6991317" lon="-71.8989383"><ele>476.0</ele><time>2025-11-22T16:27:20.000Z</time><extensions><gpxtpx:TrackPointExtension><gpxtpx:hr>121</gpxtpx:hr><gpxtpx:cad>64</gpxtpx:cad><gpxtpx:atemp>11.8</gpxtpx:atemp></gpxtpx:TrackPointExtension></extensions></trkpt>
      <trkpt lat="42.6991350" lon="-71.8989683"><ele>475.6</ele><time>2025-11-22T16:27:22.000Z</time><extensions><gpxtpx:TrackPointExtension><gpxtpx:hr>121</gpxtpx:hr><gpxtpx:cad>63</gpxtpx:cad><gpxtpx:atemp>11.8</gpxtpx:atemp></gpxtpx:TrackPointExtension></extensions></trkpt>
      <trkpt lat="42.6991483" lon="-71.8990017"><ele>475.4</ele><time>2025-11-22T16:27:24.000Z</time><extensions><gpxtpx:TrackPointExtension><gpxtpx:hr>120</gpxtpx:hr><gpxtpx:cad>63</gpxtpx:cad><gpxtpx:atemp>11.8</gpxtpx:atemp></gpxtpx:TrackPointExtension></extensions></trkpt>
      <trkpt lat="42.6991633" lon="-71.8990300"><ele>475.2</ele><time>2025-11-22T16:27:26.000Z</time><extensions><gpxtpx:TrackPointExtension><gpxtpx:hr>123</gpxtpx:hr><gpxtpx:cad>61</gpxtpx:cad><gpxtpx:atemp>11.8</gpxtpx:atemp></gpxtpx:TrackPointExtension></extensions></trkpt>
      <trkpt lat="42.6991600" lon="-71.8990650"><ele>474.8</ele><time>2025-11-22T16:27:29.000Z</time><extensions><gpxtpx:TrackPointExtension><gpxtpx:hr>119</gpxtpx:hr><gpxtpx:cad>60</gpxtpx:cad><gpxtpx:atemp>11.8</gpxtpx:atemp></gpxtpx:TrackPointExtension></extensions></trkpt>
      <trkpt lat="42.6991550" lon="-71.8991000"><ele>474.4</ele><time>2025-11-22T16:27:32.000Z</time><extensions><gpxtpx:TrackPointExtension><gpxtpx:hr>119</gpxtpx:hr><gpxtpx:cad>59</gpxtpx:cad><gpxtpx:atemp>11.8</gpxtpx:atemp></gpxtpx:TrackPointExtension></extensions></trkpt>
      <trkpt lat="42.6991433" lon="-71.8991300"><ele>474.0</ele><time>2025-11-22T16:27:34.000Z</time><extensions><gpxtpx:TrackPointExtension><gpxtpx:hr>118</gpxtpx:hr><gpxtpx:cad>60</gpxtpx:cad><gpxtpx:atemp>11.8</gpxtpx:atemp></gpxtpx:TrackPointExtension></extensions></trkpt>
      <trkpt lat="42.6991383" lon="-71.8991533"><ele>473.6</ele><time>2025-11-22T16:27:36.000Z</time><extensions><gpxtpx:TrackPointExtension><gpxtpx:hr>118</gpxtpx:hr><gpxtpx:cad>60</gpxtpx:cad><gpxtpx:atemp>11.8</gpxtpx:atemp></gpxtpx:TrackPointExtension></extensions></trkpt>
      <trkpt lat="42.6991417" lon="-71.8991800"><ele>472.8</ele><time>2025-11-22T16:27:39.000Z</time><extensions><gpxtpx:TrackPointExtension><gpxtpx:hr>118</gpxtpx:hr><gpxtpx:cad>60</gpxtpx:cad><gpxtpx:atemp>11.8</gpxtpx:atemp></gpxtpx:TrackPointExtension></extensions></trkpt>
      <trkpt lat="42.6991350" lon="-71.8992050"><ele>472.2</ele><time>2025-11-22T16:27:41.000Z</time><extensions><gpxtpx:TrackPointExtension><gpxtpx:hr>117</gpxtpx:hr><gpxtpx:cad>60</gpxtpx:cad><gpxtpx:atemp>11.7</gpxtpx:atemp></gpxtpx:TrackPointExtension></extensions></trkpt>
      <trkpt lat="42.6991333" lon="-71.8992350"><ele>471.8</ele><time>2025-11-22T16:27:43.000Z</time><extensions><gpxtpx:TrackPointExtension><gpxtpx:hr>116</gpxtpx:hr><gpxtpx:cad>61</gpxtpx:cad><gpxtpx:atemp>11.8</gpxtpx:atemp></gpxtpx:TrackPointExtension></extensions></trkpt>
      <trkpt lat="42.6991283" lon="-71.8992583"><ele>471.4</ele><time>2025-11-22T16:27:45.000Z</time><extensions><gpxtpx:TrackPointExtension><gpxtpx:hr>119</gpxtpx:hr><gpxtpx:cad>61</gpxtpx:cad><gpxtpx:atemp>11.8</gpxtpx:atemp></gpxtpx:TrackPointExtension></extensions></trkpt>
      <trkpt lat="42.6991267" lon="-71.8992833"><ele>471.0</ele><time>2025-11-22T16:27:47.000Z</time><extensions><gpxtpx:TrackPointExtension><gpxtpx:hr>118</gpxtpx:hr><gpxtpx:cad>62</gpxtpx:cad><gpxtpx:atemp>11.7</gpxtpx:atemp></gpxtpx:TrackPointExtension></extensions></trkpt>
      <trkpt lat="42.6991300" lon="-71.8993083"><ele>470.6</ele><time>2025-11-22T16:27:49.000Z</time><extensions><gpxtpx:TrackPointExtension><gpxtpx:hr>118</gpxtpx:hr><gpxtpx:cad>62</gpxtpx:cad><gpxtpx:atemp>11.7</gpxtpx:atemp></gpxtpx:TrackPointExtension></extensions></trkpt>
      <trkpt lat="42.6991367" lon="-71.8993300"><ele>470.2</ele><time>2025-11-22T16:27:51.000Z</time><extensions><gpxtpx:TrackPointExtension><gpxtpx:hr>118</gpxtpx:hr><gpxtpx:cad>62</gpxtpx:cad><gpxtpx:atemp>11.7</gpxtpx:atemp></gpxtpx:TrackPointExtension></extensions></trkpt>
      <trkpt lat="42.6991467" lon="-71.8993600"><ele>469.6</ele><time>2025-11-22T16:27:54.000Z</time><extensions><gpxtpx:TrackPointExtension><gpxtpx:hr>120</gpxtpx:hr><gpxtpx:cad>60</gpxtpx:cad><gpxtpx:atemp>11.7</gpxtpx:atemp></gpxtpx:TrackPointExtension></extensions></trkpt>
      <trkpt lat="42.6991517" lon="-71.8993850"><ele>469.2</ele><time>2025-11-22T16:27:56.000Z</time><extensions><gpxtpx:TrackPointExtension><gpxtpx:hr>121</gpxtpx:hr><gpxtpx:cad>60</gpxtpx:cad><gpxtpx:atemp>11.7</gpxtpx:atemp></gpxtpx:TrackPointExtension></extensions></trkpt>
      <trkpt lat="42.6991650" lon="-71.8994033"><ele>468.6</ele><time>2025-11-22T16:27:58.000Z</time><extensions><gpxtpx:TrackPointExtension><gpxtpx:hr>118</gpxtpx:hr><gpxtpx:cad>60</gpxtpx:cad><gpxtpx:atemp>11.7</gpxtpx:atemp></gpxtpx:TrackPointExtension></extensions></trkpt>
      <trkpt lat="42.6991717" lon="-71.8994350"><ele>468.0</ele><time>2025-11-22T16:28:01.000Z</time><extensions><gpxtpx:TrackPointExtension><gpxtpx:hr>120</gpxtpx:hr><gpxtpx:cad>55</gpxtpx:cad><gpxtpx:atemp>11.7</gpxtpx:atemp></gpxtpx:TrackPointExtension></extensions></trkpt>
      <trkpt lat="42.6991733" lon="-71.8994600"><ele>467.6</ele><time>2025-11-22T16:28:03.000Z</time><extensions><gpxtpx:TrackPointExtension><gpxtpx:hr>120</gpxtpx:hr><gpxtpx:cad>63</gpxtpx:cad><gpxtpx:atemp>11.7</gpxtpx:atemp></gpxtpx:TrackPointExtension></extensions></trkpt>
      <trkpt lat="42.6991683" lon="-71.8994867"><ele>467.4</ele><time>2025-11-22T16:28:05.000Z</time><extensions><gpxtpx:TrackPointExtension><gpxtpx:hr>120</gpxtpx:hr><gpxtpx:cad>63</gpxtpx:cad><gpxtpx:atemp>11.7</gpxtpx:atemp></gpxtpx:TrackPointExtension></extensions></trkpt>
      <trkpt lat="42.6991533" lon="-71.8995117"><ele>467.0</ele><time>2025-11-22T16:28:08.000Z</time><extensions><gpxtpx:TrackPointExtension><gpxtpx:hr>117</gpxtpx:hr><gpxtpx:cad>77</gpxtpx:cad><gpxtpx:atemp>11.7</gpxtpx:atemp></gpxtpx:TrackPointExtension></extensions></trkpt>
      <trkpt lat="42.6991350" lon="-71.8995267"><ele>466.6</ele><time>2025-11-22T16:28:11.000Z</time><extensions><gpxtpx:TrackPointExtension><gpxtpx:hr>118</gpxtpx:hr><gpxtpx:cad>62</gpxtpx:cad><gpxtpx:atemp>11.7</gpxtpx:atemp></gpxtpx:TrackPointExtension></extensions></trkpt>
      <trkpt lat="42.6991133" lon="-71.8995400"><ele>466.2</ele><time>2025-11-22T16:28:14.000Z</time><extensions><gpxtpx:TrackPointExtension><gpxtpx:hr>118</gpxtpx:hr><gpxtpx:cad>63</gpxtpx:cad><gpxtpx:atemp>11.7</gpxtpx:atemp></gpxtpx:TrackPointExtension></extensions></trkpt>
      <trkpt lat="42.6991083" lon="-71.8995700"><ele>465.2</ele><time>2025-11-22T16:28:18.000Z</time><extensions><gpxtpx:TrackPointExtension><gpxtpx:hr>116</gpxtpx:hr><gpxtpx:cad>54</gpxtpx:cad><gpxtpx:atemp>11.7</gpxtpx:atemp></gpxtpx:TrackPointExtension></extensions></trkpt>
      <trkpt lat="42.6991033" lon="-71.8995983"><ele>463.8</ele><time>2025-11-22T16:28:22.000Z</time><extensions><gpxtpx:TrackPointExtension><gpxtpx:hr>116</gpxtpx:hr><gpxtpx:cad>54</gpxtpx:cad><gpxtpx:atemp>11.7</gpxtpx:atemp></gpxtpx:TrackPointExtension></extensions></trkpt>
      <trkpt lat="42.6990950" lon="-71.8996217"><ele>462.6</ele><time>2025-11-22T16:28:25.000Z</time><extensions><gpxtpx:TrackPointExtension><gpxtpx:hr>117</gpxtpx:hr><gpxtpx:cad>53</gpxtpx:cad><gpxtpx:atemp>11.7</gpxtpx:atemp></gpxtpx:TrackPointExtension></extensions></trkpt>
      <trkpt lat="42.6990917" lon="-71.8996450"><ele>461.4</ele><time>2025-11-22T16:28:28.000Z</time><extensions><gpxtpx:TrackPointExtension><gpxtpx:hr>116</gpxtpx:hr><gpxtpx:cad>52</gpxtpx:cad><gpxtpx:atemp>11.7</gpxtpx:atemp></gpxtpx:TrackPointExtension></extensions></trkpt>
      <trkpt lat="42.6990867" lon="-71.8996700"><ele>460.4</ele><time>2025-11-22T16:28:31.000Z</time><extensions><gpxtpx:TrackPointExtension><gpxtpx:hr>117</gpxtpx:hr><gpxtpx:cad>52</gpxtpx:cad><gpxtpx:atemp>11.7</gpxtpx:atemp></gpxtpx:TrackPointExtension></extensions></trkpt>
      <trkpt lat="42.6990733" lon="-71.8996950"><ele>459.8</ele><time>2025-11-22T16:28:33.000Z</time><extensions><gpxtpx:TrackPointExtension><gpxtpx:hr>118</gpxtpx:hr><gpxtpx:cad>56</gpxtpx:cad><gpxtpx:atemp>11.6</gpxtpx:atemp></gpxtpx:TrackPointExtension></extensions></trkpt>
      <trkpt lat="42.6990633" lon="-71.8997150"><ele>459.2</ele><time>2025-11-22T16:28:35.000Z</time><extensions><gpxtpx:TrackPointExtension><gpxtpx:hr>119</gpxtpx:hr><gpxtpx:cad>56</gpxtpx:cad><gpxtpx:atemp>11.6</gpxtpx:atemp></gpxtpx:TrackPointExtension></extensions></trkpt>
      <trkpt lat="42.6990433" lon="-71.8997350"><ele>458.6</ele><time>2025-11-22T16:28:37.000Z</time><extensions><gpxtpx:TrackPointExtension><gpxtpx:hr>119</gpxtpx:hr><gpxtpx:cad>56</gpxtpx:cad><gpxtpx:atemp>11.6</gpxtpx:atemp></gpxtpx:TrackPointExtension></extensions></trkpt>
      <trkpt lat="42.6990267" lon="-71.8997583"><ele>458.2</ele><time>2025-11-22T16:28:39.000Z</time><extensions><gpxtpx:TrackPointExtension><gpxtpx:hr>119</gpxtpx:hr><gpxtpx:cad>56</gpxtpx:cad><gpxtpx:atemp>11.6</gpxtpx:atemp></gpxtpx:TrackPointExtension></extensions></trkpt>
      <trkpt lat="42.6990200" lon="-71.8997833"><ele>457.8</ele><time>2025-11-22T16:28:41.000Z</time><extensions><gpxtpx:TrackPointExtension><gpxtpx:hr>120</gpxtpx:hr><gpxtpx:cad>56</gpxtpx:cad><gpxtpx:atemp>11.6</gpxtpx:atemp></gpxtpx:TrackPointExtension></extensions></trkpt>
      <trkpt lat="42.6990183" lon="-71.8998167"><ele>457.4</ele><time>2025-11-22T16:28:44.000Z</time><extensions><gpxtpx:TrackPointExtension><gpxtpx:hr>119</gpxtpx:hr><gpxtpx:cad>56</gpxtpx:cad><gpxtpx:atemp>11.6</gpxtpx:atemp></gpxtpx:TrackPointExtension></extensions></trkpt>
      <trkpt lat="42.6990117" lon="-71.8998483"><ele>456.6</ele><time>2025-11-22T16:28:47.000Z</time><extensions><gpxtpx:TrackPointExtension><gpxtpx:hr>117</gpxtpx:hr><gpxtpx:cad>65</gpxtpx:cad><gpxtpx:atemp>11.6</gpxtpx:atemp></gpxtpx:TrackPointExtension></extensions></trkpt>
      <trkpt lat="42.6990033" lon="-71.8998783"><ele>455.8</ele><time>2025-11-22T16:28:50.000Z</time><extensions><gpxtpx:TrackPointExtension><gpxtpx:hr>118</gpxtpx:hr><gpxtpx:cad>67</gpxtpx:cad><gpxtpx:atemp>11.6</gpxtpx:atemp></gpxtpx:TrackPointExtension></extensions></trkpt>
      <trkpt lat="42.6989933" lon="-71.8999017"><ele>455.4</ele><time>2025-11-22T16:28:52.000Z</time><extensions><gpxtpx:TrackPointExtension><gpxtpx:hr>119</gpxtpx:hr><gpxtpx:cad>67</gpxtpx:cad><gpxtpx:atemp>11.6</gpxtpx:atemp></gpxtpx:TrackPointExtension></extensions></trkpt>
      <trkpt lat="42.6989783" lon="-71.8999200"><ele>454.8</ele><time>2025-11-22T16:28:54.000Z</time><extensions><gpxtpx:TrackPointExtension><gpxtpx:hr>119</gpxtpx:hr><gpxtpx:cad>68</gpxtpx:cad><gpxtpx:atemp>11.6</gpxtpx:atemp></gpxtpx:TrackPointExtension></extensions></trkpt>
      <trkpt lat="42.6989650" lon="-71.8999367"><ele>454.4</ele><time>2025-11-22T16:28:56.000Z</time><extensions><gpxtpx:TrackPointExtension><gpxtpx:hr>120</gpxtpx:hr><gpxtpx:cad>71</gpxtpx:cad><gpxtpx:atemp>11.6</gpxtpx:atemp></gpxtpx:TrackPointExtension></extensions></trkpt>
      <trkpt lat="42.6989550" lon="-71.8999667"><ele>453.4</ele><time>2025-11-22T16:28:59.000Z</time><extensions><gpxtpx:TrackPointExtension><gpxtpx:hr>121</gpxtpx:hr><gpxtpx:cad>71</gpxtpx:cad><gpxtpx:atemp>11.6</gpxtpx:atemp></gpxtpx:TrackPointExtension></extensions></trkpt>
      <trkpt lat="42.6989617" lon="-71.9000000"><ele>452.4</ele><time>2025-11-22T16:29:02.000Z</time><extensions><gpxtpx:TrackPointExtension><gpxtpx:hr>119</gpxtpx:hr><gpxtpx:cad>65</gpxtpx:cad><gpxtpx:atemp>11.6</gpxtpx:atemp></gpxtpx:TrackPointExtension></extensions></trkpt>
      <trkpt lat="42.6989683" lon="-71.9000233"><ele>451.8</ele><time>2025-11-22T16:29:04.000Z</time><extensions><gpxtpx:TrackPointExtension><gpxtpx:hr>121</gpxtpx:hr><gpxtpx:cad>64</gpxtpx:cad><gpxtpx:atemp>11.6</gpxtpx:atemp></gpxtpx:TrackPointExtension></extensions></trkpt>
      <trkpt lat="42.6989683" lon="-71.9000600"><ele>451.0</ele><time>2025-11-22T16:29:07.000Z</time><extensions><gpxtpx:TrackPointExtension><gpxtpx:hr>117</gpxtpx:hr><gpxtpx:cad>63</gpxtpx:cad><gpxtpx:atemp>11.6</gpxtpx:atemp></gpxtpx:TrackPointExtension></extensions></trkpt>
      <trkpt lat="42.6989650" lon="-71.9000867"><ele>450.4</ele><time>2025-11-22T16:29:09.000Z</time><extensions><gpxtpx:TrackPointExtension><gpxtpx:hr>116</gpxtpx:hr><gpxtpx:cad>58</gpxtpx:cad><gpxtpx:atemp>11.6</gpxtpx:atemp></gpxtpx:TrackPointExtension></extensions></trkpt>
      <trkpt lat="42.6989617" lon="-71.9001233"><ele>449.8</ele><time>2025-11-22T16:29:12.000Z</time><extensions><gpxtpx:TrackPointExtension><gpxtpx:hr>118</gpxtpx:hr><gpxtpx:cad>55</gpxtpx:cad><gpxtpx:atemp>11.6</gpxtpx:atemp></gpxtpx:TrackPointExtension></extensions></trkpt>
      <trkpt lat="42.6989467" lon="-71.9001450"><ele>449.2</ele><time>2025-11-22T16:29:14.000Z</time><extensions><gpxtpx:TrackPointExtension><gpxtpx:hr>118</gpxtpx:hr><gpxtpx:cad>55</gpxtpx:cad><gpxtpx:atemp>11.6</gpxtpx:atemp></gpxtpx:TrackPointExtension></extensions></trkpt>
      <trkpt lat="42.6989400" lon="-71.9001783"><ele>448.8</ele><time>2025-11-22T16:29:16.000Z</time><extensions><gpxtpx:TrackPointExtension><gpxtpx:hr>119</gpxtpx:hr><gpxtpx:cad>55</gpxtpx:cad><gpxtpx:atemp>11.6</gpxtpx:atemp></gpxtpx:TrackPointExtension></extensions></trkpt>
      <trkpt lat="42.6989233" lon="-71.9002033"><ele>448.2</ele><time>2025-11-22T16:29:18.000Z</time><extensions><gpxtpx:TrackPointExtension><gpxtpx:hr>119</gpxtpx:hr><gpxtpx:cad>73</gpxtpx:cad><gpxtpx:atemp>11.5</gpxtpx:atemp></gpxtpx:TrackPointExtension></extensions></trkpt>
      <trkpt lat="42.6989117" lon="-71.9002350"><ele>447.8</ele><time>2025-11-22T16:29:20.000Z</time><extensions><gpxtpx:TrackPointExtension><gpxtpx:hr>121</gpxtpx:hr><gpxtpx:cad>77</gpxtpx:cad><gpxtpx:atemp>11.6</gpxtpx:atemp></gpxtpx:TrackPointExtension></extensions></trkpt>
      <trkpt lat="42.6989033" lon="-71.9002600"><ele>447.4</ele><time>2025-11-22T16:29:22.000Z</time><extensions><gpxtpx:TrackPointExtension><gpxtpx:hr>122</gpxtpx:hr><gpxtpx:cad>78</gpxtpx:cad><gpxtpx:atemp>11.6</gpxtpx:atemp></gpxtpx:TrackPointExtension></extensions></trkpt>
      <trkpt lat="42.6988950" lon="-71.9002883"><ele>446.6</ele><time>2025-11-22T16:29:25.000Z</time><extensions><gpxtpx:TrackPointExtension><gpxtpx:hr>120</gpxtpx:hr><gpxtpx:cad>70</gpxtpx:cad><gpxtpx:atemp>11.6</gpxtpx:atemp></gpxtpx:TrackPointExtension></extensions></trkpt>
      <trkpt lat="42.6988917" lon="-71.9003200"><ele>445.6</ele><time>2025-11-22T16:29:29.000Z</time><extensions><gpxtpx:TrackPointExtension><gpxtpx:hr>117</gpxtpx:hr><gpxtpx:cad>68</gpxtpx:cad><gpxtpx:atemp>11.6</gpxtpx:atemp></gpxtpx:TrackPointExtension></extensions></trkpt>
      <trkpt lat="42.6988883" lon="-71.9003500"><ele>444.8</ele><time>2025-11-22T16:29:32.000Z</time><extensions><gpxtpx:TrackPointExtension><gpxtpx:hr>117</gpxtpx:hr><gpxtpx:cad>64</gpxtpx:cad><gpxtpx:atemp>11.6</gpxtpx:atemp></gpxtpx:TrackPointExtension></extensions></trkpt>
      <trkpt lat="42.6988683" lon="-71.9003633"><ele>443.6</ele><time>2025-11-22T16:29:36.000Z</time><extensions><gpxtpx:TrackPointExtension><gpxtpx:hr>116</gpxtpx:hr><gpxtpx:cad>64</gpxtpx:cad><gpxtpx:atemp>11.6</gpxtpx:atemp></gpxtpx:TrackPointExtension></extensions></trkpt>
      <trkpt lat="42.6988617" lon="-71.9003900"><ele>442.6</ele><time>2025-11-22T16:29:39.000Z</time><extensions><gpxtpx:TrackPointExtension><gpxtpx:hr>118</gpxtpx:hr><gpxtpx:cad>61</gpxtpx:cad><gpxtpx:atemp>11.7</gpxtpx:atemp></gpxtpx:TrackPointExtension></extensions></trkpt>
      <trkpt lat="42.6988617" lon="-71.9004167"><ele>442.0</ele><time>2025-11-22T16:29:41.000Z</time><extensions><gpxtpx:TrackPointExtension><gpxtpx:hr>117</gpxtpx:hr><gpxtpx:cad>62</gpxtpx:cad><gpxtpx:atemp>11.7</gpxtpx:atemp></gpxtpx:TrackPointExtension></extensions></trkpt>
      <trkpt lat="42.6988583" lon="-71.9004433"><ele>441.2</ele><time>2025-11-22T16:29:44.000Z</time><extensions><gpxtpx:TrackPointExtension><gpxtpx:hr>118</gpxtpx:hr><gpxtpx:cad>57</gpxtpx:cad><gpxtpx:atemp>11.7</gpxtpx:atemp></gpxtpx:TrackPointExtension></extensions></trkpt>
      <trkpt lat="42.6988567" lon="-71.9004700"><ele>440.6</ele><time>2025-11-22T16:29:47.000Z</time><extensions><gpxtpx:TrackPointExtension><gpxtpx:hr>117</gpxtpx:hr><gpxtpx:cad>57</gpxtpx:cad><gpxtpx:atemp>11.7</gpxtpx:atemp></gpxtpx:TrackPointExtension></extensions></trkpt>
      <trkpt lat="42.6988533" lon="-71.9005000"><ele>440.0</ele><time>2025-11-22T16:29:49.000Z</time><extensions><gpxtpx:TrackPointExtension><gpxtpx:hr>118</gpxtpx:hr><gpxtpx:cad>50</gpxtpx:cad><gpxtpx:atemp>11.7</gpxtpx:atemp></gpxtpx:TrackPointExtension></extensions></trkpt>
      <trkpt lat="42.6988517" lon="-71.9005267"><ele>439.6</ele><time>2025-11-22T16:29:51.000Z</time><extensions><gpxtpx:TrackPointExtension><gpxtpx:hr>118</gpxtpx:hr><gpxtpx:cad>50</gpxtpx:cad><gpxtpx:atemp>11.7</gpxtpx:atemp></gpxtpx:TrackPointExtension></extensions></trkpt>
      <trkpt lat="42.6988633" lon="-71.9005450"><ele>439.0</ele><time>2025-11-22T16:29:53.000Z</time><extensions><gpxtpx:TrackPointExtension><gpxtpx:hr>117</gpxtpx:hr><gpxtpx:cad>56</gpxtpx:cad><gpxtpx:atemp>11.7</gpxtpx:atemp></gpxtpx:TrackPointExtension></extensions></trkpt>
      <trkpt lat="42.6988817" lon="-71.9005700"><ele>438.2</ele><time>2025-11-22T16:29:56.000Z</time><extensions><gpxtpx:TrackPointExtension><gpxtpx:hr>119</gpxtpx:hr><gpxtpx:cad>60</gpxtpx:cad><gpxtpx:atemp>11.7</gpxtpx:atemp></gpxtpx:TrackPointExtension></extensions></trkpt>
      <trkpt lat="42.6988933" lon="-71.9005967"><ele>437.8</ele><time>2025-11-22T16:29:58.000Z</time><extensions><gpxtpx:TrackPointExtension><gpxtpx:hr>118</gpxtpx:hr><gpxtpx:cad>61</gpxtpx:cad><gpxtpx:atemp>11.7</gpxtpx:atemp></gpxtpx:TrackPointExtension></extensions></trkpt>
      <trkpt lat="42.6989083" lon="-71.9006100"><ele>437.2</ele><time>2025-11-22T16:30:00.000Z</time><extensions><gpxtpx:TrackPointExtension><gpxtpx:hr>119</gpxtpx:hr><gpxtpx:cad>61</gpxtpx:cad><gpxtpx:atemp>11.7</gpxtpx:atemp></gpxtpx:TrackPointExtension></extensions></trkpt>
      <trkpt lat="42.6989183" lon="-71.9006367"><ele>436.8</ele><time>2025-11-22T16:30:02.000Z</time><extensions><gpxtpx:TrackPointExtension><gpxtpx:hr>118</gpxtpx:hr><gpxtpx:cad>61</gpxtpx:cad><gpxtpx:atemp>11.7</gpxtpx:atemp></gpxtpx:TrackPointExtension></extensions></trkpt>
      <trkpt lat="42.6989250" lon="-71.9006600"><ele>436.4</ele><time>2025-11-22T16:30:04.000Z</time><extensions><gpxtpx:TrackPointExtension><gpxtpx:hr>118</gpxtpx:hr><gpxtpx:cad>61</gpxtpx:cad><gpxtpx:atemp>11.7</gpxtpx:atemp></gpxtpx:TrackPointExtension></extensions></trkpt>
      <trkpt lat="42.6989400" lon="-71.9006950"><ele>436.2</ele><time>2025-11-22T16:30:06.000Z</time><extensions><gpxtpx:TrackPointExtension><gpxtpx:hr>119</gpxtpx:hr><gpxtpx:cad>63</gpxtpx:cad><gpxtpx:atemp>11.7</gpxtpx:atemp></gpxtpx:TrackPointExtension></extensions></trkpt>
      <trkpt lat="42.6989467" lon="-71.9007233"><ele>436.0</ele><time>2025-11-22T16:30:07.000Z</time><extensions><gpxtpx:TrackPointExtension><gpxtpx:hr>119</gpxtpx:hr><gpxtpx:cad>63</gpxtpx:cad><gpxtpx:atemp>11.7</gpxtpx:atemp></gpxtpx:TrackPointExtension></extensions></trkpt>
      <trkpt lat="42.6989567" lon="-71.9007483"><ele>435.6</ele><time>2025-11-22T16:30:09.000Z</time><extensions><gpxtpx:TrackPointExtension><gpxtpx:hr>119</gpxtpx:hr><gpxtpx:cad>63</gpxtpx:cad><gpxtpx:atemp>11.7</gpxtpx:atemp></gpxtpx:TrackPointExtension></extensions></trkpt>
      <trkpt lat="42.6989733" lon="-71.9007683"><ele>435.2</ele><time>2025-11-22T16:30:11.000Z</time><extensions><gpxtpx:TrackPointExtension><gpxtpx:hr>117</gpxtpx:hr><gpxtpx:cad>63</gpxtpx:cad><gpxtpx:atemp>11.7</gpxtpx:atemp></gpxtpx:TrackPointExtension></extensions></trkpt>
      <trkpt lat="42.6989900" lon="-71.9007800"><ele>434.8</ele><time>2025-11-22T16:30:13.000Z</time><extensions><gpxtpx:TrackPointExtension><gpxtpx:hr>115</gpxtpx:hr><gpxtpx:cad>63</gpxtpx:cad><gpxtpx:atemp>11.8</gpxtpx:atemp></gpxtpx:TrackPointExtension></extensions></trkpt>
      <trkpt lat="42.6990100" lon="-71.9007833"><ele>434.0</ele><time>2025-11-22T16:30:16.000Z</time><extensions><gpxtpx:TrackPointExtension><gpxtpx:hr>117</gpxtpx:hr><gpxtpx:cad>62</gpxtpx:cad><gpxtpx:atemp>11.8</gpxtpx:atemp></gpxtpx:TrackPointExtension></extensions></trkpt>
      <trkpt lat="42.6990217" lon="-71.9008067"><ele>432.8</ele><time>2025-11-22T16:30:20.000Z</time><extensions><gpxtpx:TrackPointExtension><gpxtpx:hr>116</gpxtpx:hr><gpxtpx:cad>61</gpxtpx:cad><gpxtpx:atemp>11.8</gpxtpx:atemp></gpxtpx:TrackPointExtension></extensions></trkpt>
      <trkpt lat="42.6990400" lon="-71.9008283"><ele>431.8</ele><time>2025-11-22T16:30:24.000Z</time><extensions><gpxtpx:TrackPointExtension><gpxtpx:hr>117</gpxtpx:hr><gpxtpx:cad>61</gpxtpx:cad><gpxtpx:atemp>11.8</gpxtpx:atemp></gpxtpx:TrackPointExtension></extensions></trkpt>
      <trkpt lat="42.6990600" lon="-71.9008483"><ele>431.2</ele><time>2025-11-22T16:30:26.000Z</time><extensions><gpxtpx:TrackPointExtension><gpxtpx:hr>116</gpxtpx:hr><gpxtpx:cad>61</gpxtpx:cad><gpxtpx:atemp>11.8</gpxtpx:atemp></gpxtpx:TrackPointExtension></extensions></trkpt>
      <trkpt lat="42.6990800" lon="-71.9008517"><ele>430.6</ele><time>2025-11-22T16:30:28.000Z</time><extensions><gpxtpx:TrackPointExtension><gpxtpx:hr>115</gpxtpx:hr><gpxtpx:cad>61</gpxtpx:cad><gpxtpx:atemp>11.8</gpxtpx:atemp></gpxtpx:TrackPointExtension></extensions></trkpt>
      <trkpt lat="42.6991050" lon="-71.9008650"><ele>429.8</ele><time>2025-11-22T16:30:30.000Z</time><extensions><gpxtpx:TrackPointExtension><gpxtpx:hr>118</gpxtpx:hr><gpxtpx:cad>61</gpxtpx:cad><gpxtpx:atemp>11.8</gpxtpx:atemp></gpxtpx:TrackPointExtension></extensions></trkpt>
      <trkpt lat="42.6991267" lon="-71.9008883"><ele>429.2</ele><time>2025-11-22T16:30:32.000Z</time><extensions><gpxtpx:TrackPointExtension><gpxtpx:hr>120</gpxtpx:hr><gpxtpx:cad>60</gpxtpx:cad><gpxtpx:atemp>11.9</gpxtpx:atemp></gpxtpx:TrackPointExtension></extensions></trkpt>
      <trkpt lat="42.6991600" lon="-71.9009033"><ele>428.6</ele><time>2025-11-22T16:30:34.000Z</time><extensions><gpxtpx:TrackPointExtension><gpxtpx:hr>120</gpxtpx:hr><gpxtpx:cad>60</gpxtpx:cad><gpxtpx:atemp>11.9</gpxtpx:atemp></gpxtpx:TrackPointExtension></extensions></trkpt>
      <trkpt lat="42.6991850" lon="-71.9009133"><ele>428.0</ele><time>2025-11-22T16:30:36.000Z</time><extensions><gpxtpx:TrackPointExtension><gpxtpx:hr>119</gpxtpx:hr><gpxtpx:cad>55</gpxtpx:cad><gpxtpx:atemp>11.9</gpxtpx:atemp></gpxtpx:TrackPointExtension></extensions></trkpt>
      <trkpt lat="42.6992083" lon="-71.9009267"><ele>427.6</ele><time>2025-11-22T16:30:38.000Z</time><extensions><gpxtpx:TrackPointExtension><gpxtpx:hr>117</gpxtpx:hr><gpxtpx:cad>55</gpxtpx:cad><gpxtpx:atemp>11.9</gpxtpx:atemp></gpxtpx:TrackPointExtension></extensions></trkpt>
      <trkpt lat="42.6992267" lon="-71.9009567"><ele>427.4</ele><time>2025-11-22T16:30:40.000Z</time><extensions><gpxtpx:TrackPointExtension><gpxtpx:hr>119</gpxtpx:hr><gpxtpx:cad>55</gpxtpx:cad><gpxtpx:atemp>11.9</gpxtpx:atemp></gpxtpx:TrackPointExtension></extensions></trkpt>
      <trkpt lat="42.6992483" lon="-71.9009733"><ele>427.0</ele><time>2025-11-22T16:30:42.000Z</time><extensions><gpxtpx:TrackPointExtension><gpxtpx:hr>121</gpxtpx:hr><gpxtpx:cad>56</gpxtpx:cad><gpxtpx:atemp>11.9</gpxtpx:atemp></gpxtpx:TrackPointExtension></extensions></trkpt>
      <trkpt lat="42.6992633" lon="-71.9009950"><ele>426.8</ele><time>2025-11-22T16:30:44.000Z</time><extensions><gpxtpx:TrackPointExtension><gpxtpx:hr>120</gpxtpx:hr><gpxtpx:cad>56</gpxtpx:cad><gpxtpx:atemp>11.9</gpxtpx:atemp></gpxtpx:TrackPointExtension></extensions></trkpt>
      <trkpt lat="42.6992783" lon="-71.9010183"><ele>426.4</ele><time>2025-11-22T16:30:46.000Z</time><extensions><gpxtpx:TrackPointExtension><gpxtpx:hr>119</gpxtpx:hr><gpxtpx:cad>57</gpxtpx:cad><gpxtpx:atemp>11.9</gpxtpx:atemp></gpxtpx:TrackPointExtension></extensions></trkpt>
      <trkpt lat="42.6992950" lon="-71.9010367"><ele>426.0</ele><time>2025-11-22T16:30:48.000Z</time><extensions><gpxtpx:TrackPointExtension><gpxtpx:hr>118</gpxtpx:hr><gpxtpx:cad>58</gpxtpx:cad><gpxtpx:atemp>11.9</gpxtpx:atemp></gpxtpx:TrackPointExtension></extensions></trkpt>
      <trkpt lat="42.6993050" lon="-71.9010683"><ele>425.6</ele><time>2025-11-22T16:30:50.000Z</time><extensions><gpxtpx:TrackPointExtension><gpxtpx:hr>118</gpxtpx:hr><gpxtpx:cad>58</gpxtpx:cad><gpxtpx:atemp>11.9</gpxtpx:atemp></gpxtpx:TrackPointExtension></extensions></trkpt>
      <trkpt lat="42.6993200" lon="-71.9010917"><ele>425.2</ele><time>2025-11-22T16:30:53.000Z</time><extensions><gpxtpx:TrackPointExtension><gpxtpx:hr>120</gpxtpx:hr><gpxtpx:cad>60</gpxtpx:cad><gpxtpx:atemp>11.9</gpxtpx:atemp></gpxtpx:TrackPointExtension></extensions></trkpt>
      <trkpt lat="42.6993350" lon="-71.9011217"><ele>425.0</ele><time>2025-11-22T16:30:55.000Z</time><extensions><gpxtpx:TrackPointExtension><gpxtpx:hr>122</gpxtpx:hr><gpxtpx:cad>61</gpxtpx:cad><gpxtpx:atemp>11.9</gpxtpx:atemp></gpxtpx:TrackPointExtension></extensions></trkpt>
      <trkpt lat="42.6993583" lon="-71.9011383"><ele>424.6</ele><time>2025-11-22T16:30:57.000Z</time><extensions><gpxtpx:TrackPointExtension><gpxtpx:hr>118</gpxtpx:hr><gpxtpx:cad>69</gpxtpx:cad><gpxtpx:atemp>11.9</gpxtpx:atemp></gpxtpx:TrackPointExtension></extensions></trkpt>
      <trkpt lat="42.6993767" lon="-71.9011600"><ele>424.4</ele><time>2025-11-22T16:30:59.000Z</time><extensions><gpxtpx:TrackPointExtension><gpxtpx:hr>117</gpxtpx:hr><gpxtpx:cad>70</gpxtpx:cad><gpxtpx:atemp>11.9</gpxtpx:atemp></gpxtpx:TrackPointExtension></extensions></trkpt>
      <trkpt lat="42.6993983" lon="-71.9011817"><ele>424.0</ele><time>2025-11-22T16:31:01.000Z</time><extensions><gpxtpx:TrackPointExtension><gpxtpx:hr>117</gpxtpx:hr><gpxtpx:cad>70</gpxtpx:cad><gpxtpx:atemp>11.9</gpxtpx:atemp></gpxtpx:TrackPointExtension></extensions></trkpt>
      <trkpt lat="42.6994167" lon="-71.9012067"><ele>423.6</ele><time>2025-11-22T16:31:03.000Z</time><extensions><gpxtpx:TrackPointExtension><gpxtpx:hr>117</gpxtpx:hr><gpxtpx:cad>67</gpxtpx:cad><gpxtpx:atemp>11.9</gpxtpx:atemp></gpxtpx:TrackPointExtension></extensions></trkpt>
      <trkpt lat="42.6994333" lon="-71.9012250"><ele>423.4</ele><time>2025-11-22T16:31:05.000Z</time><extensions><gpxtpx:TrackPointExtension><gpxtpx:hr>117</gpxtpx:hr><gpxtpx:cad>67</gpxtpx:cad><gpxtpx:atemp>11.9</gpxtpx:atemp></gpxtpx:TrackPointExtension></extensions></trkpt>
      <trkpt lat="42.6994533" lon="-71.9012367"><ele>422.8</ele><time>2025-11-22T16:31:07.000Z</time><extensions><gpxtpx:TrackPointExtension><gpxtpx:hr>116</gpxtpx:hr><gpxtpx:cad>66</gpxtpx:cad><gpxtpx:atemp>11.9</gpxtpx:atemp></gpxtpx:TrackPointExtension></extensions></trkpt>
      <trkpt lat="42.6994850" lon="-71.9012600"><ele>422.4</ele><time>2025-11-22T16:31:09.000Z</time><extensions><gpxtpx:TrackPointExtension><gpxtpx:hr>118</gpxtpx:hr><gpxtpx:cad>74</gpxtpx:cad><gpxtpx:atemp>12.0</gpxtpx:atemp></gpxtpx:TrackPointExtension></extensions></trkpt>
      <trkpt lat="42.6995067" lon="-71.9012867"><ele>421.8</ele><time>2025-11-22T16:31:11.000Z</time><extensions><gpxtpx:TrackPointExtension><gpxtpx:hr>119</gpxtpx:hr><gpxtpx:cad>77</gpxtpx:cad><gpxtpx:atemp>11.9</gpxtpx:atemp></gpxtpx:TrackPointExtension></extensions></trkpt>
      <trkpt lat="42.6995267" lon="-71.9013050"><ele>421.4</ele><time>2025-11-22T16:31:13.000Z</time><extensions><gpxtpx:TrackPointExtension><gpxtpx:hr>120</gpxtpx:hr><gpxtpx:cad>77</gpxtpx:cad><gpxtpx:atemp>11.9</gpxtpx:atemp></gpxtpx:TrackPointExtension></extensions></trkpt>
      <trkpt lat="42.6995550" lon="-71.9013000"><ele>421.0</ele><time>2025-11-22T16:31:15.000Z</time><extensions><gpxtpx:TrackPointExtension><gpxtpx:hr>122</gpxtpx:hr><gpxtpx:cad>72</gpxtpx:cad><gpxtpx:atemp>11.9</gpxtpx:atemp></gpxtpx:TrackPointExtension></extensions></trkpt>
      <trkpt lat="42.6995883" lon="-71.9012917"><ele>420.8</ele><time>2025-11-22T16:31:17.000Z</time><extensions><gpxtpx:TrackPointExtension><gpxtpx:hr>125</gpxtpx:hr><gpxtpx:cad>68</gpxtpx:cad><gpxtpx:atemp>11.9</gpxtpx:atemp></gpxtpx:TrackPointExtension></extensions></trkpt>
      <trkpt lat="42.6996133" lon="-71.9013067"><ele>420.4</ele><time>2025-11-22T16:31:19.000Z</time><extensions><gpxtpx:TrackPointExtension><gpxtpx:hr>126</gpxtpx:hr><gpxtpx:cad>64</gpxtpx:cad><gpxtpx:atemp>12.0</gpxtpx:atemp></gpxtpx:TrackPointExtension></extensions></trkpt>
      <trkpt lat="42.6996383" lon="-71.9013250"><ele>420.2</ele><time>2025-11-22T16:31:21.000Z</time><extensions><gpxtpx:TrackPointExtension><gpxtpx:hr>127</gpxtpx:hr><gpxtpx:cad>64</gpxtpx:cad><gpxtpx:atemp>12.0</gpxtpx:atemp></gpxtpx:TrackPointExtension></extensions></trkpt>
      <trkpt lat="42.6996633" lon="-71.9013317"><ele>419.8</ele><time>2025-11-22T16:31:23.000Z</time><extensions><gpxtpx:TrackPointExtension><gpxtpx:hr>126</gpxtpx:hr><gpxtpx:cad>64</gpxtpx:cad><gpxtpx:atemp>11.9</gpxtpx:atemp></gpxtpx:TrackPointExtension></extensions></trkpt>
      <trkpt lat="42.6996767" lon="-71.9013583"><ele>419.6</ele><time>2025-11-22T16:31:25.000Z</time><extensions><gpxtpx:TrackPointExtension><gpxtpx:hr>124</gpxtpx:hr><gpxtpx:cad>64</gpxtpx:cad><gpxtpx:atemp>11.9</gpxtpx:atemp></gpxtpx:TrackPointExtension></extensions></trkpt>
      <trkpt lat="42.6996883" lon="-71.9013917"><ele>419.2</ele><time>2025-11-22T16:31:27.000Z</time><extensions><gpxtpx:TrackPointExtension><gpxtpx:hr>125</gpxtpx:hr><gpxtpx:cad>63</gpxtpx:cad><gpxtpx:atemp>11.9</gpxtpx:atemp></gpxtpx:TrackPointExtension></extensions></trkpt>
      <trkpt lat="42.6997033" lon="-71.9014183"><ele>418.8</ele><time>2025-11-22T16:31:29.000Z</time><extensions><gpxtpx:TrackPointExtension><gpxtpx:hr>125</gpxtpx:hr><gpxtpx:cad>66</gpxtpx:cad><gpxtpx:atemp>11.9</gpxtpx:atemp></gpxtpx:TrackPointExtension></extensions></trkpt>
      <trkpt lat="42.6997167" lon="-71.9014417"><ele>418.4</ele><time>2025-11-22T16:31:31.000Z</time><extensions><gpxtpx:TrackPointExtension><gpxtpx:hr>126</gpxtpx:hr><gpxtpx:cad>74</gpxtpx:cad><gpxtpx:atemp>11.9</gpxtpx:atemp></gpxtpx:TrackPointExtension></extensions></trkpt>
      <trkpt lat="42.6997317" lon="-71.9014517"><ele>418.2</ele><time>2025-11-22T16:31:32.000Z</time><extensions><gpxtpx:TrackPointExtension><gpxtpx:hr>127</gpxtpx:hr><gpxtpx:cad>74</gpxtpx:cad><gpxtpx:atemp>12.0</gpxtpx:atemp></gpxtpx:TrackPointExtension></extensions></trkpt>
      <trkpt lat="42.6997500" lon="-71.9014700"><ele>417.8</ele><time>2025-11-22T16:31:34.000Z</time><extensions><gpxtpx:TrackPointExtension><gpxtpx:hr>127</gpxtpx:hr><gpxtpx:cad>75</gpxtpx:cad><gpxtpx:atemp>11.9</gpxtpx:atemp></gpxtpx:TrackPointExtension></extensions></trkpt>
      <trkpt lat="42.6997683" lon="-71.9015000"><ele>417.4</ele><time>2025-11-22T16:31:36.000Z</time><extensions><gpxtpx:TrackPointExtension><gpxtpx:hr>128</gpxtpx:hr><gpxtpx:cad>75</gpxtpx:cad><gpxtpx:atemp>12.0</gpxtpx:atemp></gpxtpx:TrackPointExtension></extensions></trkpt>
      <trkpt lat="42.6997783" lon="-71.9015267"><ele>416.8</ele><time>2025-11-22T16:31:38.000Z</time><extensions><gpxtpx:TrackPointExtension><gpxtpx:hr>127</gpxtpx:hr><gpxtpx:cad>79</gpxtpx:cad><gpxtpx:atemp>11.9</gpxtpx:atemp></gpxtpx:TrackPointExtension></extensions></trkpt>
      <trkpt lat="42.6997883" lon="-71.9015533"><ele>416.4</ele><time>2025-11-22T16:31:40.000Z</time><extensions><gpxtpx:TrackPointExtension><gpxtpx:hr>126</gpxtpx:hr><gpxtpx:cad>79</gpxtpx:cad><gpxtpx:atemp>12.0</gpxtpx:atemp></gpxtpx:TrackPointExtension></extensions></trkpt>
      <trkpt lat="42.6997867" lon="-71.9015900"><ele>415.8</ele><time>2025-11-22T16:31:43.000Z</time><extensions><gpxtpx:TrackPointExtension><gpxtpx:hr>126</gpxtpx:hr><gpxtpx:cad>80</gpxtpx:cad><gpxtpx:atemp>12.0</gpxtpx:atemp></gpxtpx:TrackPointExtension></extensions></trkpt>
      <trkpt lat="42.6997933" lon="-71.9016233"><ele>415.2</ele><time>2025-11-22T16:31:46.000Z</time><extensions><gpxtpx:TrackPointExtension><gpxtpx:hr>126</gpxtpx:hr><gpxtpx:cad>82</gpxtpx:cad><gpxtpx:atemp>12.0</gpxtpx:atemp></gpxtpx:TrackPointExtension></extensions></trkpt>
      <trkpt lat="42.6998150" lon="-71.9016417"><ele>414.8</ele><time>2025-11-22T16:31:48.000Z</time><extensions><gpxtpx:TrackPointExtension><gpxtpx:hr>126</gpxtpx:hr><gpxtpx:cad>82</gpxtpx:cad><gpxtpx:atemp>12.0</gpxtpx:atemp></gpxtpx:TrackPointExtension></extensions></trkpt>
      <trkpt lat="42.6998350" lon="-71.9016550"><ele>414.4</ele><time>2025-11-22T16:31:50.000Z</time><extensions><gpxtpx:TrackPointExtension><gpxtpx:hr>125</gpxtpx:hr><gpxtpx:cad>82</gpxtpx:cad><gpxtpx:atemp>12.0</gpxtpx:atemp></gpxtpx:TrackPointExtension></extensions></trkpt>
      <trkpt lat="42.6998533" lon="-71.9016717"><ele>414.0</ele><time>2025-11-22T16:31:52.000Z</time><extensions><gpxtpx:TrackPointExtension><gpxtpx:hr>124</gpxtpx:hr><gpxtpx:cad>77</gpxtpx:cad><gpxtpx:atemp>12.0</gpxtpx:atemp></gpxtpx:TrackPointExtension></extensions></trkpt>
      <trkpt lat="42.6998750" lon="-71.9016950"><ele>413.6</ele><time>2025-11-22T16:31:54.000Z</time><extensions><gpxtpx:TrackPointExtension><gpxtpx:hr>124</gpxtpx:hr><gpxtpx:cad>67</gpxtpx:cad><gpxtpx:atemp>12.0</gpxtpx:atemp></gpxtpx:TrackPointExtension></extensions></trkpt>
      <trkpt lat="42.6998967" lon="-71.9017050"><ele>413.0</ele><time>2025-11-22T16:31:56.000Z</time><extensions><gpxtpx:TrackPointExtension><gpxtpx:hr>124</gpxtpx:hr><gpxtpx:cad>60</gpxtpx:cad><gpxtpx:atemp>12.0</gpxtpx:atemp></gpxtpx:TrackPointExtension></extensions></trkpt>
      <trkpt lat="42.6999150" lon="-71.9017100"><ele>412.6</ele><time>2025-11-22T16:31:58.000Z</time><extensions><gpxtpx:TrackPointExtension><gpxtpx:hr>124</gpxtpx:hr><gpxtpx:cad>57</gpxtpx:cad><gpxtpx:atemp>12.0</gpxtpx:atemp></gpxtpx:TrackPointExtension></extensions></trkpt>
      <trkpt lat="42.6999383" lon="-71.9017317"><ele>411.8</ele><time>2025-11-22T16:32:01.000Z</time><extensions><gpxtpx:TrackPointExtension><gpxtpx:hr>125</gpxtpx:hr><gpxtpx:cad>57</gpxtpx:cad><gpxtpx:atemp>12.0</gpxtpx:atemp></gpxtpx:TrackPointExtension></extensions></trkpt>
      <trkpt lat="42.6999567" lon="-71.9017417"><ele>411.4</ele><time>2025-11-22T16:32:03.000Z</time><extensions><gpxtpx:TrackPointExtension><gpxtpx:hr>126</gpxtpx:hr><gpxtpx:cad>58</gpxtpx:cad><gpxtpx:atemp>12.1</gpxtpx:atemp></gpxtpx:TrackPointExtension></extensions></trkpt>
      <trkpt lat="42.6999833" lon="-71.9017600"><ele>410.8</ele><time>2025-11-22T16:32:05.000Z</time><extensions><gpxtpx:TrackPointExtension><gpxtpx:hr>123</gpxtpx:hr><gpxtpx:cad>59</gpxtpx:cad><gpxtpx:atemp>12.0</gpxtpx:atemp></gpxtpx:TrackPointExtension></extensions></trkpt>
      <trkpt lat="42.7000033" lon="-71.9017717"><ele>410.4</ele><time>2025-11-22T16:32:07.000Z</time><extensions><gpxtpx:TrackPointExtension><gpxtpx:hr>122</gpxtpx:hr><gpxtpx:cad>59</gpxtpx:cad><gpxtpx:atemp>12.1</gpxtpx:atemp></gpxtpx:TrackPointExtension></extensions></trkpt>
      <trkpt lat="42.7000100" lon="-71.9017967"><ele>410.0</ele><time>2025-11-22T16:32:09.000Z</time><extensions><gpxtpx:TrackPointExtension><gpxtpx:hr>123</gpxtpx:hr><gpxtpx:cad>59</gpxtpx:cad><gpxtpx:atemp>12.1</gpxtpx:atemp></gpxtpx:TrackPointExtension></extensions></trkpt>
      <trkpt lat="42.7000150" lon="-71.9018300"><ele>409.0</ele><time>2025-11-22T16:32:12.000Z</time><extensions><gpxtpx:TrackPointExtension><gpxtpx:hr>124</gpxtpx:hr><gpxtpx:cad>62</gpxtpx:cad><gpxtpx:atemp>12.1</gpxtpx:atemp></gpxtpx:TrackPointExtension></extensions></trkpt>
      <trkpt lat="42.7000150" lon="-71.9018550"><ele>408.0</ele><time>2025-11-22T16:32:15.000Z</time><extensions><gpxtpx:TrackPointExtension><gpxtpx:hr>126</gpxtpx:hr><gpxtpx:cad>66</gpxtpx:cad><gpxtpx:atemp>12.1</gpxtpx:atemp></gpxtpx:TrackPointExtension></extensions></trkpt>
      <trkpt lat="42.7000067" lon="-71.9018767"><ele>407.4</ele><time>2025-11-22T16:32:17.000Z</time><extensions><gpxtpx:TrackPointExtension><gpxtpx:hr>123</gpxtpx:hr><gpxtpx:cad>66</gpxtpx:cad><gpxtpx:atemp>12.1</gpxtpx:atemp></gpxtpx:TrackPointExtension></extensions></trkpt>
      <trkpt lat="42.7000000" lon="-71.9019117"><ele>406.8</ele><time>2025-11-22T16:32:20.000Z</time><extensions><gpxtpx:TrackPointExtension><gpxtpx:hr>122</gpxtpx:hr><gpxtpx:cad>66</gpxtpx:cad><gpxtpx:atemp>12.1</gpxtpx:atemp></gpxtpx:TrackPointExtension></extensions></trkpt>
      <trkpt lat="42.7000033" lon="-71.9019467"><ele>406.2</ele><time>2025-11-22T16:32:22.000Z</time><extensions><gpxtpx:TrackPointExtension><gpxtpx:hr>121</gpxtpx:hr><gpxtpx:cad>67</gpxtpx:cad><gpxtpx:atemp>12.1</gpxtpx:atemp></gpxtpx:TrackPointExtension></extensions></trkpt>
      <trkpt lat="42.7000050" lon="-71.9019717"><ele>405.8</ele><time>2025-11-22T16:32:24.000Z</time><extensions><gpxtpx:TrackPointExtension><gpxtpx:hr>121</gpxtpx:hr><gpxtpx:cad>67</gpxtpx:cad><gpxtpx:atemp>12.1</gpxtpx:atemp></gpxtpx:TrackPointExtension></extensions></trkpt>
      <trkpt lat="42.7000050" lon="-71.9020050"><ele>405.6</ele><time>2025-11-22T16:32:26.000Z</time><extensions><gpxtpx:TrackPointExtension><gpxtpx:hr>120</gpxtpx:hr><gpxtpx:cad>67</gpxtpx:cad><gpxtpx:atemp>12.2</gpxtpx:atemp></gpxtpx:TrackPointExtension></extensions></trkpt>
      <trkpt lat="42.7000117" lon="-71.9020417"><ele>405.0</ele><time>2025-11-22T16:32:29.000Z</time><extensions><gpxtpx:TrackPointExtension><gpxtpx:hr>118</gpxtpx:hr><gpxtpx:cad>58</gpxtpx:cad><gpxtpx:atemp>12.2</gpxtpx:atemp></gpxtpx:TrackPointExtension></extensions></trkpt>
      <trkpt lat="42.7000183" lon="-71.9020700"><ele>404.6</ele><time>2025-11-22T16:32:31.000Z</time><extensions><gpxtpx:TrackPointExtension><gpxtpx:hr>118</gpxtpx:hr><gpxtpx:cad>58</gpxtpx:cad><gpxtpx:atemp>12.2</gpxtpx:atemp></gpxtpx:TrackPointExtension></extensions></trkpt>
      <trkpt lat="42.7000267" lon="-71.9020917"><ele>404.4</ele><time>2025-11-22T16:32:33.000Z</time><extensions><gpxtpx:TrackPointExtension><gpxtpx:hr>119</gpxtpx:hr><gpxtpx:cad>59</gpxtpx:cad><gpxtpx:atemp>12.2</gpxtpx:atemp></gpxtpx:TrackPointExtension></extensions></trkpt>
      <trkpt lat="42.7000350" lon="-71.9021200"><ele>404.0</ele><time>2025-11-22T16:32:35.000Z</time><extensions><gpxtpx:TrackPointExtension><gpxtpx:hr>119</gpxtpx:hr><gpxtpx:cad>60</gpxtpx:cad><gpxtpx:atemp>12.2</gpxtpx:atemp></gpxtpx:TrackPointExtension></extensions></trkpt>
      <trkpt lat="42.7000433" lon="-71.9021500"><ele>403.6</ele><time>2025-11-22T16:32:37.000Z</time><extensions><gpxtpx:TrackPointExtension><gpxtpx:hr>119</gpxtpx:hr><gpxtpx:cad>63</gpxtpx:cad><gpxtpx:atemp>12.2</gpxtpx:atemp></gpxtpx:TrackPointExtension></extensions></trkpt>
      <trkpt lat="42.7000600" lon="-71.9021750"><ele>403.2</ele><time>2025-11-22T16:32:39.000Z</time><extensions><gpxtpx:TrackPointExtension><gpxtpx:hr>118</gpxtpx:hr><gpxtpx:cad>63</gpxtpx:cad><gpxtpx:atemp>12.2</gpxtpx:atemp></gpxtpx:TrackPointExtension></extensions></trkpt>
      <trkpt lat="42.7000800" lon="-71.9022017"><ele>402.8</ele><time>2025-11-22T16:32:41.000Z</time><extensions><gpxtpx:TrackPointExtension><gpxtpx:hr>115</gpxtpx:hr><gpxtpx:cad>63</gpxtpx:cad><gpxtpx:atemp>12.2</gpxtpx:atemp></gpxtpx:TrackPointExtension></extensions></trkpt>
      <trkpt lat="42.7001000" lon="-71.9022233"><ele>402.4</ele><time>2025-11-22T16:32:43.000Z</time><extensions><gpxtpx:TrackPointExtension><gpxtpx:hr>117</gpxtpx:hr><gpxtpx:cad>63</gpxtpx:cad><gpxtpx:atemp>12.2</gpxtpx:atemp></gpxtpx:TrackPointExtension></extensions></trkpt>
      <trkpt lat="42.7001250" lon="-71.9022367"><ele>402.2</ele><time>2025-11-22T16:32:45.000Z</time><extensions><gpxtpx:TrackPointExtension><gpxtpx:hr>118</gpxtpx:hr><gpxtpx:cad>63</gpxtpx:cad><gpxtpx:atemp>12.2</gpxtpx:atemp></gpxtpx:TrackPointExtension></extensions></trkpt>
      <trkpt lat="42.7001417" lon="-71.9022633"><ele>401.8</ele><time>2025-11-22T16:32:47.000Z</time><extensions><gpxtpx:TrackPointExtension><gpxtpx:hr>121</gpxtpx:hr><gpxtpx:cad>63</gpxtpx:cad><gpxtpx:atemp>12.2</gpxtpx:atemp></gpxtpx:TrackPointExtension></extensions></trkpt>
      <trkpt lat="42.7001550" lon="-71.9022833"><ele>401.4</ele><time>2025-11-22T16:32:49.000Z</time><extensions><gpxtpx:TrackPointExtension><gpxtpx:hr>121</gpxtpx:hr><gpxtpx:cad>62</gpxtpx:cad><gpxtpx:atemp>12.2</gpxtpx:atemp></gpxtpx:TrackPointExtension></extensions></trkpt>
      <trkpt lat="42.7001667" lon="-71.9023100"><ele>401.2</ele><time>2025-11-22T16:32:51.000Z</time><extensions><gpxtpx:TrackPointExtension><gpxtpx:hr>125</gpxtpx:hr><gpxtpx:cad>59</gpxtpx:cad><gpxtpx:atemp>12.2</gpxtpx:atemp></gpxtpx:TrackPointExtension></extensions></trkpt>
      <trkpt lat="42.7001733" lon="-71.9023400"><ele>401.0</ele><time>2025-11-22T16:32:54.000Z</time><extensions><gpxtpx:TrackPointExtension><gpxtpx:hr>124</gpxtpx:hr><gpxtpx:cad>56</gpxtpx:cad><gpxtpx:atemp>12.2</gpxtpx:atemp></gpxtpx:TrackPointExtension></extensions></trkpt>
      <trkpt lat="42.7001750" lon="-71.9023700"><ele>400.8</ele><time>2025-11-22T16:32:56.000Z</time><extensions><gpxtpx:TrackPointExtension><gpxtpx:hr>123</gpxtpx:hr><gpxtpx:cad>55</gpxtpx:cad><gpxtpx:atemp>12.2</gpxtpx:atemp></gpxtpx:TrackPointExtension></extensions></trkpt>
      <trkpt lat="42.7001917" lon="-71.9023933"><ele>400.8</ele><time>2025-11-22T16:32:58.000Z</time><extensions><gpxtpx:TrackPointExtension><gpxtpx:hr>124</gpxtpx:hr><gpxtpx:cad>55</gpxtpx:cad><gpxtpx:atemp>12.2</gpxtpx:atemp></gpxtpx:TrackPointExtension></extensions></trkpt>
      <trkpt lat="42.7002083" lon="-71.9024083"><ele>400.6</ele><time>2025-11-22T16:33:00.000Z</time><extensions><gpxtpx:TrackPointExtension><gpxtpx:hr>124</gpxtpx:hr><gpxtpx:cad>55</gpxtpx:cad><gpxtpx:atemp>12.3</gpxtpx:atemp></gpxtpx:TrackPointExtension></extensions></trkpt>
      <trkpt lat="42.7002283" lon="-71.9024233"><ele>400.4</ele><time>2025-11-22T16:33:03.000Z</time><extensions><gpxtpx:TrackPointExtension><gpxtpx:hr>125</gpxtpx:hr><gpxtpx:cad>55</gpxtpx:cad><gpxtpx:atemp>12.3</gpxtpx:atemp></gpxtpx:TrackPointExtension></extensions></trkpt>
      <trkpt lat="42.7002467" lon="-71.9024433"><ele>400.4</ele><time>2025-11-22T16:33:05.000Z</time><extensions><gpxtpx:TrackPointExtension><gpxtpx:hr>126</gpxtpx:hr><gpxtpx:cad>53</gpxtpx:cad><gpxtpx:atemp>12.2</gpxtpx:atemp></gpxtpx:TrackPointExtension></extensions></trkpt>
      <trkpt lat="42.7002600" lon="-71.9024667"><ele>400.4</ele><time>2025-11-22T16:33:07.000Z</time><extensions><gpxtpx:TrackPointExtension><gpxtpx:hr>129</gpxtpx:hr><gpxtpx:cad>53</gpxtpx:cad><gpxtpx:atemp>12.3</gpxtpx:atemp></gpxtpx:TrackPointExtension></extensions></trkpt>
      <trkpt lat="42.7002617" lon="-71.9024917"><ele>400.4</ele><time>2025-11-22T16:33:09.000Z</time><extensions><gpxtpx:TrackPointExtension><gpxtpx:hr>130</gpxtpx:hr><gpxtpx:cad>53</gpxtpx:cad><gpxtpx:atemp>12.3</gpxtpx:atemp></gpxtpx:TrackPointExtension></extensions></trkpt>
      <trkpt lat="42.7002750" lon="-71.9025167"><ele>400.4</ele><time>2025-11-22T16:33:11.000Z</time><extensions><gpxtpx:TrackPointExtension><gpxtpx:hr>129</gpxtpx:hr><gpxtpx:cad>53</gpxtpx:cad><gpxtpx:atemp>12.3</gpxtpx:atemp></gpxtpx:TrackPointExtension></extensions></trkpt>
      <trkpt lat="42.7002850" lon="-71.9025433"><ele>400.2</ele><time>2025-11-22T16:33:13.000Z</time><extensions><gpxtpx:TrackPointExtension><gpxtpx:hr>129</gpxtpx:hr><gpxtpx:cad>54</gpxtpx:cad><gpxtpx:atemp>12.3</gpxtpx:atemp></gpxtpx:TrackPointExtension></extensions></trkpt>
      <trkpt lat="42.7002883" lon="-71.9025700"><ele>400.2</ele><time>2025-11-22T16:33:15.000Z</time><extensions><gpxtpx:TrackPointExtension><gpxtpx:hr>130</gpxtpx:hr><gpxtpx:cad>58</gpxtpx:cad><gpxtpx:atemp>12.3</gpxtpx:atemp></gpxtpx:TrackPointExtension></extensions></trkpt>
      <trkpt lat="42.7002983" lon="-71.9025933"><ele>400.0</ele><time>2025-11-22T16:33:17.000Z</time><extensions><gpxtpx:TrackPointExtension><gpxtpx:hr>128</gpxtpx:hr><gpxtpx:cad>58</gpxtpx:cad><gpxtpx:atemp>12.3</gpxtpx:atemp></gpxtpx:TrackPointExtension></extensions></trkpt>
      <trkpt lat="42.7003100" lon="-71.9026233"><ele>399.8</ele><time>2025-11-22T16:33:19.000Z</time><extensions><gpxtpx:TrackPointExtension><gpxtpx:hr>127</gpxtpx:hr><gpxtpx:cad>60</gpxtpx:cad><gpxtpx:atemp>12.3</gpxtpx:atemp></gpxtpx:TrackPointExtension></extensions></trkpt>
      <trkpt lat="42.7003167" lon="-71.9026617"><ele>399.8</ele><time>2025-11-22T16:33:21.000Z</time><extensions><gpxtpx:TrackPointExtension><gpxtpx:hr>126</gpxtpx:hr><gpxtpx:cad>61</gpxtpx:cad><gpxtpx:atemp>12.3</gpxtpx:atemp></gpxtpx:TrackPointExtension></extensions></trkpt>
      <trkpt lat="42.7003300" lon="-71.9026933"><ele>399.6</ele><time>2025-11-22T16:33:23.000Z</time><extensions><gpxtpx:TrackPointExtension><gpxtpx:hr>125</gpxtpx:hr><gpxtpx:cad>61</gpxtpx:cad><gpxtpx:atemp>12.4</gpxtpx:atemp></gpxtpx:TrackPointExtension></extensions></trkpt>
      <trkpt lat="42.7003417" lon="-71.9027217"><ele>399.6</ele><time>2025-11-22T16:33:25.000Z</time><extensions><gpxtpx:TrackPointExtension><gpxtpx:hr>128</gpxtpx:hr><gpxtpx:cad>60</gpxtpx:cad><gpxtpx:atemp>12.3</gpxtpx:atemp></gpxtpx:TrackPointExtension></extensions></trkpt>
      <trkpt lat="42.7003533" lon="-71.9027450"><ele>399.6</ele><time>2025-11-22T16:33:27.000Z</time><extensions><gpxtpx:TrackPointExtension><gpxtpx:hr>127</gpxtpx:hr><gpxtpx:cad>58</gpxtpx:cad><gpxtpx:atemp>12.3</gpxtpx:atemp></gpxtpx:TrackPointExtension></extensions></trkpt>
      <trkpt lat="42.7003533" lon="-71.9027833"><ele>399.6</ele><time>2025-11-22T16:33:30.000Z</time><extensions><gpxtpx:TrackPointExtension><gpxtpx:hr>127</gpxtpx:hr><gpxtpx:cad>58</gpxtpx:cad><gpxtpx:atemp>12.3</gpxtpx:atemp></gpxtpx:TrackPointExtension></extensions></trkpt>
      <trkpt lat="42.7003400" lon="-71.9028133"><ele>399.6</ele><time>2025-11-22T16:33:32.000Z</time><extensions><gpxtpx:TrackPointExtension><gpxtpx:hr>127</gpxtpx:hr><gpxtpx:cad>57</gpxtpx:cad><gpxtpx:atemp>12.3</gpxtpx:atemp></gpxtpx:TrackPointExtension></extensions></trkpt>
      <trkpt lat="42.7003233" lon="-71.9028433"><ele>399.6</ele><time>2025-11-22T16:33:34.000Z</time><extensions><gpxtpx:TrackPointExtension><gpxtpx:hr>127</gpxtpx:hr><gpxtpx:cad>56</gpxtpx:cad><gpxtpx:atemp>12.4</gpxtpx:atemp></gpxtpx:TrackPointExtension></extensions></trkpt>
      <trkpt lat="42.7003083" lon="-71.9028733"><ele>399.8</ele><time>2025-11-22T16:33:36.000Z</time><extensions><gpxtpx:TrackPointExtension><gpxtpx:hr>128</gpxtpx:hr><gpxtpx:cad>57</gpxtpx:cad><gpxtpx:atemp>12.4</gpxtpx:atemp></gpxtpx:TrackPointExtension></extensions></trkpt>
      <trkpt lat="42.7002917" lon="-71.9029033"><ele>399.8</ele><time>2025-11-22T16:33:38.000Z</time><extensions><gpxtpx:TrackPointExtension><gpxtpx:hr>128</gpxtpx:hr><gpxtpx:cad>57</gpxtpx:cad><gpxtpx:atemp>12.4</gpxtpx:atemp></gpxtpx:TrackPointExtension></extensions></trkpt>
      <trkpt lat="42.7002717" lon="-71.9029267"><ele>400.0</ele><time>2025-11-22T16:33:40.000Z</time><extensions><gpxtpx:TrackPointExtension><gpxtpx:hr>126</gpxtpx:hr><gpxtpx:cad>58</gpxtpx:cad><gpxtpx:atemp>12.4</gpxtpx:atemp></gpxtpx:TrackPointExtension></extensions></trkpt>
      <trkpt lat="42.7002533" lon="-71.9029467"><ele>400.0</ele><time>2025-11-22T16:33:42.000Z</time><extensions><gpxtpx:TrackPointExtension><gpxtpx:hr>125</gpxtpx:hr><gpxtpx:cad>58</gpxtpx:cad><gpxtpx:atemp>12.4</gpxtpx:atemp></gpxtpx:TrackPointExtension></extensions></trkpt>
      <trkpt lat="42.7002333" lon="-71.9029717"><ele>400.0</ele><time>2025-11-22T16:33:44.000Z</time><extensions><gpxtpx:TrackPointExtension><gpxtpx:hr>126</gpxtpx:hr><gpxtpx:cad>58</gpxtpx:cad><gpxtpx:atemp>12.4</gpxtpx:atemp></gpxtpx:TrackPointExtension></extensions></trkpt>
      <trkpt lat="42.7002167" lon="-71.9030067"><ele>400.2</ele><time>2025-11-22T16:33:46.000Z</time><extensions><gpxtpx:TrackPointExtension><gpxtpx:hr>126</gpxtpx:hr><gpxtpx:cad>58</gpxtpx:cad><gpxtpx:atemp>12.4</gpxtpx:atemp></gpxtpx:TrackPointExtension></extensions></trkpt>
      <trkpt lat="42.7002017" lon="-71.9030383"><ele>400.2</ele><time>2025-11-22T16:33:48.000Z</time><extensions><gpxtpx:TrackPointExtension><gpxtpx:hr>125</gpxtpx:hr><gpxtpx:cad>63</gpxtpx:cad><gpxtpx:atemp>12.4</gpxtpx:atemp></gpxtpx:TrackPointExtension></extensions></trkpt>
      <trkpt lat="42.7001883" lon="-71.9030700"><ele>400.2</ele><time>2025-11-22T16:33:50.000Z</time><extensions><gpxtpx:TrackPointExtension><gpxtpx:hr>124</gpxtpx:hr><gpxtpx:cad>63</gpxtpx:cad><gpxtpx:atemp>12.4</gpxtpx:atemp></gpxtpx:TrackPointExtension></extensions></trkpt>
      <trkpt lat="42.7001717" lon="-71.9031050"><ele>400.4</ele><time>2025-11-22T16:33:52.000Z</time><extensions><gpxtpx:TrackPointExtension><gpxtpx:hr>123</gpxtpx:hr><gpxtpx:cad>63</gpxtpx:cad><gpxtpx:atemp>12.3</gpxtpx:atemp></gpxtpx:TrackPointExtension></extensions></trkpt>
      <trkpt lat="42.7001617" lon="-71.9031433"><ele>400.4</ele><time>2025-11-22T16:33:54.000Z</time><extensions><gpxtpx:TrackPointExtension><gpxtpx:hr>124</gpxtpx:hr><gpxtpx:cad>63</gpxtpx:cad><gpxtpx:atemp>12.3</gpxtpx:atemp></gpxtpx:TrackPointExtension></extensions></trkpt>
      <trkpt lat="42.7001533" lon="-71.9031650"><ele>400.6</ele><time>2025-11-22T16:33:55.000Z</time><extensions><gpxtpx:TrackPointExtension><gpxtpx:hr>125</gpxtpx:hr><gpxtpx:cad>63</gpxtpx:cad><gpxtpx:atemp>12.3</gpxtpx:atemp></gpxtpx:TrackPointExtension></extensions></trkpt>
      <trkpt lat="42.7001433" lon="-71.9032050"><ele>400.6</ele><time>2025-11-22T16:33:57.000Z</time><extensions><gpxtpx:TrackPointExtension><gpxtpx:hr>128</gpxtpx:hr><gpxtpx:cad>74</gpxtpx:cad><gpxtpx:atemp>12.3</gpxtpx:atemp></gpxtpx:TrackPointExtension></extensions></trkpt>
      <trkpt lat="42.7001283" lon="-71.9032450"><ele>400.8</ele><time>2025-11-22T16:33:59.000Z</time><extensions><gpxtpx:TrackPointExtension><gpxtpx:hr>131</gpxtpx:hr><gpxtpx:cad>77</gpxtpx:cad><gpxtpx:atemp>12.4</gpxtpx:atemp></gpxtpx:TrackPointExtension></extensions></trkpt>
      <trkpt lat="42.7001150" lon="-71.9032633"><ele>400.8</ele><time>2025-11-22T16:34:00.000Z</time><extensions><gpxtpx:TrackPointExtension><gpxtpx:hr>132</gpxtpx:hr><gpxtpx:cad>77</gpxtpx:cad><gpxtpx:atemp>12.4</gpxtpx:atemp></gpxtpx:TrackPointExtension></extensions></trkpt>
      <trkpt lat="42.7001033" lon="-71.9032867"><ele>400.8</ele><time>2025-11-22T16:34:01.000Z</time><extensions><gpxtpx:TrackPointExtension><gpxtpx:hr>134</gpxtpx:hr><gpxtpx:cad>77</gpxtpx:cad><gpxtpx:atemp>12.4</gpxtpx:atemp></gpxtpx:TrackPointExtension></extensions></trkpt>
      <trkpt lat="42.7000950" lon="-71.9033100"><ele>400.8</ele><time>2025-11-22T16:34:02.000Z</time><extensions><gpxtpx:TrackPointExtension><gpxtpx:hr>137</gpxtpx:hr><gpxtpx:cad>77</gpxtpx:cad><gpxtpx:atemp>12.3</gpxtpx:atemp></gpxtpx:TrackPointExtension></extensions></trkpt>
      <trkpt lat="42.7000817" lon="-71.9033300"><ele>400.8</ele><time>2025-11-22T16:34:03.000Z</time><extensions><gpxtpx:TrackPointExtension><gpxtpx:hr>139</gpxtpx:hr><gpxtpx:cad>78</gpxtpx:cad><gpxtpx:atemp>12.3</gpxtpx:atemp></gpxtpx:TrackPointExtension></extensions></trkpt>
      <trkpt lat="42.7000700" lon="-71.9033567"><ele>401.0</ele><time>2025-11-22T16:34:04.000Z</time><extensions><gpxtpx:TrackPointExtension><gpxtpx:hr>140</gpxtpx:hr><gpxtpx:cad>79</gpxtpx:cad><gpxtpx:atemp>12.4</gpxtpx:atemp></gpxtpx:TrackPointExtension></extensions></trkpt>
      <trkpt lat="42.7000600" lon="-71.9033817"><ele>401.0</ele><time>2025-11-22T16:34:05.000Z</time><extensions><gpxtpx:TrackPointExtension><gpxtpx:hr>143</gpxtpx:hr><gpxtpx:cad>80</gpxtpx:cad><gpxtpx:atemp>12.3</gpxtpx:atemp></gpxtpx:TrackPointExtension></extensions></trkpt>
      <trkpt lat="42.7000467" lon="-71.9034067"><ele>401.0</ele><time>2025-11-22T16:34:06.000Z</time><extensions><gpxtpx:TrackPointExtension><gpxtpx:hr>144</gpxtpx:hr><gpxtpx:cad>81</gpxtpx:cad><gpxtpx:atemp>12.3</gpxtpx:atemp></gpxtpx:TrackPointExtension></extensions></trkpt>
      <trkpt lat="42.7000317" lon="-71.9034300"><ele>401.2</ele><time>2025-11-22T16:34:07.000Z</time><extensions><gpxtpx:TrackPointExtension><gpxtpx:hr>145</gpxtpx:hr><gpxtpx:cad>81</gpxtpx:cad><gpxtpx:atemp>12.3</gpxtpx:atemp></gpxtpx:TrackPointExtension></extensions></trkpt>
      <trkpt lat="42.7000200" lon="-71.9034517"><ele>401.2</ele><time>2025-11-22T16:34:08.000Z</time><extensions><gpxtpx:TrackPointExtension><gpxtpx:hr>145</gpxtpx:hr><gpxtpx:cad>81</gpxtpx:cad><gpxtpx:atemp>12.3</gpxtpx:atemp></gpxtpx:TrackPointExtension></extensions></trkpt>
      <trkpt lat="42.7000100" lon="-71.9034783"><ele>401.4</ele><time>2025-11-22T16:34:09.000Z</time><extensions><gpxtpx:TrackPointExtension><gpxtpx:hr>144</gpxtpx:hr><gpxtpx:cad>81</gpxtpx:cad><gpxtpx:atemp>12.3</gpxtpx:atemp></gpxtpx:TrackPointExtension></extensions></trkpt>
      <trkpt lat="42.7000133" lon="-71.9035250"><ele>401.4</ele><time>2025-11-22T16:34:11.000Z</time><extensions><gpxtpx:TrackPointExtension><gpxtpx:hr>144</gpxtpx:hr><gpxtpx:cad>83</gpxtpx:cad><gpxtpx:atemp>12.3</gpxtpx:atemp></gpxtpx:TrackPointExtension></extensions></trkpt>
      <trkpt lat="42.7000117" lon="-71.9035517"><ele>401.6</ele><time>2025-11-22T16:34:12.000Z</time><extensions><gpxtpx:TrackPointExtension><gpxtpx:hr>144</gpxtpx:hr><gpxtpx:cad>83</gpxtpx:cad><gpxtpx:atemp>12.3</gpxtpx:atemp></gpxtpx:TrackPointExtension></extensions></trkpt>
      <trkpt lat="42.7000150" lon="-71.9035967"><ele>401.6</ele><time>2025-11-22T16:34:14.000Z</time><extensions><gpxtpx:TrackPointExtension><gpxtpx:hr>144</gpxtpx:hr><gpxtpx:cad>85</gpxtpx:cad><gpxtpx:atemp>12.3</gpxtpx:atemp></gpxtpx:TrackPointExtension></extensions></trkpt>
      <trkpt lat="42.7000150" lon="-71.9036233"><ele>401.6</ele><time>2025-11-22T16:34:15.000Z</time><extensions><gpxtpx:TrackPointExtension><gpxtpx:hr>144</gpxtpx:hr><gpxtpx:cad>86</gpxtpx:cad><gpxtpx:atemp>12.3</gpxtpx:atemp></gpxtpx:TrackPointExtension></extensions></trkpt>
      <trkpt lat="42.7000117" lon="-71.9036483"><ele>401.6</ele><time>2025-11-22T16:34:16.000Z</time><extensions><gpxtpx:TrackPointExtension><gpxtpx:hr>144</gpxtpx:hr><gpxtpx:cad>87</gpxtpx:cad><gpxtpx:atemp>12.3</gpxtpx:atemp></gpxtpx:TrackPointExtension></extensions></trkpt>
      <trkpt lat="42.7000083" lon="-71.9036750"><ele>401.6</ele><time>2025-11-22T16:34:17.000Z</time><extensions><gpxtpx:TrackPointExtension><gpxtpx:hr>146</gpxtpx:hr><gpxtpx:cad>87</gpxtpx:cad><gpxtpx:atemp>12.3</gpxtpx:atemp></gpxtpx:TrackPointExtension></extensions></trkpt>
      <trkpt lat="42.7000033" lon="-71.9036983"><ele>401.6</ele><time>2025-11-22T16:34:18.000Z</time><extensions><gpxtpx:TrackPointExtension><gpxtpx:hr>146</gpxtpx:hr><gpxtpx:cad>87</gpxtpx:cad><gpxtpx:atemp>12.4</gpxtpx:atemp></gpxtpx:TrackPointExtension></extensions></trkpt>
      <trkpt lat="42.6999933" lon="-71.9037333"><ele>401.6</ele><time>2025-11-22T16:34:20.000Z</time><extensions><gpxtpx:TrackPointExtension><gpxtpx:hr>145</gpxtpx:hr><gpxtpx:cad>87</gpxtpx:cad><gpxtpx:atemp>12.3</gpxtpx:atemp></gpxtpx:TrackPointExtension></extensions></trkpt>
      <trkpt lat="42.6999733" lon="-71.9037633"><ele>401.6</ele><time>2025-11-22T16:34:22.000Z</time><extensions><gpxtpx:TrackPointExtension><gpxtpx:hr>146</gpxtpx:hr><gpxtpx:cad>79</gpxtpx:cad><gpxtpx:atemp>12.3</gpxtpx:atemp></gpxtpx:TrackPointExtension></extensions></trkpt>
      <trkpt lat="42.6999517" lon="-71.9038033"><ele>401.6</ele><time>2025-11-22T16:34:24.000Z</time><extensions><gpxtpx:TrackPointExtension><gpxtpx:hr>146</gpxtpx:hr><gpxtpx:cad>79</gpxtpx:cad><gpxtpx:atemp>12.3</gpxtpx:atemp></gpxtpx:TrackPointExtension></extensions></trkpt>
      <trkpt lat="42.6999383" lon="-71.9038250"><ele>401.6</ele><time>2025-11-22T16:34:25.000Z</time><extensions><gpxtpx:TrackPointExtension><gpxtpx:hr>147</gpxtpx:hr><gpxtpx:cad>79</gpxtpx:cad><gpxtpx:atemp>12.3</gpxtpx:atemp></gpxtpx:TrackPointExtension></extensions></trkpt>
      <trkpt lat="42.6999217" lon="-71.9038417"><ele>401.6</ele><time>2025-11-22T16:34:26.000Z</time><extensions><gpxtpx:TrackPointExtension><gpxtpx:hr>146</gpxtpx:hr><gpxtpx:cad>84</gpxtpx:cad><gpxtpx:atemp>12.3</gpxtpx:atemp></gpxtpx:TrackPointExtension></extensions></trkpt>
      <trkpt lat="42.6999083" lon="-71.9038650"><ele>401.6</ele><time>2025-11-22T16:34:27.000Z</time><extensions><gpxtpx:TrackPointExtension><gpxtpx:hr>146</gpxtpx:hr><gpxtpx:cad>87</gpxtpx:cad><gpxtpx:atemp>12.3</gpxtpx:atemp></gpxtpx:TrackPointExtension></extensions></trkpt>
      <trkpt lat="42.6998917" lon="-71.9038867"><ele>401.4</ele><time>2025-11-22T16:34:28.000Z</time><extensions><gpxtpx:TrackPointExtension><gpxtpx:hr>146</gpxtpx:hr><gpxtpx:cad>88</gpxtpx:cad><gpxtpx:atemp>12.3</gpxtpx:atemp></gpxtpx:TrackPointExtension></extensions></trkpt>
      <trkpt lat="42.6998750" lon="-71.9039100"><ele>401.4</ele><time>2025-11-22T16:34:29.000Z</time><extensions><gpxtpx:TrackPointExtension><gpxtpx:hr>146</gpxtpx:hr><gpxtpx:cad>91</gpxtpx:cad><gpxtpx:atemp>12.3</gpxtpx:atemp></gpxtpx:TrackPointExtension></extensions></trkpt>
      <trkpt lat="42.6998617" lon="-71.9039350"><ele>401.4</ele><time>2025-11-22T16:34:30.000Z</time><extensions><gpxtpx:TrackPointExtension><gpxtpx:hr>146</gpxtpx:hr><gpxtpx:cad>91</gpxtpx:cad><gpxtpx:atemp>12.3</gpxtpx:atemp></gpxtpx:TrackPointExtension></extensions></trkpt>
      <trkpt lat="42.6998467" lon="-71.9039617"><ele>401.4</ele><time>2025-11-22T16:34:31.000Z</time><extensions><gpxtpx:TrackPointExtension><gpxtpx:hr>147</gpxtpx:hr><gpxtpx:cad>91</gpxtpx:cad><gpxtpx:atemp>12.3</gpxtpx:atemp></gpxtpx:TrackPointExtension></extensions></trkpt>
      <trkpt lat="42.6998317" lon="-71.9039883"><ele>401.4</ele><time>2025-11-22T16:34:32.000Z</time><extensions><gpxtpx:TrackPointExtension><gpxtpx:hr>147</gpxtpx:hr><gpxtpx:cad>90</gpxtpx:cad><gpxtpx:atemp>12.3</gpxtpx:atemp></gpxtpx:TrackPointExtension></extensions></trkpt>
      <trkpt lat="42.6998233" lon="-71.9040183"><ele>401.4</ele><time>2025-11-22T16:34:33.000Z</time><extensions><gpxtpx:TrackPointExtension><gpxtpx:hr>148</gpxtpx:hr><gpxtpx:cad>89</gpxtpx:cad><gpxtpx:atemp>12.3</gpxtpx:atemp></gpxtpx:TrackPointExtension></extensions></trkpt>
      <trkpt lat="42.6998150" lon="-71.9040467"><ele>401.4</ele><time>2025-11-22T16:34:34.000Z</time><extensions><gpxtpx:TrackPointExtension><gpxtpx:hr>148</gpxtpx:hr><gpxtpx:cad>88</gpxtpx:cad><gpxtpx:atemp>12.3</gpxtpx:atemp></gpxtpx:TrackPointExtension></extensions></trkpt>
      <trkpt lat="42.6998050" lon="-71.9040767"><ele>401.2</ele><time>2025-11-22T16:34:35.000Z</time><extensions><gpxtpx:TrackPointExtension><gpxtpx:hr>148</gpxtpx:hr><gpxtpx:cad>87</gpxtpx:cad><gpxtpx:atemp>12.3</gpxtpx:atemp></gpxtpx:TrackPointExtension></extensions></trkpt>
      <trkpt lat="42.6997917" lon="-71.9041017"><ele>401.2</ele><time>2025-11-22T16:34:36.000Z</time><extensions><gpxtpx:TrackPointExtension><gpxtpx:hr>148</gpxtpx:hr><gpxtpx:cad>87</gpxtpx:cad><gpxtpx:atemp>12.4</gpxtpx:atemp></gpxtpx:TrackPointExtension></extensions></trkpt>
      <trkpt lat="42.6997767" lon="-71.9041333"><ele>401.2</ele><time>2025-11-22T16:34:37.000Z</time><extensions><gpxtpx:TrackPointExtension><gpxtpx:hr>148</gpxtpx:hr><gpxtpx:cad>87</gpxtpx:cad><gpxtpx:atemp>12.3</gpxtpx:atemp></gpxtpx:TrackPointExtension></extensions></trkpt>
      <trkpt lat="42.6997683" lon="-71.9041617"><ele>401.0</ele><time>2025-11-22T16:34:38.000Z</time><extensions><gpxtpx:TrackPointExtension><gpxtpx:hr>149</gpxtpx:hr><gpxtpx:cad>87</gpxtpx:cad><gpxtpx:atemp>12.3</gpxtpx:atemp></gpxtpx:TrackPointExtension></extensions></trkpt>
      <trkpt lat="42.6997567" lon="-71.9041933"><ele>401.0</ele><time>2025-11-22T16:34:39.000Z</time><extensions><gpxtpx:TrackPointExtension><gpxtpx:hr>148</gpxtpx:hr><gpxtpx:cad>87</gpxtpx:cad><gpxtpx:atemp>12.3</gpxtpx:atemp></gpxtpx:TrackPointExtension></extensions></trkpt>
      <trkpt lat="42.6997483" lon="-71.9042200"><ele>400.8</ele><time>2025-11-22T16:34:40.000Z</time><extensions><gpxtpx:TrackPointExtension><gpxtpx:hr>149</gpxtpx:hr><gpxtpx:cad>87</gpxtpx:cad><gpxtpx:atemp>12.3</gpxtpx:atemp></gpxtpx:TrackPointExtension></extensions></trkpt>
      <trkpt lat="42.6997383" lon="-71.9042500"><ele>400.8</ele><time>2025-11-22T16:34:41.000Z</time><extensions><gpxtpx:TrackPointExtension><gpxtpx:hr>149</gpxtpx:hr><gpxtpx:cad>87</gpxtpx:cad><gpxtpx:atemp>12.3</gpxtpx:atemp></gpxtpx:TrackPointExtension></extensions></trkpt>
      <trkpt lat="42.6997283" lon="-71.9042817"><ele>400.6</ele><time>2025-11-22T16:34:42.000Z</time><extensions><gpxtpx:TrackPointExtension><gpxtpx:hr>150</gpxtpx:hr><gpxtpx:cad>87</gpxtpx:cad><gpxtpx:atemp>12.3</gpxtpx:atemp></gpxtpx:TrackPointExtension></extensions></trkpt>
      <trkpt lat="42.6997183" lon="-71.9043117"><ele>400.6</ele><time>2025-11-22T16:34:43.000Z</time><extensions><gpxtpx:TrackPointExtension><gpxtpx:hr>149</gpxtpx:hr><gpxtpx:cad>87</gpxtpx:cad><gpxtpx:atemp>12.3</gpxtpx:atemp></gpxtpx:TrackPointExtension></extensions></trkpt>
      <trkpt lat="42.6997083" lon="-71.9043350"><ele>400.4</ele><time>2025-11-22T16:34:44.000Z</time><extensions><gpxtpx:TrackPointExtension><gpxtpx:hr>149</gpxtpx:hr><gpxtpx:cad>87</gpxtpx:cad><gpxtpx:atemp>12.3</gpxtpx:atemp></gpxtpx:TrackPointExtension></extensions></trkpt>
      <trkpt lat="42.6996950" lon="-71.9043717"><ele>400.2</ele><time>2025-11-22T16:34:46.000Z</time><extensions><gpxtpx:TrackPointExtension><gpxtpx:hr>148</gpxtpx:hr><gpxtpx:cad>87</gpxtpx:cad><gpxtpx:atemp>12.3</gpxtpx:atemp></gpxtpx:TrackPointExtension></extensions></trkpt>
      <trkpt lat="42.6996867" lon="-71.9044117"><ele>400.0</ele><time>2025-11-22T16:34:48.000Z</time><extensions><gpxtpx:TrackPointExtension><gpxtpx:hr>148</gpxtpx:hr><gpxtpx:cad>87</gpxtpx:cad><gpxtpx:atemp>12.3</gpxtpx:atemp></gpxtpx:TrackPointExtension></extensions></trkpt>
      <trkpt lat="42.6996783" lon="-71.9044467"><ele>399.6</ele><time>2025-11-22T16:34:50.000Z</time><extensions><gpxtpx:TrackPointExtension><gpxtpx:hr>147</gpxtpx:hr><gpxtpx:cad>85</gpxtpx:cad><gpxtpx:atemp>12.3</gpxtpx:atemp></gpxtpx:TrackPointExtension></extensions></trkpt>
      <trkpt lat="42.6996583" lon="-71.9044717"><ele>399.2</ele><time>2025-11-22T16:34:52.000Z</time><extensions><gpxtpx:TrackPointExtension><gpxtpx:hr>147</gpxtpx:hr><gpxtpx:cad>83</gpxtpx:cad><gpxtpx:atemp>12.3</gpxtpx:atemp></gpxtpx:TrackPointExtension></extensions></trkpt>
      <trkpt lat="42.6996417" lon="-71.9044850"><ele>399.0</ele><time>2025-11-22T16:34:54.000Z</time><extensions><gpxtpx:TrackPointExtension><gpxtpx:hr>147</gpxtpx:hr><gpxtpx:cad>81</gpxtpx:cad><gpxtpx:atemp>12.3</gpxtpx:atemp></gpxtpx:TrackPointExtension></extensions></trkpt>
      <trkpt lat="42.6996217" lon="-71.9045000"><ele>398.6</ele><time>2025-11-22T16:34:56.000Z</time><extensions><gpxtpx:TrackPointExtension><gpxtpx:hr>147</gpxtpx:hr><gpxtpx:cad>76</gpxtpx:cad><gpxtpx:atemp>12.3</gpxtpx:atemp></gpxtpx:TrackPointExtension></extensions></trkpt>
      <trkpt lat="42.6995950" lon="-71.9045133"><ele>398.4</ele><time>2025-11-22T16:34:58.000Z</time><extensions><gpxtpx:TrackPointExtension><gpxtpx:hr>146</gpxtpx:hr><gpxtpx:cad>75</gpxtpx:cad><gpxtpx:atemp>12.3</gpxtpx:atemp></gpxtpx:TrackPointExtension></extensions></trkpt>
      <trkpt lat="42.6995717" lon="-71.9045233"><ele>398.0</ele><time>2025-11-22T16:35:00.000Z</time><extensions><gpxtpx:TrackPointExtension><gpxtpx:hr>144</gpxtpx:hr><gpxtpx:cad>69</gpxtpx:cad><gpxtpx:atemp>12.3</gpxtpx:atemp></gpxtpx:TrackPointExtension></extensions></trkpt>
      <trkpt lat="42.6995483" lon="-71.9045333"><ele>397.8</ele><time>2025-11-22T16:35:02.000Z</time><extensions><gpxtpx:TrackPointExtension><gpxtpx:hr>143</gpxtpx:hr><gpxtpx:cad>60</gpxtpx:cad><gpxtpx:atemp>12.3</gpxtpx:atemp></gpxtpx:TrackPointExtension></extensions></trkpt>
      <trkpt lat="42.6995283" lon="-71.9045500"><ele>397.4</ele><time>2025-11-22T16:35:04.000Z</time><extensions><gpxtpx:TrackPointExtension><gpxtpx:hr>142</gpxtpx:hr><gpxtpx:cad>60</gpxtpx:cad><gpxtpx:atemp>12.2</gpxtpx:atemp></gpxtpx:TrackPointExtension></extensions></trkpt>
      <trkpt lat="42.6995000" lon="-71.9045617"><ele>397.2</ele><time>2025-11-22T16:35:06.000Z</time><extensions><gpxtpx:TrackPointExtension><gpxtpx:hr>142</gpxtpx:hr><gpxtpx:cad>60</gpxtpx:cad><gpxtpx:atemp>12.3</gpxtpx:atemp></gpxtpx:TrackPointExtension></extensions></trkpt>
      <trkpt lat="42.6994717" lon="-71.9045733"><ele>396.8</ele><time>2025-11-22T16:35:08.000Z</time><extensions><gpxtpx:TrackPointExtension><gpxtpx:hr>141</gpxtpx:hr><gpxtpx:cad>70</gpxtpx:cad><gpxtpx:atemp>12.3</gpxtpx:atemp></gpxtpx:TrackPointExtension></extensions></trkpt>
      <trkpt lat="42.6994450" lon="-71.9045967"><ele>396.6</ele><time>2025-11-22T16:35:10.000Z</time><extensions><gpxtpx:TrackPointExtension><gpxtpx:hr>141</gpxtpx:hr><gpxtpx:cad>79</gpxtpx:cad><gpxtpx:atemp>12.3</gpxtpx:atemp></gpxtpx:TrackPointExtension></extensions></trkpt>
      <trkpt lat="42.6994250" lon="-71.9046133"><ele>396.2</ele><time>2025-11-22T16:35:12.000Z</time><extensions><gpxtpx:TrackPointExtension><gpxtpx:hr>141</gpxtpx:hr><gpxtpx:cad>82</gpxtpx:cad><gpxtpx:atemp>12.2</gpxtpx:atemp></gpxtpx:TrackPointExtension></extensions></trkpt>
      <trkpt lat="42.6993983" lon="-71.9046333"><ele>396.0</ele><time>2025-11-22T16:35:14.000Z</time><extensions><gpxtpx:TrackPointExtension><gpxtpx:hr>141</gpxtpx:hr><gpxtpx:cad>82</gpxtpx:cad><gpxtpx:atemp>12.2</gpxtpx:atemp></gpxtpx:TrackPointExtension></extensions></trkpt>
      <trkpt lat="42.6993683" lon="-71.9046500"><ele>395.6</ele><time>2025-11-22T16:35:16.000Z</time><extensions><gpxtpx:TrackPointExtension><gpxtpx:hr>141</gpxtpx:hr><gpxtpx:cad>86</gpxtpx:cad><gpxtpx:atemp>12.2</gpxtpx:atemp></gpxtpx:TrackPointExtension></extensions></trkpt>
      <trkpt lat="42.6993367" lon="-71.9046583"><ele>395.2</ele><time>2025-11-22T16:35:18.000Z</time><extensions><gpxtpx:TrackPointExtension><gpxtpx:hr>141</gpxtpx:hr><gpxtpx:cad>86</gpxtpx:cad><gpxtpx:atemp>12.2</gpxtpx:atemp></gpxtpx:TrackPointExtension></extensions></trkpt>
      <trkpt lat="42.6993050" lon="-71.9046733"><ele>395.0</ele><time>2025-11-22T16:35:20.000Z</time><extensions><gpxtpx:TrackPointExtension><gpxtpx:hr>142</gpxtpx:hr><gpxtpx:cad>85</gpxtpx:cad><gpxtpx:atemp>12.2</gpxtpx:atemp></gpxtpx:TrackPointExtension></extensions></trkpt>
      <trkpt lat="42.6992867" lon="-71.9046800"><ele>394.8</ele><time>2025-11-22T16:35:21.000Z</time><extensions><gpxtpx:TrackPointExtension><gpxtpx:hr>142</gpxtpx:hr><gpxtpx:cad>84</gpxtpx:cad><gpxtpx:atemp>12.2</gpxtpx:atemp></gpxtpx:TrackPointExtension></extensions></trkpt>
      <trkpt lat="42.6992517" lon="-71.9046933"><ele>394.4</ele><time>2025-11-22T16:35:23.000Z</time><extensions><gpxtpx:TrackPointExtension><gpxtpx:hr>143</gpxtpx:hr><gpxtpx:cad>84</gpxtpx:cad><gpxtpx:atemp>12.2</gpxtpx:atemp></gpxtpx:TrackPointExtension></extensions></trkpt>
      <trkpt lat="42.6992217" lon="-71.9047067"><ele>394.0</ele><time>2025-11-22T16:35:25.000Z</time><extensions><gpxtpx:TrackPointExtension><gpxtpx:hr>142</gpxtpx:hr><gpxtpx:cad>84</gpxtpx:cad><gpxtpx:atemp>12.2</gpxtpx:atemp></gpxtpx:TrackPointExtension></extensions></trkpt>
      <trkpt lat="42.6992033" lon="-71.9047150"><ele>393.8</ele><time>2025-11-22T16:35:26.000Z</time><extensions><gpxtpx:TrackPointExtension><gpxtpx:hr>141</gpxtpx:hr><gpxtpx:cad>85</gpxtpx:cad><gpxtpx:atemp>12.2</gpxtpx:atemp></gpxtpx:TrackPointExtension></extensions></trkpt>
      <trkpt lat="42.6991833" lon="-71.9047233"><ele>393.6</ele><time>2025-11-22T16:35:27.000Z</time><extensions><gpxtpx:TrackPointExtension><gpxtpx:hr>139</gpxtpx:hr><gpxtpx:cad>85</gpxtpx:cad><gpxtpx:atemp>12.2</gpxtpx:atemp></gpxtpx:TrackPointExtension></extensions></trkpt>
      <trkpt lat="42.6991600" lon="-71.9047317"><ele>393.4</ele><time>2025-11-22T16:35:28.000Z</time><extensions><gpxtpx:TrackPointExtension><gpxtpx:hr>139</gpxtpx:hr><gpxtpx:cad>85</gpxtpx:cad><gpxtpx:atemp>12.2</gpxtpx:atemp></gpxtpx:TrackPointExtension></extensions></trkpt>
      <trkpt lat="42.6991400" lon="-71.9047400"><ele>393.2</ele><time>2025-11-22T16:35:29.000Z</time><extensions><gpxtpx:TrackPointExtension><gpxtpx:hr>139</gpxtpx:hr><gpxtpx:cad>86</gpxtpx:cad><gpxtpx:atemp>12.2</gpxtpx:atemp></gpxtpx:TrackPointExtension></extensions></trkpt>
      <trkpt lat="42.6991200" lon="-71.9047500"><ele>393.0</ele><time>2025-11-22T16:35:30.000Z</time><extensions><gpxtpx:TrackPointExtension><gpxtpx:hr>139</gpxtpx:hr><gpxtpx:cad>86</gpxtpx:cad><gpxtpx:atemp>12.2</gpxtpx:atemp></gpxtpx:TrackPointExtension></extensions></trkpt>
      <trkpt lat="42.6991017" lon="-71.9047600"><ele>392.8</ele><time>2025-11-22T16:35:31.000Z</time><extensions><gpxtpx:TrackPointExtension><gpxtpx:hr>140</gpxtpx:hr><gpxtpx:cad>86</gpxtpx:cad><gpxtpx:atemp>12.2</gpxtpx:atemp></gpxtpx:TrackPointExtension></extensions></trkpt>
      <trkpt lat="42.6990800" lon="-71.9047667"><ele>392.6</ele><time>2025-11-22T16:35:32.000Z</time><extensions><gpxtpx:TrackPointExtension><gpxtpx:hr>140</gpxtpx:hr><gpxtpx:cad>86</gpxtpx:cad><gpxtpx:atemp>12.3</gpxtpx:atemp></gpxtpx:TrackPointExtension></extensions></trkpt>
      <trkpt lat="42.6990600" lon="-71.9047750"><ele>392.2</ele><time>2025-11-22T16:35:33.000Z</time><extensions><gpxtpx:TrackPointExtension><gpxtpx:hr>141</gpxtpx:hr><gpxtpx:cad>86</gpxtpx:cad><gpxtpx:atemp>12.3</gpxtpx:atemp></gpxtpx:TrackPointExtension></extensions></trkpt>
      <trkpt lat="42.6990400" lon="-71.9047800"><ele>392.0</ele><time>2025-11-22T16:35:34.000Z</time><extensions><gpxtpx:TrackPointExtension><gpxtpx:hr>141</gpxtpx:hr><gpxtpx:cad>86</gpxtpx:cad><gpxtpx:atemp>12.3</gpxtpx:atemp></gpxtpx:TrackPointExtension></extensions></trkpt>
      <trkpt lat="42.6990200" lon="-71.9047800"><ele>392.0</ele><time>2025-11-22T16:35:35.000Z</time><extensions><gpxtpx:TrackPointExtension><gpxtpx:hr>140</gpxtpx:hr><gpxtpx:cad>86</gpxtpx:cad><gpxtpx:atemp>12.2</gpxtpx:atemp></gpxtpx:TrackPointExtension></extensions></trkpt>
      <trkpt lat="42.6989983" lon="-71.9047917"><ele>391.8</ele><time>2025-11-22T16:35:36.000Z</time><extensions><gpxtpx:TrackPointExtension><gpxtpx:hr>140</gpxtpx:hr><gpxtpx:cad>87</gpxtpx:cad><gpxtpx:atemp>12.3</gpxtpx:atemp></gpxtpx:TrackPointExtension></extensions></trkpt>
      <trkpt lat="42.6989767" lon="-71.9048000"><ele>391.6</ele><time>2025-11-22T16:35:37.000Z</time><extensions><gpxtpx:TrackPointExtension><gpxtpx:hr>139</gpxtpx:hr><gpxtpx:cad>87</gpxtpx:cad><gpxtpx:atemp>12.3</gpxtpx:atemp></gpxtpx:TrackPointExtension></extensions></trkpt>
      <trkpt lat="42.6989550" lon="-71.9048033"><ele>391.4</ele><time>2025-11-22T16:35:38.000Z</time><extensions><gpxtpx:TrackPointExtension><gpxtpx:hr>140</gpxtpx:hr><gpxtpx:cad>87</gpxtpx:cad><gpxtpx:atemp>12.3</gpxtpx:atemp></gpxtpx:TrackPointExtension></extensions></trkpt>
      <trkpt lat="42.6989350" lon="-71.9048150"><ele>391.2</ele><time>2025-11-22T16:35:39.000Z</time><extensions><gpxtpx:TrackPointExtension><gpxtpx:hr>140</gpxtpx:hr><gpxtpx:cad>87</gpxtpx:cad><gpxtpx:atemp>12.2</gpxtpx:atemp></gpxtpx:TrackPointExtension></extensions></trkpt>
      <trkpt lat="42.6989117" lon="-71.9048233"><ele>391.2</ele><time>2025-11-22T16:35:40.000Z</time><extensions><gpxtpx:TrackPointExtension><gpxtpx:hr>140</gpxtpx:hr><gpxtpx:cad>87</gpxtpx:cad><gpxtpx:atemp>12.3</gpxtpx:atemp></gpxtpx:TrackPointExtension></extensions></trkpt>
      <trkpt lat="42.6988900" lon="-71.9048300"><ele>391.0</ele><time>2025-11-22T16:35:41.000Z</time><extensions><gpxtpx:TrackPointExtension><gpxtpx:hr>140</gpxtpx:hr><gpxtpx:cad>87</gpxtpx:cad><gpxtpx:atemp>12.3</gpxtpx:atemp></gpxtpx:TrackPointExtension></extensions></trkpt>
      <trkpt lat="42.6988667" lon="-71.9048317"><ele>390.8</ele><time>2025-11-22T16:35:42.000Z</time><extensions><gpxtpx:TrackPointExtension><gpxtpx:hr>139</gpxtpx:hr><gpxtpx:cad>87</gpxtpx:cad><gpxtpx:atemp>12.3</gpxtpx:atemp></gpxtpx:TrackPointExtension></extensions></trkpt>
      <trkpt lat="42.6988433" lon="-71.9048367"><ele>390.8</ele><time>2025-11-22T16:35:43.000Z</time><extensions><gpxtpx:TrackPointExtension><gpxtpx:hr>140</gpxtpx:hr><gpxtpx:cad>87</gpxtpx:cad><gpxtpx:atemp>12.3</gpxtpx:atemp></gpxtpx:TrackPointExtension></extensions></trkpt>
      <trkpt lat="42.6988233" lon="-71.9048400"><ele>390.6</ele><time>2025-11-22T16:35:44.000Z</time><extensions><gpxtpx:TrackPointExtension><gpxtpx:hr>140</gpxtpx:hr><gpxtpx:cad>87</gpxtpx:cad><gpxtpx:atemp>12.3</gpxtpx:atemp></gpxtpx:TrackPointExtension></extensions></trkpt>
      <trkpt lat="42.6987983" lon="-71.9048450"><ele>390.6</ele><time>2025-11-22T16:35:45.000Z</time><extensions><gpxtpx:TrackPointExtension><gpxtpx:hr>140</gpxtpx:hr><gpxtpx:cad>87</gpxtpx:cad><gpxtpx:atemp>12.3</gpxtpx:atemp></gpxtpx:TrackPointExtension></extensions></trkpt>
      <trkpt lat="42.6987767" lon="-71.9048467"><ele>390.4</ele><time>2025-11-22T16:35:46.000Z</time><extensions><gpxtpx:TrackPointExtension><gpxtpx:hr>140</gpxtpx:hr><gpxtpx:cad>87</gpxtpx:cad><gpxtpx:atemp>12.3</gpxtpx:atemp></gpxtpx:TrackPointExtension></extensions></trkpt>
      <trkpt lat="42.6987567" lon="-71.9048500"><ele>390.4</ele><time>2025-11-22T16:35:47.000Z</time><extensions><gpxtpx:TrackPointExtension><gpxtpx:hr>140</gpxtpx:hr><gpxtpx:cad>87</gpxtpx:cad><gpxtpx:atemp>12.3</gpxtpx:atemp></gpxtpx:TrackPointExtension></extensions></trkpt>
      <trkpt lat="42.6987350" lon="-71.9048533"><ele>390.2</ele><time>2025-11-22T16:35:48.000Z</time><extensions><gpxtpx:TrackPointExtension><gpxtpx:hr>140</gpxtpx:hr><gpxtpx:cad>87</gpxtpx:cad><gpxtpx:atemp>12.3</gpxtpx:atemp></gpxtpx:TrackPointExtension></extensions></trkpt>
      <trkpt lat="42.6987150" lon="-71.9048550"><ele>390.2</ele><time>2025-11-22T16:35:49.000Z</time><extensions><gpxtpx:TrackPointExtension><gpxtpx:hr>140</gpxtpx:hr><gpxtpx:cad>87</gpxtpx:cad><gpxtpx:atemp>12.3</gpxtpx:atemp></gpxtpx:TrackPointExtension></extensions></trkpt>
      <trkpt lat="42.6986933" lon="-71.9048567"><ele>390.0</ele><time>2025-11-22T16:35:50.000Z</time><extensions><gpxtpx:TrackPointExtension><gpxtpx:hr>140</gpxtpx:hr><gpxtpx:cad>87</gpxtpx:cad><gpxtpx:atemp>12.3</gpxtpx:atemp></gpxtpx:TrackPointExtension></extensions></trkpt>
      <trkpt lat="42.6986750" lon="-71.9048617"><ele>390.0</ele><time>2025-11-22T16:35:51.000Z</time><extensions><gpxtpx:TrackPointExtension><gpxtpx:hr>141</gpxtpx:hr><gpxtpx:cad>87</gpxtpx:cad><gpxtpx:atemp>12.3</gpxtpx:atemp></gpxtpx:TrackPointExtension></extensions></trkpt>
      <trkpt lat="42.6986383" lon="-71.9048617"><ele>389.8</ele><time>2025-11-22T16:35:53.000Z</time><extensions><gpxtpx:TrackPointExtension><gpxtpx:hr>140</gpxtpx:hr><gpxtpx:cad>87</gpxtpx:cad><gpxtpx:atemp>12.3</gpxtpx:atemp></gpxtpx:TrackPointExtension></extensions></trkpt>
      <trkpt lat="42.6986167" lon="-71.9048600"><ele>389.8</ele><time>2025-11-22T16:35:54.000Z</time><extensions><gpxtpx:TrackPointExtension><gpxtpx:hr>141</gpxtpx:hr><gpxtpx:cad>87</gpxtpx:cad><gpxtpx:atemp>12.3</gpxtpx:atemp></gpxtpx:TrackPointExtension></extensions></trkpt>
      <trkpt lat="42.6985950" lon="-71.9048617"><ele>389.6</ele><time>2025-11-22T16:35:55.000Z</time><extensions><gpxtpx:TrackPointExtension><gpxtpx:hr>141</gpxtpx:hr><gpxtpx:cad>87</gpxtpx:cad><gpxtpx:atemp>12.3</gpxtpx:atemp></gpxtpx:TrackPointExtension></extensions></trkpt>
      <trkpt lat="42.6985750" lon="-71.9048617"><ele>389.4</ele><time>2025-11-22T16:35:56.000Z</time><extensions><gpxtpx:TrackPointExtension><gpxtpx:hr>141</gpxtpx:hr><gpxtpx:cad>87</gpxtpx:cad><gpxtpx:atemp>12.3</gpxtpx:atemp></gpxtpx:TrackPointExtension></extensions></trkpt>
      <trkpt lat="42.6985550" lon="-71.9048550"><ele>389.4</ele><time>2025-11-22T16:35:57.000Z</time><extensions><gpxtpx:TrackPointExtension><gpxtpx:hr>142</gpxtpx:hr><gpxtpx:cad>87</gpxtpx:cad><gpxtpx:atemp>12.3</gpxtpx:atemp></gpxtpx:TrackPointExtension></extensions></trkpt>
      <trkpt lat="42.6985383" lon="-71.9048450"><ele>389.2</ele><time>2025-11-22T16:35:58.000Z</time><extensions><gpxtpx:TrackPointExtension><gpxtpx:hr>142</gpxtpx:hr><gpxtpx:cad>87</gpxtpx:cad><gpxtpx:atemp>12.3</gpxtpx:atemp></gpxtpx:TrackPointExtension></extensions></trkpt>
      <trkpt lat="42.6985050" lon="-71.9048317"><ele>389.0</ele><time>2025-11-22T16:36:00.000Z</time><extensions><gpxtpx:TrackPointExtension><gpxtpx:hr>142</gpxtpx:hr><gpxtpx:cad>87</gpxtpx:cad><gpxtpx:atemp>12.3</gpxtpx:atemp></gpxtpx:TrackPointExtension></extensions></trkpt>
      <trkpt lat="42.6984867" lon="-71.9048317"><ele>389.0</ele><time>2025-11-22T16:36:01.000Z</time><extensions><gpxtpx:TrackPointExtension><gpxtpx:hr>142</gpxtpx:hr><gpxtpx:cad>85</gpxtpx:cad><gpxtpx:atemp>12.3</gpxtpx:atemp></gpxtpx:TrackPointExtension></extensions></trkpt>
      <trkpt lat="42.6984517" lon="-71.9048267"><ele>388.8</ele><time>2025-11-22T16:36:03.000Z</time><extensions><gpxtpx:TrackPointExtension><gpxtpx:hr>144</gpxtpx:hr><gpxtpx:cad>83</gpxtpx:cad><gpxtpx:atemp>12.3</gpxtpx:atemp></gpxtpx:TrackPointExtension></extensions></trkpt>
      <trkpt lat="42.6984250" lon="-71.9048233"><ele>388.6</ele><time>2025-11-22T16:36:05.000Z</time><extensions><gpxtpx:TrackPointExtension><gpxtpx:hr>143</gpxtpx:hr><gpxtpx:cad>82</gpxtpx:cad><gpxtpx:atemp>12.3</gpxtpx:atemp></gpxtpx:TrackPointExtension></extensions></trkpt>
      <trkpt lat="42.6983950" lon="-71.9048167"><ele>388.6</ele><time>2025-11-22T16:36:07.000Z</time><extensions><gpxtpx:TrackPointExtension><gpxtpx:hr>143</gpxtpx:hr><gpxtpx:cad>79</gpxtpx:cad><gpxtpx:atemp>12.3</gpxtpx:atemp></gpxtpx:TrackPointExtension></extensions></trkpt>
      <trkpt lat="42.6983700" lon="-71.9048183"><ele>388.4</ele><time>2025-11-22T16:36:09.000Z</time><extensions><gpxtpx:TrackPointExtension><gpxtpx:hr>141</gpxtpx:hr><gpxtpx:cad>76</gpxtpx:cad><gpxtpx:atemp>12.3</gpxtpx:atemp></gpxtpx:TrackPointExtension></extensions></trkpt>
      <trkpt lat="42.6983433" lon="-71.9048150"><ele>388.2</ele><time>2025-11-22T16:36:11.000Z</time><extensions><gpxtpx:TrackPointExtension><gpxtpx:hr>141</gpxtpx:hr><gpxtpx:cad>73</gpxtpx:cad><gpxtpx:atemp>12.3</gpxtpx:atemp></gpxtpx:TrackPointExtension></extensions></trkpt>
      <trkpt lat="42.6983167" lon="-71.9048100"><ele>388.2</ele><time>2025-11-22T16:36:13.000Z</time><extensions><gpxtpx:TrackPointExtension><gpxtpx:hr>140</gpxtpx:hr><gpxtpx:cad>69</gpxtpx:cad><gpxtpx:atemp>12.3</gpxtpx:atemp></gpxtpx:TrackPointExtension></extensions></trkpt>
      <trkpt lat="42.6982950" lon="-71.9048033"><ele>388.0</ele><time>2025-11-22T16:36:15.000Z</time><extensions><gpxtpx:TrackPointExtension><gpxtpx:hr>137</gpxtpx:hr><gpxtpx:cad>67</gpxtpx:cad><gpxtpx:atemp>12.3</gpxtpx:atemp></gpxtpx:TrackPointExtension></extensions></trkpt>
      <trkpt lat="42.6982700" lon="-71.9047983"><ele>387.8</ele><time>2025-11-22T16:36:17.000Z</time><extensions><gpxtpx:TrackPointExtension><gpxtpx:hr>134</gpxtpx:hr><gpxtpx:cad>67</gpxtpx:cad><gpxtpx:atemp>12.3</gpxtpx:atemp></gpxtpx:TrackPointExtension></extensions></trkpt>
      <trkpt lat="42.6982433" lon="-71.9047967"><ele>387.6</ele><time>2025-11-22T16:36:19.000Z</time><extensions><gpxtpx:TrackPointExtension><gpxtpx:hr>133</gpxtpx:hr><gpxtpx:cad>67</gpxtpx:cad><gpxtpx:atemp>12.3</gpxtpx:atemp></gpxtpx:TrackPointExtension></extensions></trkpt>
      <trkpt lat="42.6982167" lon="-71.9047933"><ele>387.2</ele><time>2025-11-22T16:36:21.000Z</time><extensions><gpxtpx:TrackPointExtension><gpxtpx:hr>132</gpxtpx:hr><gpxtpx:cad>67</gpxtpx:cad><gpxtpx:atemp>12.3</gpxtpx:atemp></gpxtpx:TrackPointExtension></extensions></trkpt>
      <trkpt lat="42.6981900" lon="-71.9047833"><ele>387.0</ele><time>2025-11-22T16:36:23.000Z</time><extensions><gpxtpx:TrackPointExtension><gpxtpx:hr>132</gpxtpx:hr><gpxtpx:cad>66</gpxtpx:cad><gpxtpx:atemp>12.3</gpxtpx:atemp></gpxtpx:TrackPointExtension></extensions></trkpt>
      <trkpt lat="42.6981617" lon="-71.9047733"><ele>386.8</ele><time>2025-11-22T16:36:25.000Z</time><extensions><gpxtpx:TrackPointExtension><gpxtpx:hr>131</gpxtpx:hr><gpxtpx:cad>66</gpxtpx:cad><gpxtpx:atemp>12.3</gpxtpx:atemp></gpxtpx:TrackPointExtension></extensions></trkpt>
      <trkpt lat="42.6981350" lon="-71.9047633"><ele>386.6</ele><time>2025-11-22T16:36:27.000Z</time><extensions><gpxtpx:TrackPointExtension><gpxtpx:hr>133</gpxtpx:hr><gpxtpx:cad>66</gpxtpx:cad><gpxtpx:atemp>12.3</gpxtpx:atemp></gpxtpx:TrackPointExtension></extensions></trkpt>
      <trkpt lat="42.6981100" lon="-71.9047550"><ele>386.4</ele><time>2025-11-22T16:36:29.000Z</time><extensions><gpxtpx:TrackPointExtension><gpxtpx:hr>132</gpxtpx:hr><gpxtpx:cad>66</gpxtpx:cad><gpxtpx:atemp>12.3</gpxtpx:atemp></gpxtpx:TrackPointExtension></extensions></trkpt>
      <trkpt lat="42.6980883" lon="-71.9047400"><ele>386.2</ele><time>2025-11-22T16:36:31.000Z</time><extensions><gpxtpx:TrackPointExtension><gpxtpx:hr>130</gpxtpx:hr><gpxtpx:cad>66</gpxtpx:cad><gpxtpx:atemp>12.3</gpxtpx:atemp></gpxtpx:TrackPointExtension></extensions></trkpt>
      <trkpt lat="42.6980633" lon="-71.9047233"><ele>386.0</ele><time>2025-11-22T16:36:33.000Z</time><extensions><gpxtpx:TrackPointExtension><gpxtpx:hr>129</gpxtpx:hr><gpxtpx:cad>66</gpxtpx:cad><gpxtpx:atemp>12.3</gpxtpx:atemp></gpxtpx:TrackPointExtension></extensions></trkpt>
      <trkpt lat="42.6980383" lon="-71.9047083"><ele>386.0</ele><time>2025-11-22T16:36:35.000Z</time><extensions><gpxtpx:TrackPointExtension><gpxtpx:hr>129</gpxtpx:hr><gpxtpx:cad>66</gpxtpx:cad><gpxtpx:atemp>12.3</gpxtpx:atemp></gpxtpx:TrackPointExtension></extensions></trkpt>
      <trkpt lat="42.6980133" lon="-71.9047000"><ele>385.8</ele><time>2025-11-22T16:36:37.000Z</time><extensions><gpxtpx:TrackPointExtension><gpxtpx:hr>129</gpxtpx:hr><gpxtpx:cad>66</gpxtpx:cad><gpxtpx:atemp>12.3</gpxtpx:atemp></gpxtpx:TrackPointExtension></extensions></trkpt>
      <trkpt lat="42.6979883" lon="-71.9046950"><ele>385.6</ele><time>2025-11-22T16:36:39.000Z</time><extensions><gpxtpx:TrackPointExtension><gpxtpx:hr>128</gpxtpx:hr><gpxtpx:cad>66</gpxtpx:cad><gpxtpx:atemp>12.3</gpxtpx:atemp></gpxtpx:TrackPointExtension></extensions></trkpt>
      <trkpt lat="42.6979617" lon="-71.9046867"><ele>385.6</ele><time>2025-11-22T16:36:41.000Z</time><extensions><gpxtpx:TrackPointExtension><gpxtpx:hr>127</gpxtpx:hr><gpxtpx:cad>66</gpxtpx:cad><gpxtpx:atemp>12.3</gpxtpx:atemp></gpxtpx:TrackPointExtension></extensions></trkpt>
      <trkpt lat="42.6979317" lon="-71.9046833"><ele>385.4</ele><time>2025-11-22T16:36:43.000Z</time><extensions><gpxtpx:TrackPointExtension><gpxtpx:hr>127</gpxtpx:hr><gpxtpx:cad>66</gpxtpx:cad><gpxtpx:atemp>12.3</gpxtpx:atemp></gpxtpx:TrackPointExtension></extensions></trkpt>
      <trkpt lat="42.6979067" lon="-71.9046783"><ele>385.2</ele><time>2025-11-22T16:36:45.000Z</time><extensions><gpxtpx:TrackPointExtension><gpxtpx:hr>127</gpxtpx:hr><gpxtpx:cad>66</gpxtpx:cad><gpxtpx:atemp>12.3</gpxtpx:atemp></gpxtpx:TrackPointExtension></extensions></trkpt>
      <trkpt lat="42.6978817" lon="-71.9046700"><ele>385.2</ele><time>2025-11-22T16:36:47.000Z</time><extensions><gpxtpx:TrackPointExtension><gpxtpx:hr>126</gpxtpx:hr><gpxtpx:cad>66</gpxtpx:cad><gpxtpx:atemp>12.3</gpxtpx:atemp></gpxtpx:TrackPointExtension></extensions></trkpt>
      <trkpt lat="42.6978567" lon="-71.9046600"><ele>385.0</ele><time>2025-11-22T16:36:49.000Z</time><extensions><gpxtpx:TrackPointExtension><gpxtpx:hr>125</gpxtpx:hr><gpxtpx:cad>66</gpxtpx:cad><gpxtpx:atemp>12.3</gpxtpx:atemp></gpxtpx:TrackPointExtension></extensions></trkpt>
      <trkpt lat="42.6978317" lon="-71.9046450"><ele>384.8</ele><time>2025-11-22T16:36:51.000Z</time><extensions><gpxtpx:TrackPointExtension><gpxtpx:hr>124</gpxtpx:hr><gpxtpx:cad>66</gpxtpx:cad><gpxtpx:atemp>12.3</gpxtpx:atemp></gpxtpx:TrackPointExtension></extensions></trkpt>
      <trkpt lat="42.6978050" lon="-71.9046283"><ele>384.6</ele><time>2025-11-22T16:36:53.000Z</time><extensions><gpxtpx:TrackPointExtension><gpxtpx:hr>124</gpxtpx:hr><gpxtpx:cad>66</gpxtpx:cad><gpxtpx:atemp>12.3</gpxtpx:atemp></gpxtpx:TrackPointExtension></extensions></trkpt>
      <trkpt lat="42.6977800" lon="-71.9046200"><ele>384.4</ele><time>2025-11-22T16:36:55.000Z</time><extensions><gpxtpx:TrackPointExtension><gpxtpx:hr>122</gpxtpx:hr><gpxtpx:cad>66</gpxtpx:cad><gpxtpx:atemp>12.3</gpxtpx:atemp></gpxtpx:TrackPointExtension></extensions></trkpt>
      <trkpt lat="42.6977567" lon="-71.9046033"><ele>384.4</ele><time>2025-11-22T16:36:57.000Z</time><extensions><gpxtpx:TrackPointExtension><gpxtpx:hr>124</gpxtpx:hr><gpxtpx:cad>66</gpxtpx:cad><gpxtpx:atemp>12.3</gpxtpx:atemp></gpxtpx:TrackPointExtension></extensions></trkpt>
      <trkpt lat="42.6977317" lon="-71.9045883"><ele>384.2</ele><time>2025-11-22T16:36:59.000Z</time><extensions><gpxtpx:TrackPointExtension><gpxtpx:hr>124</gpxtpx:hr><gpxtpx:cad>66</gpxtpx:cad><gpxtpx:atemp>12.3</gpxtpx:atemp></gpxtpx:TrackPointExtension></extensions></trkpt>
      <trkpt lat="42.6977083" lon="-71.9045717"><ele>384.2</ele><time>2025-11-22T16:37:01.000Z</time><extensions><gpxtpx:TrackPointExtension><gpxtpx:hr>125</gpxtpx:hr><gpxtpx:cad>66</gpxtpx:cad><gpxtpx:atemp>12.4</gpxtpx:atemp></gpxtpx:TrackPointExtension></extensions></trkpt>
      <trkpt lat="42.6976850" lon="-71.9045617"><ele>384.2</ele><time>2025-11-22T16:37:03.000Z</time><extensions><gpxtpx:TrackPointExtension><gpxtpx:hr>126</gpxtpx:hr><gpxtpx:cad>66</gpxtpx:cad><gpxtpx:atemp>12.4</gpxtpx:atemp></gpxtpx:TrackPointExtension></extensions></trkpt>
      <trkpt lat="42.6976633" lon="-71.9045483"><ele>384.2</ele><time>2025-11-22T16:37:05.000Z</time><extensions><gpxtpx:TrackPointExtension><gpxtpx:hr>124</gpxtpx:hr><gpxtpx:cad>66</gpxtpx:cad><gpxtpx:atemp>12.4</gpxtpx:atemp></gpxtpx:TrackPointExtension></extensions></trkpt>
      <trkpt lat="42.6976400" lon="-71.9045350"><ele>384.0</ele><time>2025-11-22T16:37:07.000Z</time><extensions><gpxtpx:TrackPointExtension><gpxtpx:hr>127</gpxtpx:hr><gpxtpx:cad>66</gpxtpx:cad><gpxtpx:atemp>12.4</gpxtpx:atemp></gpxtpx:TrackPointExtension></extensions></trkpt>
      <trkpt lat="42.6976117" lon="-71.9045167"><ele>384.0</ele><time>2025-11-22T16:37:09.000Z</time><extensions><gpxtpx:TrackPointExtension><gpxtpx:hr>126</gpxtpx:hr><gpxtpx:cad>66</gpxtpx:cad><gpxtpx:atemp>12.4</gpxtpx:atemp></gpxtpx:TrackPointExtension></extensions></trkpt>
      <trkpt lat="42.6975883" lon="-71.9044983"><ele>384.2</ele><time>2025-11-22T16:37:11.000Z</time><extensions><gpxtpx:TrackPointExtension><gpxtpx:hr>125</gpxtpx:hr><gpxtpx:cad>66</gpxtpx:cad><gpxtpx:atemp>12.4</gpxtpx:atemp></gpxtpx:TrackPointExtension></extensions></trkpt>
      <trkpt lat="42.6975650" lon="-71.9044767"><ele>384.2</ele><time>2025-11-22T16:37:13.000Z</time><extensions><gpxtpx:TrackPointExtension><gpxtpx:hr>126</gpxtpx:hr><gpxtpx:cad>66</gpxtpx:cad><gpxtpx:atemp>12.4</gpxtpx:atemp></gpxtpx:TrackPointExtension></extensions></trkpt>
      <trkpt lat="42.6975383" lon="-71.9044667"><ele>384.2</ele><time>2025-11-22T16:37:15.000Z</time><extensions><gpxtpx:TrackPointExtension><gpxtpx:hr>128</gpxtpx:hr><gpxtpx:cad>66</gpxtpx:cad><gpxtpx:atemp>12.4</gpxtpx:atemp></gpxtpx:TrackPointExtension></extensions></trkpt>
      <trkpt lat="42.6975083" lon="-71.9044583"><ele>384.4</ele><time>2025-11-22T16:37:17.000Z</time><extensions><gpxtpx:TrackPointExtension><gpxtpx:hr>129</gpxtpx:hr><gpxtpx:cad>66</gpxtpx:cad><gpxtpx:atemp>12.4</gpxtpx:atemp></gpxtpx:TrackPointExtension></extensions></trkpt>
      <trkpt lat="42.6974783" lon="-71.9044467"><ele>384.6</ele><time>2025-11-22T16:37:19.000Z</time><extensions><gpxtpx:TrackPointExtension><gpxtpx:hr>128</gpxtpx:hr><gpxtpx:cad>66</gpxtpx:cad><gpxtpx:atemp>12.4</gpxtpx:atemp></gpxtpx:TrackPointExtension></extensions></trkpt>
      <trkpt lat="42.6974483" lon="-71.9044383"><ele>384.8</ele><time>2025-11-22T16:37:21.000Z</time><extensions><gpxtpx:TrackPointExtension><gpxtpx:hr>130</gpxtpx:hr><gpxtpx:cad>67</gpxtpx:cad><gpxtpx:atemp>12.4</gpxtpx:atemp></gpxtpx:TrackPointExtension></extensions></trkpt>
      <trkpt lat="42.6974167" lon="-71.9044267"><ele>385.0</ele><time>2025-11-22T16:37:23.000Z</time><extensions><gpxtpx:TrackPointExtension><gpxtpx:hr>131</gpxtpx:hr><gpxtpx:cad>67</gpxtpx:cad><gpxtpx:atemp>12.4</gpxtpx:atemp></gpxtpx:TrackPointExtension></extensions></trkpt>
      <trkpt lat="42.6973967" lon="-71.9044217"><ele>385.0</ele><time>2025-11-22T16:37:24.000Z</time><extensions><gpxtpx:TrackPointExtension><gpxtpx:hr>130</gpxtpx:hr><gpxtpx:cad>67</gpxtpx:cad><gpxtpx:atemp>12.4</gpxtpx:atemp></gpxtpx:TrackPointExtension></extensions></trkpt>
      <trkpt lat="42.6973650" lon="-71.9044100"><ele>385.2</ele><time>2025-11-22T16:37:26.000Z</time><extensions><gpxtpx:TrackPointExtension><gpxtpx:hr>130</gpxtpx:hr><gpxtpx:cad>67</gpxtpx:cad><gpxtpx:atemp>12.4</gpxtpx:atemp></gpxtpx:TrackPointExtension></extensions></trkpt>
      <trkpt lat="42.6973350" lon="-71.9044050"><ele>385.4</ele><time>2025-11-22T16:37:28.000Z</time><extensions><gpxtpx:TrackPointExtension><gpxtpx:hr>131</gpxtpx:hr><gpxtpx:cad>67</gpxtpx:cad><gpxtpx:atemp>12.4</gpxtpx:atemp></gpxtpx:TrackPointExtension></extensions></trkpt>
      <trkpt lat="42.6973167" lon="-71.9044067"><ele>385.4</ele><time>2025-11-22T16:37:29.000Z</time><extensions><gpxtpx:TrackPointExtension><gpxtpx:hr>131</gpxtpx:hr><gpxtpx:cad>67</gpxtpx:cad><gpxtpx:atemp>12.4</gpxtpx:atemp></gpxtpx:TrackPointExtension></extensions></trkpt>
      <trkpt lat="42.6972867" lon="-71.9043983"><ele>385.6</ele><time>2025-11-22T16:37:31.000Z</time><extensions><gpxtpx:TrackPointExtension><gpxtpx:hr>133</gpxtpx:hr><gpxtpx:cad>67</gpxtpx:cad><gpxtpx:atemp>12.4</gpxtpx:atemp></gpxtpx:TrackPointExtension></extensions></trkpt>
      <trkpt lat="42.6972583" lon="-71.9044017"><ele>385.8</ele><time>2025-11-22T16:37:33.000Z</time><extensions><gpxtpx:TrackPointExtension><gpxtpx:hr>135</gpxtpx:hr><gpxtpx:cad>67</gpxtpx:cad><gpxtpx:atemp>12.4</gpxtpx:atemp></gpxtpx:TrackPointExtension></extensions></trkpt>
      <trkpt lat="42.6972333" lon="-71.9044033"><ele>385.8</ele><time>2025-11-22T16:37:35.000Z</time><extensions><gpxtpx:TrackPointExtension><gpxtpx:hr>135</gpxtpx:hr><gpxtpx:cad>68</gpxtpx:cad><gpxtpx:atemp>12.4</gpxtpx:atemp></gpxtpx:TrackPointExtension></extensions></trkpt>
      <trkpt lat="42.6972050" lon="-71.9043967"><ele>386.0</ele><time>2025-11-22T16:37:37.000Z</time><extensions><gpxtpx:TrackPointExtension><gpxtpx:hr>135</gpxtpx:hr><gpxtpx:cad>67</gpxtpx:cad><gpxtpx:atemp>12.4</gpxtpx:atemp></gpxtpx:TrackPointExtension></extensions></trkpt>
      <trkpt lat="42.6971733" lon="-71.9043867"><ele>386.2</ele><time>2025-11-22T16:37:39.000Z</time><extensions><gpxtpx:TrackPointExtension><gpxtpx:hr>136</gpxtpx:hr><gpxtpx:cad>67</gpxtpx:cad><gpxtpx:atemp>12.4</gpxtpx:atemp></gpxtpx:TrackPointExtension></extensions></trkpt>
      <trkpt lat="42.6971467" lon="-71.9043800"><ele>386.2</ele><time>2025-11-22T16:37:41.000Z</time><extensions><gpxtpx:TrackPointExtension><gpxtpx:hr>134</gpxtpx:hr><gpxtpx:cad>67</gpxtpx:cad><gpxtpx:atemp>12.4</gpxtpx:atemp></gpxtpx:TrackPointExtension></extensions></trkpt>
      <trkpt lat="42.6971200" lon="-71.9043750"><ele>386.4</ele><time>2025-11-22T16:37:43.000Z</time><extensions><gpxtpx:TrackPointExtension><gpxtpx:hr>133</gpxtpx:hr><gpxtpx:cad>67</gpxtpx:cad><gpxtpx:atemp>12.4</gpxtpx:atemp></gpxtpx:TrackPointExtension></extensions></trkpt>
      <trkpt lat="42.6970867" lon="-71.9043650"><ele>386.6</ele><time>2025-11-22T16:37:45.000Z</time><extensions><gpxtpx:TrackPointExtension><gpxtpx:hr>133</gpxtpx:hr><gpxtpx:cad>67</gpxtpx:cad><gpxtpx:atemp>12.4</gpxtpx:atemp></gpxtpx:TrackPointExtension></extensions></trkpt>
      <trkpt lat="42.6970533" lon="-71.9043617"><ele>386.8</ele><time>2025-11-22T16:37:47.000Z</time><extensions><gpxtpx:TrackPointExtension><gpxtpx:hr>133</gpxtpx:hr><gpxtpx:cad>66</gpxtpx:cad><gpxtpx:atemp>12.4</gpxtpx:atemp></gpxtpx:TrackPointExtension></extensions></trkpt>
      <trkpt lat="42.6970217" lon="-71.9043667"><ele>387.0</ele><time>2025-11-22T16:37:49.000Z</time><extensions><gpxtpx:TrackPointExtension><gpxtpx:hr>133</gpxtpx:hr><gpxtpx:cad>62</gpxtpx:cad><gpxtpx:atemp>12.4</gpxtpx:atemp></gpxtpx:TrackPointExtension></extensions></trkpt>
      <trkpt lat="42.6969983" lon="-71.9043733"><ele>387.2</ele><time>2025-11-22T16:37:51.000Z</time><extensions><gpxtpx:TrackPointExtension><gpxtpx:hr>135</gpxtpx:hr><gpxtpx:cad>62</gpxtpx:cad><gpxtpx:atemp>12.4</gpxtpx:atemp></gpxtpx:TrackPointExtension></extensions></trkpt>
      <trkpt lat="42.6969717" lon="-71.9043950"><ele>387.4</ele><time>2025-11-22T16:37:53.000Z</time><extensions><gpxtpx:TrackPointExtension><gpxtpx:hr>134</gpxtpx:hr><gpxtpx:cad>55</gpxtpx:cad><gpxtpx:atemp>12.4</gpxtpx:atemp></gpxtpx:TrackPointExtension></extensions></trkpt>
      <trkpt lat="42.6969517" lon="-71.9044050"><ele>387.4</ele><time>2025-11-22T16:37:55.000Z</time><extensions><gpxtpx:TrackPointExtension><gpxtpx:hr>133</gpxtpx:hr><gpxtpx:cad>55</gpxtpx:cad><gpxtpx:atemp>12.4</gpxtpx:atemp></gpxtpx:TrackPointExtension></extensions></trkpt>
      <trkpt lat="42.6969250" lon="-71.9044150"><ele>387.6</ele><time>2025-11-22T16:37:57.000Z</time><extensions><gpxtpx:TrackPointExtension><gpxtpx:hr>130</gpxtpx:hr><gpxtpx:cad>57</gpxtpx:cad><gpxtpx:atemp>12.4</gpxtpx:atemp></gpxtpx:TrackPointExtension></extensions></trkpt>
      <trkpt lat="42.6968983" lon="-71.9044217"><ele>387.6</ele><time>2025-11-22T16:37:59.000Z</time><extensions><gpxtpx:TrackPointExtension><gpxtpx:hr>128</gpxtpx:hr><gpxtpx:cad>59</gpxtpx:cad><gpxtpx:atemp>12.4</gpxtpx:atemp></gpxtpx:TrackPointExtension></extensions></trkpt>
      <trkpt lat="42.6968683" lon="-71.9044250"><ele>387.6</ele><time>2025-11-22T16:38:01.000Z</time><extensions><gpxtpx:TrackPointExtension><gpxtpx:hr>127</gpxtpx:hr><gpxtpx:cad>60</gpxtpx:cad><gpxtpx:atemp>12.4</gpxtpx:atemp></gpxtpx:TrackPointExtension></extensions></trkpt>
      <trkpt lat="42.6968450" lon="-71.9044367"><ele>387.6</ele><time>2025-11-22T16:38:03.000Z</time><extensions><gpxtpx:TrackPointExtension><gpxtpx:hr>127</gpxtpx:hr><gpxtpx:cad>60</gpxtpx:cad><gpxtpx:atemp>12.4</gpxtpx:atemp></gpxtpx:TrackPointExtension></extensions></trkpt>
      <trkpt lat="42.6968133" lon="-71.9044450"><ele>387.8</ele><time>2025-11-22T16:38:05.000Z</time><extensions><gpxtpx:TrackPointExtension><gpxtpx:hr>127</gpxtpx:hr><gpxtpx:cad>61</gpxtpx:cad><gpxtpx:atemp>12.4</gpxtpx:atemp></gpxtpx:TrackPointExtension></extensions></trkpt>
      <trkpt lat="42.6967883" lon="-71.9044500"><ele>387.8</ele><time>2025-11-22T16:38:07.000Z</time><extensions><gpxtpx:TrackPointExtension><gpxtpx:hr>127</gpxtpx:hr><gpxtpx:cad>61</gpxtpx:cad><gpxtpx:atemp>12.4</gpxtpx:atemp></gpxtpx:TrackPointExtension></extensions></trkpt>
      <trkpt lat="42.6967633" lon="-71.9044567"><ele>387.8</ele><time>2025-11-22T16:38:09.000Z</time><extensions><gpxtpx:TrackPointExtension><gpxtpx:hr>127</gpxtpx:hr><gpxtpx:cad>62</gpxtpx:cad><gpxtpx:atemp>12.4</gpxtpx:atemp></gpxtpx:TrackPointExtension></extensions></trkpt>
      <trkpt lat="42.6967400" lon="-71.9044583"><ele>387.6</ele><time>2025-11-22T16:38:11.000Z</time><extensions><gpxtpx:TrackPointExtension><gpxtpx:hr>128</gpxtpx:hr><gpxtpx:cad>62</gpxtpx:cad><gpxtpx:atemp>12.4</gpxtpx:atemp></gpxtpx:TrackPointExtension></extensions></trkpt>
      <trkpt lat="42.6967133" lon="-71.9044600"><ele>387.6</ele><time>2025-11-22T16:38:13.000Z</time><extensions><gpxtpx:TrackPointExtension><gpxtpx:hr>127</gpxtpx:hr><gpxtpx:cad>62</gpxtpx:cad><gpxtpx:atemp>12.4</gpxtpx:atemp></gpxtpx:TrackPointExtension></extensions></trkpt>
      <trkpt lat="42.6966917" lon="-71.9044700"><ele>387.4</ele><time>2025-11-22T16:38:15.000Z</time><extensions><gpxtpx:TrackPointExtension><gpxtpx:hr>130</gpxtpx:hr><gpxtpx:cad>61</gpxtpx:cad><gpxtpx:atemp>12.4</gpxtpx:atemp></gpxtpx:TrackPointExtension></extensions></trkpt>
      <trkpt lat="42.6966667" lon="-71.9044850"><ele>387.4</ele><time>2025-11-22T16:38:17.000Z</time><extensions><gpxtpx:TrackPointExtension><gpxtpx:hr>128</gpxtpx:hr><gpxtpx:cad>61</gpxtpx:cad><gpxtpx:atemp>12.4</gpxtpx:atemp></gpxtpx:TrackPointExtension></extensions></trkpt>
      <trkpt lat="42.6966517" lon="-71.9045067"><ele>387.4</ele><time>2025-11-22T16:38:19.000Z</time><extensions><gpxtpx:TrackPointExtension><gpxtpx:hr>125</gpxtpx:hr><gpxtpx:cad>61</gpxtpx:cad><gpxtpx:atemp>12.4</gpxtpx:atemp></gpxtpx:TrackPointExtension></extensions></trkpt>
      <trkpt lat="42.6966467" lon="-71.9045300"><ele>387.4</ele><time>2025-11-22T16:38:21.000Z</time><extensions><gpxtpx:TrackPointExtension><gpxtpx:hr>125</gpxtpx:hr><gpxtpx:cad>61</gpxtpx:cad><gpxtpx:atemp>12.5</gpxtpx:atemp></gpxtpx:TrackPointExtension></extensions></trkpt>
      <trkpt lat="42.6966550" lon="-71.9044967"><ele>387.6</ele><time>2025-11-22T16:39:01.000Z</time><extensions><gpxtpx:TrackPointExtension><gpxtpx:hr>116</gpxtpx:hr><gpxtpx:cad>54</gpxtpx:cad><gpxtpx:atemp>13.0</gpxtpx:atemp></gpxtpx:TrackPointExtension></extensions></trkpt>
      <trkpt lat="42.6966417" lon="-71.9044767"><ele>386.8</ele><time>2025-11-22T16:39:08.000Z</time><extensions><gpxtpx:TrackPointExtension><gpxtpx:hr>113</gpxtpx:hr><gpxtpx:cad>56</gpxtpx:cad><gpxtpx:atemp>13.2</gpxtpx:atemp></gpxtpx:TrackPointExtension></extensions></trkpt>
      <trkpt lat="42.6966200" lon="-71.9044733"><ele>386.6</ele><time>2025-11-22T16:39:09.000Z</time><extensions><gpxtpx:TrackPointExtension><gpxtpx:hr>113</gpxtpx:hr><gpxtpx:cad>52</gpxtpx:cad><gpxtpx:atemp>13.2</gpxtpx:atemp></gpxtpx:TrackPointExtension></extensions></trkpt>
      <trkpt lat="42.6965867" lon="-71.9044667"><ele>386.6</ele><time>2025-11-22T16:39:10.000Z</time><extensions><gpxtpx:TrackPointExtension><gpxtpx:hr>113</gpxtpx:hr><gpxtpx:cad>52</gpxtpx:cad><gpxtpx:atemp>13.2</gpxtpx:atemp></gpxtpx:TrackPointExtension></extensions></trkpt>
      <trkpt lat="42.6965417" lon="-71.9044600"><ele>386.4</ele><time>2025-11-22T16:39:11.000Z</time><extensions><gpxtpx:TrackPointExtension><gpxtpx:hr>113</gpxtpx:hr><gpxtpx:cad>52</gpxtpx:cad><gpxtpx:atemp>13.2</gpxtpx:atemp></gpxtpx:TrackPointExtension></extensions></trkpt>
      <trkpt lat="42.6964933" lon="-71.9044483"><ele>386.4</ele><time>2025-11-22T16:39:12.000Z</time><extensions><gpxtpx:TrackPointExtension><gpxtpx:hr>111</gpxtpx:hr><gpxtpx:cad>46</gpxtpx:cad><gpxtpx:atemp>13.2</gpxtpx:atemp></gpxtpx:TrackPointExtension></extensions></trkpt>
      <trkpt lat="42.6964450" lon="-71.9044450"><ele>386.2</ele><time>2025-11-22T16:39:13.000Z</time><extensions><gpxtpx:TrackPointExtension><gpxtpx:hr>107</gpxtpx:hr><gpxtpx:cad>46</gpxtpx:cad><gpxtpx:atemp>13.2</gpxtpx:atemp></gpxtpx:TrackPointExtension></extensions></trkpt>
      <trkpt lat="42.6964033" lon="-71.9044483"><ele>386.2</ele><time>2025-11-22T16:39:14.000Z</time><extensions><gpxtpx:TrackPointExtension><gpxtpx:hr>106</gpxtpx:hr><gpxtpx:cad>69</gpxtpx:cad><gpxtpx:atemp>13.2</gpxtpx:atemp></gpxtpx:TrackPointExtension></extensions></trkpt>
      <trkpt lat="42.6963667" lon="-71.9044550"><ele>386.0</ele><time>2025-11-22T16:39:15.000Z</time><extensions><gpxtpx:TrackPointExtension><gpxtpx:hr>102</gpxtpx:hr><gpxtpx:cad>69</gpxtpx:cad><gpxtpx:atemp>13.3</gpxtpx:atemp></gpxtpx:TrackPointExtension></extensions></trkpt>
      <trkpt lat="42.6963483" lon="-71.9044650"><ele>386.0</ele><time>2025-11-22T16:39:16.000Z</time><extensions><gpxtpx:TrackPointExtension><gpxtpx:hr>100</gpxtpx:hr><gpxtpx:cad>69</gpxtpx:cad><gpxtpx:atemp>13.3</gpxtpx:atemp></gpxtpx:TrackPointExtension></extensions></trkpt>
      <trkpt lat="42.6963283" lon="-71.9044700"><ele>385.8</ele><time>2025-11-22T16:39:17.000Z</time><extensions><gpxtpx:TrackPointExtension><gpxtpx:hr>100</gpxtpx:hr><gpxtpx:cad>69</gpxtpx:cad><gpxtpx:atemp>13.3</gpxtpx:atemp></gpxtpx:TrackPointExtension></extensions></trkpt>
      <trkpt lat="42.6963067" lon="-71.9044767"><ele>385.8</ele><time>2025-11-22T16:39:18.000Z</time><extensions><gpxtpx:TrackPointExtension><gpxtpx:hr>102</gpxtpx:hr><gpxtpx:cad>69</gpxtpx:cad><gpxtpx:atemp>13.4</gpxtpx:atemp></gpxtpx:TrackPointExtension></extensions></trkpt>
      <trkpt lat="42.6962767" lon="-71.9044750"><ele>385.6</ele><time>2025-11-22T16:39:19.000Z</time><extensions><gpxtpx:TrackPointExtension><gpxtpx:hr>102</gpxtpx:hr><gpxtpx:cad>69</gpxtpx:cad><gpxtpx:atemp>13.4</gpxtpx:atemp></gpxtpx:TrackPointExtension></extensions></trkpt>
      <trkpt lat="42.6962350" lon="-71.9044550"><ele>385.6</ele><time>2025-11-22T16:39:20.000Z</time><extensions><gpxtpx:TrackPointExtension><gpxtpx:hr>102</gpxtpx:hr><gpxtpx:cad>69</gpxtpx:cad><gpxtpx:atemp>13.4</gpxtpx:atemp></gpxtpx:TrackPointExtension></extensions></trkpt>
      <trkpt lat="42.6961917" lon="-71.9044133"><ele>385.4</ele><time>2025-11-22T16:39:21.000Z</time><extensions><gpxtpx:TrackPointExtension><gpxtpx:hr>99</gpxtpx:hr><gpxtpx:cad>66</gpxtpx:cad><gpxtpx:atemp>13.4</gpxtpx:atemp></gpxtpx:TrackPointExtension></extensions></trkpt>
      <trkpt lat="42.6961383" lon="-71.9043433"><ele>385.4</ele><time>2025-11-22T16:39:22.000Z</time><extensions><gpxtpx:TrackPointExtension><gpxtpx:hr>97</gpxtpx:hr><gpxtpx:cad>66</gpxtpx:cad><gpxtpx:atemp>13.5</gpxtpx:atemp></gpxtpx:TrackPointExtension></extensions></trkpt>
      <trkpt lat="42.6960733" lon="-71.9042400"><ele>385.2</ele><time>2025-11-22T16:39:23.000Z</time><extensions><gpxtpx:TrackPointExtension><gpxtpx:hr>95</gpxtpx:hr><gpxtpx:cad>0</gpxtpx:cad><gpxtpx:atemp>13.5</gpxtpx:atemp></gpxtpx:TrackPointExtension></extensions></trkpt>
      <trkpt lat="42.6960000" lon="-71.9041050"><ele>385.2</ele><time>2025-11-22T16:39:24.000Z</time><extensions><gpxtpx:TrackPointExtension><gpxtpx:hr>94</gpxtpx:hr><gpxtpx:cad>0</gpxtpx:cad><gpxtpx:atemp>13.5</gpxtpx:atemp></gpxtpx:TrackPointExtension></extensions></trkpt>
      <trkpt lat="42.6959183" lon="-71.9039517"><ele>385.2</ele><time>2025-11-22T16:39:25.000Z</time><extensions><gpxtpx:TrackPointExtension><gpxtpx:hr>94</gpxtpx:hr><gpxtpx:cad>0</gpxtpx:cad><gpxtpx:atemp>13.5</gpxtpx:atemp></gpxtpx:TrackPointExtension></extensions></trkpt>
      <trkpt lat="42.6958233" lon="-71.9037800"><ele>385.2</ele><time>2025-11-22T16:39:26.000Z</time><extensions><gpxtpx:TrackPointExtension><gpxtpx:hr>94</gpxtpx:hr><gpxtpx:cad>0</gpxtpx:cad><gpxtpx:atemp>13.5</gpxtpx:atemp></gpxtpx:TrackPointExtension></extensions></trkpt>
      <trkpt lat="42.6957183" lon="-71.9035850"><ele>385.2</ele><time>2025-11-22T16:39:27.000Z</time><extensions><gpxtpx:TrackPointExtension><gpxtpx:hr>95</gpxtpx:hr><gpxtpx:cad>0</gpxtpx:cad><gpxtpx:atemp>13.5</gpxtpx:atemp></gpxtpx:TrackPointExtension></extensions></trkpt>
      <trkpt lat="42.6955933" lon="-71.9033617"><ele>385.0</ele><time>2025-11-22T16:39:28.000Z</time><extensions><gpxtpx:TrackPointExtension><gpxtpx:hr>97</gpxtpx:hr><gpxtpx:cad>63</gpxtpx:cad><gpxtpx:atemp>13.6</gpxtpx:atemp></gpxtpx:TrackPointExtension></extensions></trkpt>
    </trkseg>
  </trk>
</gpx>
